subject_code,subject_name,unit_no,unit_title,learning_objectives,worksheet_title,worksheet_tasks,slide_01,slide_02,slide_03,slide_04,slide_05,slide_06,slide_07,slide_08,slide_09,slide_10,slide_11,slide_12,slide_13,slide_14,slide_15,slide_16,slide_17,slide_18,slide_19,slide_20
21910-2018,คอมพิวเตอร์และการบำรุงรักษา,1,องค์ประกอบและสถาปัตยกรรมคอมพิวเตอร์,1) อธิบาย องค์ประกอบและสถาปัตยกรรมคอมพิวเตอร์ ได้ 2) วิเคราะห์/เลือกวิธีที่เหมาะสมได้ 3) ปฏิบัติงานหรือสร้างชิ้นงานเกี่ยวกับ องค์ประกอบและสถาปัตยกรรมคอมพิวเตอร์ ได้ 4) ตรวจสอบและสะท้อนผลการทำงานได้,ใบงานหน่วยที่ 1: องค์ประกอบและสถาปัตยกรรมคอมพิวเตอร์,ภารกิจ 1 อธิบายแนวคิดหลักของ องค์ประกอบและสถาปัตยกรรมคอมพิวเตอร์; ภารกิจ 2 วิเคราะห์ตัวอย่าง; ภารกิจ 3 ลงมือปฏิบัติ/สร้างชิ้นงาน; ภารกิจ 4 ตรวจข้อผิดพลาด; ภารกิจ 5 สรุปสิ่งที่เรียนรู้และแนบหลักฐาน,ชื่อหน่วยและภาพรวม: อธิบายภาพรวมของ องค์ประกอบและสถาปัตยกรรมคอมพิวเตอร์ และความเชื่อมโยงกับรายวิชา คอมพิวเตอร์และการบำรุงรักษา,ผลลัพธ์การเรียนรู้: ผู้เรียนอธิบายหลักการ วิเคราะห์ตัวอย่าง และปฏิบัติงานเกี่ยวกับ องค์ประกอบและสถาปัตยกรรมคอมพิวเตอร์ ได้ตามเกณฑ์,ความรู้เดิมที่ต้องใช้: ทบทวนความรู้พื้นฐานที่จำเป็นก่อนเรียน องค์ประกอบและสถาปัตยกรรมคอมพิวเตอร์ พร้อมคำถามตรวจความพร้อม,คำศัพท์สำคัญ: รวบรวมคำศัพท์หลักของ องค์ประกอบและสถาปัตยกรรมคอมพิวเตอร์ พร้อมความหมายและการใช้งานจริง,ความหมายและขอบเขต: นิยาม องค์ประกอบและสถาปัตยกรรมคอมพิวเตอร์ ขอบเขตงาน และสิ่งที่อยู่/ไม่อยู่ในขอบเขต,หลักการสำคัญ: แจกแจงหลักการสำคัญของ องค์ประกอบและสถาปัตยกรรมคอมพิวเตอร์ เป็นข้อ ๆ พร้อมเหตุผล,องค์ประกอบ/โครงสร้าง: แสดงองค์ประกอบหลัก ความสัมพันธ์ และลำดับการทำงานของ องค์ประกอบและสถาปัตยกรรมคอมพิวเตอร์,ขั้นตอนการทำงาน 1: เริ่มต้นงาน องค์ประกอบและสถาปัตยกรรมคอมพิวเตอร์: การเตรียมข้อมูล เครื่องมือ และเงื่อนไขก่อนทำ,ขั้นตอนการทำงาน 2: ขั้นดำเนินงานหลักของ องค์ประกอบและสถาปัตยกรรมคอมพิวเตอร์ พร้อมจุดตรวจสอบระหว่างทาง,ขั้นตอนการทำงาน 3: ขั้นตรวจผล บันทึกผล และส่งมอบงานของ องค์ประกอบและสถาปัตยกรรมคอมพิวเตอร์,ตัวอย่างที่ถูกต้อง: ตัวอย่างการประยุกต์ องค์ประกอบและสถาปัตยกรรมคอมพิวเตอร์ ที่ถูกต้อง พร้อมอธิบายเหตุผลทีละส่วน,ตัวอย่างที่ผิดและเหตุผล: ตัวอย่างข้อผิดพลาดของ องค์ประกอบและสถาปัตยกรรมคอมพิวเตอร์ วิเคราะห์สาเหตุและผลกระทบ,สาธิต/กรณีตัวอย่าง: กรณีศึกษาจากสถานการณ์จริงหรือจำลองเกี่ยวกับ องค์ประกอบและสถาปัตยกรรมคอมพิวเตอร์,ข้อผิดพลาดที่พบบ่อย: รวบรวม Common Mistake ของ องค์ประกอบและสถาปัตยกรรมคอมพิวเตอร์ และสัญญาณที่ใช้สังเกต,แนวทางแก้ปัญหา: Troubleshooting แบบเป็นลำดับสำหรับปัญหาที่เกิดระหว่างทำ องค์ประกอบและสถาปัตยกรรมคอมพิวเตอร์,ความปลอดภัย/จริยธรรม: ข้อควรระวัง ความปลอดภัย กฎหมาย หรือจริยธรรมที่เกี่ยวข้องกับ องค์ประกอบและสถาปัตยกรรมคอมพิวเตอร์,ภารกิจฝึกปฏิบัติ: กิจกรรมลงมือทำเกี่ยวกับ องค์ประกอบและสถาปัตยกรรมคอมพิวเตอร์ ให้ผู้เรียนสร้างหลักฐานผลงาน,ใบงานประจำหน่วย: อธิบายใบงานของหน่วย องค์ประกอบและสถาปัตยกรรมคอมพิวเตอร์: เป้าหมาย งานที่ต้องส่ง รูปแบบ และกำหนดตรวจ,เกณฑ์ประเมินและสรุป: Rubric ประเมินความถูกต้อง กระบวนการ คุณภาพงาน และสรุป Key Takeaway ของ องค์ประกอบและสถาปัตยกรรมคอมพิวเตอร์,คำถามทบทวนและคิดวิเคราะห์: คำถามทบทวน 3–5 ข้อและคำถามคิดวิเคราะห์ที่เชื่อม องค์ประกอบและสถาปัตยกรรมคอมพิวเตอร์ กับสถานการณ์จริง
21910-2018,คอมพิวเตอร์และการบำรุงรักษา,2,อุปกรณ์รับเข้าและส่งออก,1) อธิบาย อุปกรณ์รับเข้าและส่งออก ได้ 2) วิเคราะห์/เลือกวิธีที่เหมาะสมได้ 3) ปฏิบัติงานหรือสร้างชิ้นงานเกี่ยวกับ อุปกรณ์รับเข้าและส่งออก ได้ 4) ตรวจสอบและสะท้อนผลการทำงานได้,ใบงานหน่วยที่ 2: อุปกรณ์รับเข้าและส่งออก,ภารกิจ 1 อธิบายแนวคิดหลักของ อุปกรณ์รับเข้าและส่งออก; ภารกิจ 2 วิเคราะห์ตัวอย่าง; ภารกิจ 3 ลงมือปฏิบัติ/สร้างชิ้นงาน; ภารกิจ 4 ตรวจข้อผิดพลาด; ภารกิจ 5 สรุปสิ่งที่เรียนรู้และแนบหลักฐาน,ชื่อหน่วยและภาพรวม: อธิบายภาพรวมของ อุปกรณ์รับเข้าและส่งออก และความเชื่อมโยงกับรายวิชา คอมพิวเตอร์และการบำรุงรักษา,ผลลัพธ์การเรียนรู้: ผู้เรียนอธิบายหลักการ วิเคราะห์ตัวอย่าง และปฏิบัติงานเกี่ยวกับ อุปกรณ์รับเข้าและส่งออก ได้ตามเกณฑ์,ความรู้เดิมที่ต้องใช้: ทบทวนความรู้พื้นฐานที่จำเป็นก่อนเรียน อุปกรณ์รับเข้าและส่งออก พร้อมคำถามตรวจความพร้อม,คำศัพท์สำคัญ: รวบรวมคำศัพท์หลักของ อุปกรณ์รับเข้าและส่งออก พร้อมความหมายและการใช้งานจริง,ความหมายและขอบเขต: นิยาม อุปกรณ์รับเข้าและส่งออก ขอบเขตงาน และสิ่งที่อยู่/ไม่อยู่ในขอบเขต,หลักการสำคัญ: แจกแจงหลักการสำคัญของ อุปกรณ์รับเข้าและส่งออก เป็นข้อ ๆ พร้อมเหตุผล,องค์ประกอบ/โครงสร้าง: แสดงองค์ประกอบหลัก ความสัมพันธ์ และลำดับการทำงานของ อุปกรณ์รับเข้าและส่งออก,ขั้นตอนการทำงาน 1: เริ่มต้นงาน อุปกรณ์รับเข้าและส่งออก: การเตรียมข้อมูล เครื่องมือ และเงื่อนไขก่อนทำ,ขั้นตอนการทำงาน 2: ขั้นดำเนินงานหลักของ อุปกรณ์รับเข้าและส่งออก พร้อมจุดตรวจสอบระหว่างทาง,ขั้นตอนการทำงาน 3: ขั้นตรวจผล บันทึกผล และส่งมอบงานของ อุปกรณ์รับเข้าและส่งออก,ตัวอย่างที่ถูกต้อง: ตัวอย่างการประยุกต์ อุปกรณ์รับเข้าและส่งออก ที่ถูกต้อง พร้อมอธิบายเหตุผลทีละส่วน,ตัวอย่างที่ผิดและเหตุผล: ตัวอย่างข้อผิดพลาดของ อุปกรณ์รับเข้าและส่งออก วิเคราะห์สาเหตุและผลกระทบ,สาธิต/กรณีตัวอย่าง: กรณีศึกษาจากสถานการณ์จริงหรือจำลองเกี่ยวกับ อุปกรณ์รับเข้าและส่งออก,ข้อผิดพลาดที่พบบ่อย: รวบรวม Common Mistake ของ อุปกรณ์รับเข้าและส่งออก และสัญญาณที่ใช้สังเกต,แนวทางแก้ปัญหา: Troubleshooting แบบเป็นลำดับสำหรับปัญหาที่เกิดระหว่างทำ อุปกรณ์รับเข้าและส่งออก,ความปลอดภัย/จริยธรรม: ข้อควรระวัง ความปลอดภัย กฎหมาย หรือจริยธรรมที่เกี่ยวข้องกับ อุปกรณ์รับเข้าและส่งออก,ภารกิจฝึกปฏิบัติ: กิจกรรมลงมือทำเกี่ยวกับ อุปกรณ์รับเข้าและส่งออก ให้ผู้เรียนสร้างหลักฐานผลงาน,ใบงานประจำหน่วย: อธิบายใบงานของหน่วย อุปกรณ์รับเข้าและส่งออก: เป้าหมาย งานที่ต้องส่ง รูปแบบ และกำหนดตรวจ,เกณฑ์ประเมินและสรุป: Rubric ประเมินความถูกต้อง กระบวนการ คุณภาพงาน และสรุป Key Takeaway ของ อุปกรณ์รับเข้าและส่งออก,คำถามทบทวนและคิดวิเคราะห์: คำถามทบทวน 3–5 ข้อและคำถามคิดวิเคราะห์ที่เชื่อม อุปกรณ์รับเข้าและส่งออก กับสถานการณ์จริง
21910-2018,คอมพิวเตอร์และการบำรุงรักษา,3,หน่วยประมวลผลและหน่วยความจำ,1) อธิบาย หน่วยประมวลผลและหน่วยความจำ ได้ 2) วิเคราะห์/เลือกวิธีที่เหมาะสมได้ 3) ปฏิบัติงานหรือสร้างชิ้นงานเกี่ยวกับ หน่วยประมวลผลและหน่วยความจำ ได้ 4) ตรวจสอบและสะท้อนผลการทำงานได้,ใบงานหน่วยที่ 3: หน่วยประมวลผลและหน่วยความจำ,ภารกิจ 1 อธิบายแนวคิดหลักของ หน่วยประมวลผลและหน่วยความจำ; ภารกิจ 2 วิเคราะห์ตัวอย่าง; ภารกิจ 3 ลงมือปฏิบัติ/สร้างชิ้นงาน; ภารกิจ 4 ตรวจข้อผิดพลาด; ภารกิจ 5 สรุปสิ่งที่เรียนรู้และแนบหลักฐาน,ชื่อหน่วยและภาพรวม: อธิบายภาพรวมของ หน่วยประมวลผลและหน่วยความจำ และความเชื่อมโยงกับรายวิชา คอมพิวเตอร์และการบำรุงรักษา,ผลลัพธ์การเรียนรู้: ผู้เรียนอธิบายหลักการ วิเคราะห์ตัวอย่าง และปฏิบัติงานเกี่ยวกับ หน่วยประมวลผลและหน่วยความจำ ได้ตามเกณฑ์,ความรู้เดิมที่ต้องใช้: ทบทวนความรู้พื้นฐานที่จำเป็นก่อนเรียน หน่วยประมวลผลและหน่วยความจำ พร้อมคำถามตรวจความพร้อม,คำศัพท์สำคัญ: รวบรวมคำศัพท์หลักของ หน่วยประมวลผลและหน่วยความจำ พร้อมความหมายและการใช้งานจริง,ความหมายและขอบเขต: นิยาม หน่วยประมวลผลและหน่วยความจำ ขอบเขตงาน และสิ่งที่อยู่/ไม่อยู่ในขอบเขต,หลักการสำคัญ: แจกแจงหลักการสำคัญของ หน่วยประมวลผลและหน่วยความจำ เป็นข้อ ๆ พร้อมเหตุผล,องค์ประกอบ/โครงสร้าง: แสดงองค์ประกอบหลัก ความสัมพันธ์ และลำดับการทำงานของ หน่วยประมวลผลและหน่วยความจำ,ขั้นตอนการทำงาน 1: เริ่มต้นงาน หน่วยประมวลผลและหน่วยความจำ: การเตรียมข้อมูล เครื่องมือ และเงื่อนไขก่อนทำ,ขั้นตอนการทำงาน 2: ขั้นดำเนินงานหลักของ หน่วยประมวลผลและหน่วยความจำ พร้อมจุดตรวจสอบระหว่างทาง,ขั้นตอนการทำงาน 3: ขั้นตรวจผล บันทึกผล และส่งมอบงานของ หน่วยประมวลผลและหน่วยความจำ,ตัวอย่างที่ถูกต้อง: ตัวอย่างการประยุกต์ หน่วยประมวลผลและหน่วยความจำ ที่ถูกต้อง พร้อมอธิบายเหตุผลทีละส่วน,ตัวอย่างที่ผิดและเหตุผล: ตัวอย่างข้อผิดพลาดของ หน่วยประมวลผลและหน่วยความจำ วิเคราะห์สาเหตุและผลกระทบ,สาธิต/กรณีตัวอย่าง: กรณีศึกษาจากสถานการณ์จริงหรือจำลองเกี่ยวกับ หน่วยประมวลผลและหน่วยความจำ,ข้อผิดพลาดที่พบบ่อย: รวบรวม Common Mistake ของ หน่วยประมวลผลและหน่วยความจำ และสัญญาณที่ใช้สังเกต,แนวทางแก้ปัญหา: Troubleshooting แบบเป็นลำดับสำหรับปัญหาที่เกิดระหว่างทำ หน่วยประมวลผลและหน่วยความจำ,ความปลอดภัย/จริยธรรม: ข้อควรระวัง ความปลอดภัย กฎหมาย หรือจริยธรรมที่เกี่ยวข้องกับ หน่วยประมวลผลและหน่วยความจำ,ภารกิจฝึกปฏิบัติ: กิจกรรมลงมือทำเกี่ยวกับ หน่วยประมวลผลและหน่วยความจำ ให้ผู้เรียนสร้างหลักฐานผลงาน,ใบงานประจำหน่วย: อธิบายใบงานของหน่วย หน่วยประมวลผลและหน่วยความจำ: เป้าหมาย งานที่ต้องส่ง รูปแบบ และกำหนดตรวจ,เกณฑ์ประเมินและสรุป: Rubric ประเมินความถูกต้อง กระบวนการ คุณภาพงาน และสรุป Key Takeaway ของ หน่วยประมวลผลและหน่วยความจำ,คำถามทบทวนและคิดวิเคราะห์: คำถามทบทวน 3–5 ข้อและคำถามคิดวิเคราะห์ที่เชื่อม หน่วยประมวลผลและหน่วยความจำ กับสถานการณ์จริง
21910-2018,คอมพิวเตอร์และการบำรุงรักษา,4,เมนบอร์ด ชิปเซต และบัส,1) อธิบาย เมนบอร์ด ชิปเซต และบัส ได้ 2) วิเคราะห์/เลือกวิธีที่เหมาะสมได้ 3) ปฏิบัติงานหรือสร้างชิ้นงานเกี่ยวกับ เมนบอร์ด ชิปเซต และบัส ได้ 4) ตรวจสอบและสะท้อนผลการทำงานได้,ใบงานหน่วยที่ 4: เมนบอร์ด ชิปเซต และบัส,ภารกิจ 1 อธิบายแนวคิดหลักของ เมนบอร์ด ชิปเซต และบัส; ภารกิจ 2 วิเคราะห์ตัวอย่าง; ภารกิจ 3 ลงมือปฏิบัติ/สร้างชิ้นงาน; ภารกิจ 4 ตรวจข้อผิดพลาด; ภารกิจ 5 สรุปสิ่งที่เรียนรู้และแนบหลักฐาน,ชื่อหน่วยและภาพรวม: อธิบายภาพรวมของ เมนบอร์ด ชิปเซต และบัส และความเชื่อมโยงกับรายวิชา คอมพิวเตอร์และการบำรุงรักษา,ผลลัพธ์การเรียนรู้: ผู้เรียนอธิบายหลักการ วิเคราะห์ตัวอย่าง และปฏิบัติงานเกี่ยวกับ เมนบอร์ด ชิปเซต และบัส ได้ตามเกณฑ์,ความรู้เดิมที่ต้องใช้: ทบทวนความรู้พื้นฐานที่จำเป็นก่อนเรียน เมนบอร์ด ชิปเซต และบัส พร้อมคำถามตรวจความพร้อม,คำศัพท์สำคัญ: รวบรวมคำศัพท์หลักของ เมนบอร์ด ชิปเซต และบัส พร้อมความหมายและการใช้งานจริง,ความหมายและขอบเขต: นิยาม เมนบอร์ด ชิปเซต และบัส ขอบเขตงาน และสิ่งที่อยู่/ไม่อยู่ในขอบเขต,หลักการสำคัญ: แจกแจงหลักการสำคัญของ เมนบอร์ด ชิปเซต และบัส เป็นข้อ ๆ พร้อมเหตุผล,องค์ประกอบ/โครงสร้าง: แสดงองค์ประกอบหลัก ความสัมพันธ์ และลำดับการทำงานของ เมนบอร์ด ชิปเซต และบัส,ขั้นตอนการทำงาน 1: เริ่มต้นงาน เมนบอร์ด ชิปเซต และบัส: การเตรียมข้อมูล เครื่องมือ และเงื่อนไขก่อนทำ,ขั้นตอนการทำงาน 2: ขั้นดำเนินงานหลักของ เมนบอร์ด ชิปเซต และบัส พร้อมจุดตรวจสอบระหว่างทาง,ขั้นตอนการทำงาน 3: ขั้นตรวจผล บันทึกผล และส่งมอบงานของ เมนบอร์ด ชิปเซต และบัส,ตัวอย่างที่ถูกต้อง: ตัวอย่างการประยุกต์ เมนบอร์ด ชิปเซต และบัส ที่ถูกต้อง พร้อมอธิบายเหตุผลทีละส่วน,ตัวอย่างที่ผิดและเหตุผล: ตัวอย่างข้อผิดพลาดของ เมนบอร์ด ชิปเซต และบัส วิเคราะห์สาเหตุและผลกระทบ,สาธิต/กรณีตัวอย่าง: กรณีศึกษาจากสถานการณ์จริงหรือจำลองเกี่ยวกับ เมนบอร์ด ชิปเซต และบัส,ข้อผิดพลาดที่พบบ่อย: รวบรวม Common Mistake ของ เมนบอร์ด ชิปเซต และบัส และสัญญาณที่ใช้สังเกต,แนวทางแก้ปัญหา: Troubleshooting แบบเป็นลำดับสำหรับปัญหาที่เกิดระหว่างทำ เมนบอร์ด ชิปเซต และบัส,ความปลอดภัย/จริยธรรม: ข้อควรระวัง ความปลอดภัย กฎหมาย หรือจริยธรรมที่เกี่ยวข้องกับ เมนบอร์ด ชิปเซต และบัส,ภารกิจฝึกปฏิบัติ: กิจกรรมลงมือทำเกี่ยวกับ เมนบอร์ด ชิปเซต และบัส ให้ผู้เรียนสร้างหลักฐานผลงาน,ใบงานประจำหน่วย: อธิบายใบงานของหน่วย เมนบอร์ด ชิปเซต และบัส: เป้าหมาย งานที่ต้องส่ง รูปแบบ และกำหนดตรวจ,เกณฑ์ประเมินและสรุป: Rubric ประเมินความถูกต้อง กระบวนการ คุณภาพงาน และสรุป Key Takeaway ของ เมนบอร์ด ชิปเซต และบัส,คำถามทบทวนและคิดวิเคราะห์: คำถามทบทวน 3–5 ข้อและคำถามคิดวิเคราะห์ที่เชื่อม เมนบอร์ด ชิปเซต และบัส กับสถานการณ์จริง
21910-2018,คอมพิวเตอร์และการบำรุงรักษา,5,อุปกรณ์จัดเก็บข้อมูล,1) อธิบาย อุปกรณ์จัดเก็บข้อมูล ได้ 2) วิเคราะห์/เลือกวิธีที่เหมาะสมได้ 3) ปฏิบัติงานหรือสร้างชิ้นงานเกี่ยวกับ อุปกรณ์จัดเก็บข้อมูล ได้ 4) ตรวจสอบและสะท้อนผลการทำงานได้,ใบงานหน่วยที่ 5: อุปกรณ์จัดเก็บข้อมูล,ภารกิจ 1 อธิบายแนวคิดหลักของ อุปกรณ์จัดเก็บข้อมูล; ภารกิจ 2 วิเคราะห์ตัวอย่าง; ภารกิจ 3 ลงมือปฏิบัติ/สร้างชิ้นงาน; ภารกิจ 4 ตรวจข้อผิดพลาด; ภารกิจ 5 สรุปสิ่งที่เรียนรู้และแนบหลักฐาน,ชื่อหน่วยและภาพรวม: อธิบายภาพรวมของ อุปกรณ์จัดเก็บข้อมูล และความเชื่อมโยงกับรายวิชา คอมพิวเตอร์และการบำรุงรักษา,ผลลัพธ์การเรียนรู้: ผู้เรียนอธิบายหลักการ วิเคราะห์ตัวอย่าง และปฏิบัติงานเกี่ยวกับ อุปกรณ์จัดเก็บข้อมูล ได้ตามเกณฑ์,ความรู้เดิมที่ต้องใช้: ทบทวนความรู้พื้นฐานที่จำเป็นก่อนเรียน อุปกรณ์จัดเก็บข้อมูล พร้อมคำถามตรวจความพร้อม,คำศัพท์สำคัญ: รวบรวมคำศัพท์หลักของ อุปกรณ์จัดเก็บข้อมูล พร้อมความหมายและการใช้งานจริง,ความหมายและขอบเขต: นิยาม อุปกรณ์จัดเก็บข้อมูล ขอบเขตงาน และสิ่งที่อยู่/ไม่อยู่ในขอบเขต,หลักการสำคัญ: แจกแจงหลักการสำคัญของ อุปกรณ์จัดเก็บข้อมูล เป็นข้อ ๆ พร้อมเหตุผล,องค์ประกอบ/โครงสร้าง: แสดงองค์ประกอบหลัก ความสัมพันธ์ และลำดับการทำงานของ อุปกรณ์จัดเก็บข้อมูล,ขั้นตอนการทำงาน 1: เริ่มต้นงาน อุปกรณ์จัดเก็บข้อมูล: การเตรียมข้อมูล เครื่องมือ และเงื่อนไขก่อนทำ,ขั้นตอนการทำงาน 2: ขั้นดำเนินงานหลักของ อุปกรณ์จัดเก็บข้อมูล พร้อมจุดตรวจสอบระหว่างทาง,ขั้นตอนการทำงาน 3: ขั้นตรวจผล บันทึกผล และส่งมอบงานของ อุปกรณ์จัดเก็บข้อมูล,ตัวอย่างที่ถูกต้อง: ตัวอย่างการประยุกต์ อุปกรณ์จัดเก็บข้อมูล ที่ถูกต้อง พร้อมอธิบายเหตุผลทีละส่วน,ตัวอย่างที่ผิดและเหตุผล: ตัวอย่างข้อผิดพลาดของ อุปกรณ์จัดเก็บข้อมูล วิเคราะห์สาเหตุและผลกระทบ,สาธิต/กรณีตัวอย่าง: กรณีศึกษาจากสถานการณ์จริงหรือจำลองเกี่ยวกับ อุปกรณ์จัดเก็บข้อมูล,ข้อผิดพลาดที่พบบ่อย: รวบรวม Common Mistake ของ อุปกรณ์จัดเก็บข้อมูล และสัญญาณที่ใช้สังเกต,แนวทางแก้ปัญหา: Troubleshooting แบบเป็นลำดับสำหรับปัญหาที่เกิดระหว่างทำ อุปกรณ์จัดเก็บข้อมูล,ความปลอดภัย/จริยธรรม: ข้อควรระวัง ความปลอดภัย กฎหมาย หรือจริยธรรมที่เกี่ยวข้องกับ อุปกรณ์จัดเก็บข้อมูล,ภารกิจฝึกปฏิบัติ: กิจกรรมลงมือทำเกี่ยวกับ อุปกรณ์จัดเก็บข้อมูล ให้ผู้เรียนสร้างหลักฐานผลงาน,ใบงานประจำหน่วย: อธิบายใบงานของหน่วย อุปกรณ์จัดเก็บข้อมูล: เป้าหมาย งานที่ต้องส่ง รูปแบบ และกำหนดตรวจ,เกณฑ์ประเมินและสรุป: Rubric ประเมินความถูกต้อง กระบวนการ คุณภาพงาน และสรุป Key Takeaway ของ อุปกรณ์จัดเก็บข้อมูล,คำถามทบทวนและคิดวิเคราะห์: คำถามทบทวน 3–5 ข้อและคำถามคิดวิเคราะห์ที่เชื่อม อุปกรณ์จัดเก็บข้อมูล กับสถานการณ์จริง
21910-2018,คอมพิวเตอร์และการบำรุงรักษา,6,แหล่งจ่ายไฟและระบบไฟฟ้า,1) อธิบาย แหล่งจ่ายไฟและระบบไฟฟ้า ได้ 2) วิเคราะห์/เลือกวิธีที่เหมาะสมได้ 3) ปฏิบัติงานหรือสร้างชิ้นงานเกี่ยวกับ แหล่งจ่ายไฟและระบบไฟฟ้า ได้ 4) ตรวจสอบและสะท้อนผลการทำงานได้,ใบงานหน่วยที่ 6: แหล่งจ่ายไฟและระบบไฟฟ้า,ภารกิจ 1 อธิบายแนวคิดหลักของ แหล่งจ่ายไฟและระบบไฟฟ้า; ภารกิจ 2 วิเคราะห์ตัวอย่าง; ภารกิจ 3 ลงมือปฏิบัติ/สร้างชิ้นงาน; ภารกิจ 4 ตรวจข้อผิดพลาด; ภารกิจ 5 สรุปสิ่งที่เรียนรู้และแนบหลักฐาน,ชื่อหน่วยและภาพรวม: อธิบายภาพรวมของ แหล่งจ่ายไฟและระบบไฟฟ้า และความเชื่อมโยงกับรายวิชา คอมพิวเตอร์และการบำรุงรักษา,ผลลัพธ์การเรียนรู้: ผู้เรียนอธิบายหลักการ วิเคราะห์ตัวอย่าง และปฏิบัติงานเกี่ยวกับ แหล่งจ่ายไฟและระบบไฟฟ้า ได้ตามเกณฑ์,ความรู้เดิมที่ต้องใช้: ทบทวนความรู้พื้นฐานที่จำเป็นก่อนเรียน แหล่งจ่ายไฟและระบบไฟฟ้า พร้อมคำถามตรวจความพร้อม,คำศัพท์สำคัญ: รวบรวมคำศัพท์หลักของ แหล่งจ่ายไฟและระบบไฟฟ้า พร้อมความหมายและการใช้งานจริง,ความหมายและขอบเขต: นิยาม แหล่งจ่ายไฟและระบบไฟฟ้า ขอบเขตงาน และสิ่งที่อยู่/ไม่อยู่ในขอบเขต,หลักการสำคัญ: แจกแจงหลักการสำคัญของ แหล่งจ่ายไฟและระบบไฟฟ้า เป็นข้อ ๆ พร้อมเหตุผล,องค์ประกอบ/โครงสร้าง: แสดงองค์ประกอบหลัก ความสัมพันธ์ และลำดับการทำงานของ แหล่งจ่ายไฟและระบบไฟฟ้า,ขั้นตอนการทำงาน 1: เริ่มต้นงาน แหล่งจ่ายไฟและระบบไฟฟ้า: การเตรียมข้อมูล เครื่องมือ และเงื่อนไขก่อนทำ,ขั้นตอนการทำงาน 2: ขั้นดำเนินงานหลักของ แหล่งจ่ายไฟและระบบไฟฟ้า พร้อมจุดตรวจสอบระหว่างทาง,ขั้นตอนการทำงาน 3: ขั้นตรวจผล บันทึกผล และส่งมอบงานของ แหล่งจ่ายไฟและระบบไฟฟ้า,ตัวอย่างที่ถูกต้อง: ตัวอย่างการประยุกต์ แหล่งจ่ายไฟและระบบไฟฟ้า ที่ถูกต้อง พร้อมอธิบายเหตุผลทีละส่วน,ตัวอย่างที่ผิดและเหตุผล: ตัวอย่างข้อผิดพลาดของ แหล่งจ่ายไฟและระบบไฟฟ้า วิเคราะห์สาเหตุและผลกระทบ,สาธิต/กรณีตัวอย่าง: กรณีศึกษาจากสถานการณ์จริงหรือจำลองเกี่ยวกับ แหล่งจ่ายไฟและระบบไฟฟ้า,ข้อผิดพลาดที่พบบ่อย: รวบรวม Common Mistake ของ แหล่งจ่ายไฟและระบบไฟฟ้า และสัญญาณที่ใช้สังเกต,แนวทางแก้ปัญหา: Troubleshooting แบบเป็นลำดับสำหรับปัญหาที่เกิดระหว่างทำ แหล่งจ่ายไฟและระบบไฟฟ้า,ความปลอดภัย/จริยธรรม: ข้อควรระวัง ความปลอดภัย กฎหมาย หรือจริยธรรมที่เกี่ยวข้องกับ แหล่งจ่ายไฟและระบบไฟฟ้า,ภารกิจฝึกปฏิบัติ: กิจกรรมลงมือทำเกี่ยวกับ แหล่งจ่ายไฟและระบบไฟฟ้า ให้ผู้เรียนสร้างหลักฐานผลงาน,ใบงานประจำหน่วย: อธิบายใบงานของหน่วย แหล่งจ่ายไฟและระบบไฟฟ้า: เป้าหมาย งานที่ต้องส่ง รูปแบบ และกำหนดตรวจ,เกณฑ์ประเมินและสรุป: Rubric ประเมินความถูกต้อง กระบวนการ คุณภาพงาน และสรุป Key Takeaway ของ แหล่งจ่ายไฟและระบบไฟฟ้า,คำถามทบทวนและคิดวิเคราะห์: คำถามทบทวน 3–5 ข้อและคำถามคิดวิเคราะห์ที่เชื่อม แหล่งจ่ายไฟและระบบไฟฟ้า กับสถานการณ์จริง
21910-2018,คอมพิวเตอร์และการบำรุงรักษา,7,การประกอบเครื่องคอมพิวเตอร์,1) อธิบาย การประกอบเครื่องคอมพิวเตอร์ ได้ 2) วิเคราะห์/เลือกวิธีที่เหมาะสมได้ 3) ปฏิบัติงานหรือสร้างชิ้นงานเกี่ยวกับ การประกอบเครื่องคอมพิวเตอร์ ได้ 4) ตรวจสอบและสะท้อนผลการทำงานได้,ใบงานหน่วยที่ 7: การประกอบเครื่องคอมพิวเตอร์,ภารกิจ 1 อธิบายแนวคิดหลักของ การประกอบเครื่องคอมพิวเตอร์; ภารกิจ 2 วิเคราะห์ตัวอย่าง; ภารกิจ 3 ลงมือปฏิบัติ/สร้างชิ้นงาน; ภารกิจ 4 ตรวจข้อผิดพลาด; ภารกิจ 5 สรุปสิ่งที่เรียนรู้และแนบหลักฐาน,ชื่อหน่วยและภาพรวม: อธิบายภาพรวมของ การประกอบเครื่องคอมพิวเตอร์ และความเชื่อมโยงกับรายวิชา คอมพิวเตอร์และการบำรุงรักษา,ผลลัพธ์การเรียนรู้: ผู้เรียนอธิบายหลักการ วิเคราะห์ตัวอย่าง และปฏิบัติงานเกี่ยวกับ การประกอบเครื่องคอมพิวเตอร์ ได้ตามเกณฑ์,ความรู้เดิมที่ต้องใช้: ทบทวนความรู้พื้นฐานที่จำเป็นก่อนเรียน การประกอบเครื่องคอมพิวเตอร์ พร้อมคำถามตรวจความพร้อม,คำศัพท์สำคัญ: รวบรวมคำศัพท์หลักของ การประกอบเครื่องคอมพิวเตอร์ พร้อมความหมายและการใช้งานจริง,ความหมายและขอบเขต: นิยาม การประกอบเครื่องคอมพิวเตอร์ ขอบเขตงาน และสิ่งที่อยู่/ไม่อยู่ในขอบเขต,หลักการสำคัญ: แจกแจงหลักการสำคัญของ การประกอบเครื่องคอมพิวเตอร์ เป็นข้อ ๆ พร้อมเหตุผล,องค์ประกอบ/โครงสร้าง: แสดงองค์ประกอบหลัก ความสัมพันธ์ และลำดับการทำงานของ การประกอบเครื่องคอมพิวเตอร์,ขั้นตอนการทำงาน 1: เริ่มต้นงาน การประกอบเครื่องคอมพิวเตอร์: การเตรียมข้อมูล เครื่องมือ และเงื่อนไขก่อนทำ,ขั้นตอนการทำงาน 2: ขั้นดำเนินงานหลักของ การประกอบเครื่องคอมพิวเตอร์ พร้อมจุดตรวจสอบระหว่างทาง,ขั้นตอนการทำงาน 3: ขั้นตรวจผล บันทึกผล และส่งมอบงานของ การประกอบเครื่องคอมพิวเตอร์,ตัวอย่างที่ถูกต้อง: ตัวอย่างการประยุกต์ การประกอบเครื่องคอมพิวเตอร์ ที่ถูกต้อง พร้อมอธิบายเหตุผลทีละส่วน,ตัวอย่างที่ผิดและเหตุผล: ตัวอย่างข้อผิดพลาดของ การประกอบเครื่องคอมพิวเตอร์ วิเคราะห์สาเหตุและผลกระทบ,สาธิต/กรณีตัวอย่าง: กรณีศึกษาจากสถานการณ์จริงหรือจำลองเกี่ยวกับ การประกอบเครื่องคอมพิวเตอร์,ข้อผิดพลาดที่พบบ่อย: รวบรวม Common Mistake ของ การประกอบเครื่องคอมพิวเตอร์ และสัญญาณที่ใช้สังเกต,แนวทางแก้ปัญหา: Troubleshooting แบบเป็นลำดับสำหรับปัญหาที่เกิดระหว่างทำ การประกอบเครื่องคอมพิวเตอร์,ความปลอดภัย/จริยธรรม: ข้อควรระวัง ความปลอดภัย กฎหมาย หรือจริยธรรมที่เกี่ยวข้องกับ การประกอบเครื่องคอมพิวเตอร์,ภารกิจฝึกปฏิบัติ: กิจกรรมลงมือทำเกี่ยวกับ การประกอบเครื่องคอมพิวเตอร์ ให้ผู้เรียนสร้างหลักฐานผลงาน,ใบงานประจำหน่วย: อธิบายใบงานของหน่วย การประกอบเครื่องคอมพิวเตอร์: เป้าหมาย งานที่ต้องส่ง รูปแบบ และกำหนดตรวจ,เกณฑ์ประเมินและสรุป: Rubric ประเมินความถูกต้อง กระบวนการ คุณภาพงาน และสรุป Key Takeaway ของ การประกอบเครื่องคอมพิวเตอร์,คำถามทบทวนและคิดวิเคราะห์: คำถามทบทวน 3–5 ข้อและคำถามคิดวิเคราะห์ที่เชื่อม การประกอบเครื่องคอมพิวเตอร์ กับสถานการณ์จริง
21910-2018,คอมพิวเตอร์และการบำรุงรักษา,8,BIOS/UEFI และการตั้งค่าระบบ,1) อธิบาย BIOS/UEFI และการตั้งค่าระบบ ได้ 2) วิเคราะห์/เลือกวิธีที่เหมาะสมได้ 3) ปฏิบัติงานหรือสร้างชิ้นงานเกี่ยวกับ BIOS/UEFI และการตั้งค่าระบบ ได้ 4) ตรวจสอบและสะท้อนผลการทำงานได้,ใบงานหน่วยที่ 8: BIOS/UEFI และการตั้งค่าระบบ,ภารกิจ 1 อธิบายแนวคิดหลักของ BIOS/UEFI และการตั้งค่าระบบ; ภารกิจ 2 วิเคราะห์ตัวอย่าง; ภารกิจ 3 ลงมือปฏิบัติ/สร้างชิ้นงาน; ภารกิจ 4 ตรวจข้อผิดพลาด; ภารกิจ 5 สรุปสิ่งที่เรียนรู้และแนบหลักฐาน,ชื่อหน่วยและภาพรวม: อธิบายภาพรวมของ BIOS/UEFI และการตั้งค่าระบบ และความเชื่อมโยงกับรายวิชา คอมพิวเตอร์และการบำรุงรักษา,ผลลัพธ์การเรียนรู้: ผู้เรียนอธิบายหลักการ วิเคราะห์ตัวอย่าง และปฏิบัติงานเกี่ยวกับ BIOS/UEFI และการตั้งค่าระบบ ได้ตามเกณฑ์,ความรู้เดิมที่ต้องใช้: ทบทวนความรู้พื้นฐานที่จำเป็นก่อนเรียน BIOS/UEFI และการตั้งค่าระบบ พร้อมคำถามตรวจความพร้อม,คำศัพท์สำคัญ: รวบรวมคำศัพท์หลักของ BIOS/UEFI และการตั้งค่าระบบ พร้อมความหมายและการใช้งานจริง,ความหมายและขอบเขต: นิยาม BIOS/UEFI และการตั้งค่าระบบ ขอบเขตงาน และสิ่งที่อยู่/ไม่อยู่ในขอบเขต,หลักการสำคัญ: แจกแจงหลักการสำคัญของ BIOS/UEFI และการตั้งค่าระบบ เป็นข้อ ๆ พร้อมเหตุผล,องค์ประกอบ/โครงสร้าง: แสดงองค์ประกอบหลัก ความสัมพันธ์ และลำดับการทำงานของ BIOS/UEFI และการตั้งค่าระบบ,ขั้นตอนการทำงาน 1: เริ่มต้นงาน BIOS/UEFI และการตั้งค่าระบบ: การเตรียมข้อมูล เครื่องมือ และเงื่อนไขก่อนทำ,ขั้นตอนการทำงาน 2: ขั้นดำเนินงานหลักของ BIOS/UEFI และการตั้งค่าระบบ พร้อมจุดตรวจสอบระหว่างทาง,ขั้นตอนการทำงาน 3: ขั้นตรวจผล บันทึกผล และส่งมอบงานของ BIOS/UEFI และการตั้งค่าระบบ,ตัวอย่างที่ถูกต้อง: ตัวอย่างการประยุกต์ BIOS/UEFI และการตั้งค่าระบบ ที่ถูกต้อง พร้อมอธิบายเหตุผลทีละส่วน,ตัวอย่างที่ผิดและเหตุผล: ตัวอย่างข้อผิดพลาดของ BIOS/UEFI และการตั้งค่าระบบ วิเคราะห์สาเหตุและผลกระทบ,สาธิต/กรณีตัวอย่าง: กรณีศึกษาจากสถานการณ์จริงหรือจำลองเกี่ยวกับ BIOS/UEFI และการตั้งค่าระบบ,ข้อผิดพลาดที่พบบ่อย: รวบรวม Common Mistake ของ BIOS/UEFI และการตั้งค่าระบบ และสัญญาณที่ใช้สังเกต,แนวทางแก้ปัญหา: Troubleshooting แบบเป็นลำดับสำหรับปัญหาที่เกิดระหว่างทำ BIOS/UEFI และการตั้งค่าระบบ,ความปลอดภัย/จริยธรรม: ข้อควรระวัง ความปลอดภัย กฎหมาย หรือจริยธรรมที่เกี่ยวข้องกับ BIOS/UEFI และการตั้งค่าระบบ,ภารกิจฝึกปฏิบัติ: กิจกรรมลงมือทำเกี่ยวกับ BIOS/UEFI และการตั้งค่าระบบ ให้ผู้เรียนสร้างหลักฐานผลงาน,ใบงานประจำหน่วย: อธิบายใบงานของหน่วย BIOS/UEFI และการตั้งค่าระบบ: เป้าหมาย งานที่ต้องส่ง รูปแบบ และกำหนดตรวจ,เกณฑ์ประเมินและสรุป: Rubric ประเมินความถูกต้อง กระบวนการ คุณภาพงาน และสรุป Key Takeaway ของ BIOS/UEFI และการตั้งค่าระบบ,คำถามทบทวนและคิดวิเคราะห์: คำถามทบทวน 3–5 ข้อและคำถามคิดวิเคราะห์ที่เชื่อม BIOS/UEFI และการตั้งค่าระบบ กับสถานการณ์จริง
21910-2018,คอมพิวเตอร์และการบำรุงรักษา,9,การติดตั้งระบบปฏิบัติการ,1) อธิบาย การติดตั้งระบบปฏิบัติการ ได้ 2) วิเคราะห์/เลือกวิธีที่เหมาะสมได้ 3) ปฏิบัติงานหรือสร้างชิ้นงานเกี่ยวกับ การติดตั้งระบบปฏิบัติการ ได้ 4) ตรวจสอบและสะท้อนผลการทำงานได้,ใบงานหน่วยที่ 9: การติดตั้งระบบปฏิบัติการ,ภารกิจ 1 อธิบายแนวคิดหลักของ การติดตั้งระบบปฏิบัติการ; ภารกิจ 2 วิเคราะห์ตัวอย่าง; ภารกิจ 3 ลงมือปฏิบัติ/สร้างชิ้นงาน; ภารกิจ 4 ตรวจข้อผิดพลาด; ภารกิจ 5 สรุปสิ่งที่เรียนรู้และแนบหลักฐาน,ชื่อหน่วยและภาพรวม: อธิบายภาพรวมของ การติดตั้งระบบปฏิบัติการ และความเชื่อมโยงกับรายวิชา คอมพิวเตอร์และการบำรุงรักษา,ผลลัพธ์การเรียนรู้: ผู้เรียนอธิบายหลักการ วิเคราะห์ตัวอย่าง และปฏิบัติงานเกี่ยวกับ การติดตั้งระบบปฏิบัติการ ได้ตามเกณฑ์,ความรู้เดิมที่ต้องใช้: ทบทวนความรู้พื้นฐานที่จำเป็นก่อนเรียน การติดตั้งระบบปฏิบัติการ พร้อมคำถามตรวจความพร้อม,คำศัพท์สำคัญ: รวบรวมคำศัพท์หลักของ การติดตั้งระบบปฏิบัติการ พร้อมความหมายและการใช้งานจริง,ความหมายและขอบเขต: นิยาม การติดตั้งระบบปฏิบัติการ ขอบเขตงาน และสิ่งที่อยู่/ไม่อยู่ในขอบเขต,หลักการสำคัญ: แจกแจงหลักการสำคัญของ การติดตั้งระบบปฏิบัติการ เป็นข้อ ๆ พร้อมเหตุผล,องค์ประกอบ/โครงสร้าง: แสดงองค์ประกอบหลัก ความสัมพันธ์ และลำดับการทำงานของ การติดตั้งระบบปฏิบัติการ,ขั้นตอนการทำงาน 1: เริ่มต้นงาน การติดตั้งระบบปฏิบัติการ: การเตรียมข้อมูล เครื่องมือ และเงื่อนไขก่อนทำ,ขั้นตอนการทำงาน 2: ขั้นดำเนินงานหลักของ การติดตั้งระบบปฏิบัติการ พร้อมจุดตรวจสอบระหว่างทาง,ขั้นตอนการทำงาน 3: ขั้นตรวจผล บันทึกผล และส่งมอบงานของ การติดตั้งระบบปฏิบัติการ,ตัวอย่างที่ถูกต้อง: ตัวอย่างการประยุกต์ การติดตั้งระบบปฏิบัติการ ที่ถูกต้อง พร้อมอธิบายเหตุผลทีละส่วน,ตัวอย่างที่ผิดและเหตุผล: ตัวอย่างข้อผิดพลาดของ การติดตั้งระบบปฏิบัติการ วิเคราะห์สาเหตุและผลกระทบ,สาธิต/กรณีตัวอย่าง: กรณีศึกษาจากสถานการณ์จริงหรือจำลองเกี่ยวกับ การติดตั้งระบบปฏิบัติการ,ข้อผิดพลาดที่พบบ่อย: รวบรวม Common Mistake ของ การติดตั้งระบบปฏิบัติการ และสัญญาณที่ใช้สังเกต,แนวทางแก้ปัญหา: Troubleshooting แบบเป็นลำดับสำหรับปัญหาที่เกิดระหว่างทำ การติดตั้งระบบปฏิบัติการ,ความปลอดภัย/จริยธรรม: ข้อควรระวัง ความปลอดภัย กฎหมาย หรือจริยธรรมที่เกี่ยวข้องกับ การติดตั้งระบบปฏิบัติการ,ภารกิจฝึกปฏิบัติ: กิจกรรมลงมือทำเกี่ยวกับ การติดตั้งระบบปฏิบัติการ ให้ผู้เรียนสร้างหลักฐานผลงาน,ใบงานประจำหน่วย: อธิบายใบงานของหน่วย การติดตั้งระบบปฏิบัติการ: เป้าหมาย งานที่ต้องส่ง รูปแบบ และกำหนดตรวจ,เกณฑ์ประเมินและสรุป: Rubric ประเมินความถูกต้อง กระบวนการ คุณภาพงาน และสรุป Key Takeaway ของ การติดตั้งระบบปฏิบัติการ,คำถามทบทวนและคิดวิเคราะห์: คำถามทบทวน 3–5 ข้อและคำถามคิดวิเคราะห์ที่เชื่อม การติดตั้งระบบปฏิบัติการ กับสถานการณ์จริง
21910-2018,คอมพิวเตอร์และการบำรุงรักษา,10,ไดรเวอร์และซอฟต์แวร์พื้นฐาน,1) อธิบาย ไดรเวอร์และซอฟต์แวร์พื้นฐาน ได้ 2) วิเคราะห์/เลือกวิธีที่เหมาะสมได้ 3) ปฏิบัติงานหรือสร้างชิ้นงานเกี่ยวกับ ไดรเวอร์และซอฟต์แวร์พื้นฐาน ได้ 4) ตรวจสอบและสะท้อนผลการทำงานได้,ใบงานหน่วยที่ 10: ไดรเวอร์และซอฟต์แวร์พื้นฐาน,ภารกิจ 1 อธิบายแนวคิดหลักของ ไดรเวอร์และซอฟต์แวร์พื้นฐาน; ภารกิจ 2 วิเคราะห์ตัวอย่าง; ภารกิจ 3 ลงมือปฏิบัติ/สร้างชิ้นงาน; ภารกิจ 4 ตรวจข้อผิดพลาด; ภารกิจ 5 สรุปสิ่งที่เรียนรู้และแนบหลักฐาน,ชื่อหน่วยและภาพรวม: อธิบายภาพรวมของ ไดรเวอร์และซอฟต์แวร์พื้นฐาน และความเชื่อมโยงกับรายวิชา คอมพิวเตอร์และการบำรุงรักษา,ผลลัพธ์การเรียนรู้: ผู้เรียนอธิบายหลักการ วิเคราะห์ตัวอย่าง และปฏิบัติงานเกี่ยวกับ ไดรเวอร์และซอฟต์แวร์พื้นฐาน ได้ตามเกณฑ์,ความรู้เดิมที่ต้องใช้: ทบทวนความรู้พื้นฐานที่จำเป็นก่อนเรียน ไดรเวอร์และซอฟต์แวร์พื้นฐาน พร้อมคำถามตรวจความพร้อม,คำศัพท์สำคัญ: รวบรวมคำศัพท์หลักของ ไดรเวอร์และซอฟต์แวร์พื้นฐาน พร้อมความหมายและการใช้งานจริง,ความหมายและขอบเขต: นิยาม ไดรเวอร์และซอฟต์แวร์พื้นฐาน ขอบเขตงาน และสิ่งที่อยู่/ไม่อยู่ในขอบเขต,หลักการสำคัญ: แจกแจงหลักการสำคัญของ ไดรเวอร์และซอฟต์แวร์พื้นฐาน เป็นข้อ ๆ พร้อมเหตุผล,องค์ประกอบ/โครงสร้าง: แสดงองค์ประกอบหลัก ความสัมพันธ์ และลำดับการทำงานของ ไดรเวอร์และซอฟต์แวร์พื้นฐาน,ขั้นตอนการทำงาน 1: เริ่มต้นงาน ไดรเวอร์และซอฟต์แวร์พื้นฐาน: การเตรียมข้อมูล เครื่องมือ และเงื่อนไขก่อนทำ,ขั้นตอนการทำงาน 2: ขั้นดำเนินงานหลักของ ไดรเวอร์และซอฟต์แวร์พื้นฐาน พร้อมจุดตรวจสอบระหว่างทาง,ขั้นตอนการทำงาน 3: ขั้นตรวจผล บันทึกผล และส่งมอบงานของ ไดรเวอร์และซอฟต์แวร์พื้นฐาน,ตัวอย่างที่ถูกต้อง: ตัวอย่างการประยุกต์ ไดรเวอร์และซอฟต์แวร์พื้นฐาน ที่ถูกต้อง พร้อมอธิบายเหตุผลทีละส่วน,ตัวอย่างที่ผิดและเหตุผล: ตัวอย่างข้อผิดพลาดของ ไดรเวอร์และซอฟต์แวร์พื้นฐาน วิเคราะห์สาเหตุและผลกระทบ,สาธิต/กรณีตัวอย่าง: กรณีศึกษาจากสถานการณ์จริงหรือจำลองเกี่ยวกับ ไดรเวอร์และซอฟต์แวร์พื้นฐาน,ข้อผิดพลาดที่พบบ่อย: รวบรวม Common Mistake ของ ไดรเวอร์และซอฟต์แวร์พื้นฐาน และสัญญาณที่ใช้สังเกต,แนวทางแก้ปัญหา: Troubleshooting แบบเป็นลำดับสำหรับปัญหาที่เกิดระหว่างทำ ไดรเวอร์และซอฟต์แวร์พื้นฐาน,ความปลอดภัย/จริยธรรม: ข้อควรระวัง ความปลอดภัย กฎหมาย หรือจริยธรรมที่เกี่ยวข้องกับ ไดรเวอร์และซอฟต์แวร์พื้นฐาน,ภารกิจฝึกปฏิบัติ: กิจกรรมลงมือทำเกี่ยวกับ ไดรเวอร์และซอฟต์แวร์พื้นฐาน ให้ผู้เรียนสร้างหลักฐานผลงาน,ใบงานประจำหน่วย: อธิบายใบงานของหน่วย ไดรเวอร์และซอฟต์แวร์พื้นฐาน: เป้าหมาย งานที่ต้องส่ง รูปแบบ และกำหนดตรวจ,เกณฑ์ประเมินและสรุป: Rubric ประเมินความถูกต้อง กระบวนการ คุณภาพงาน และสรุป Key Takeaway ของ ไดรเวอร์และซอฟต์แวร์พื้นฐาน,คำถามทบทวนและคิดวิเคราะห์: คำถามทบทวน 3–5 ข้อและคำถามคิดวิเคราะห์ที่เชื่อม ไดรเวอร์และซอฟต์แวร์พื้นฐาน กับสถานการณ์จริง
21910-2018,คอมพิวเตอร์และการบำรุงรักษา,11,เครือข่ายพื้นฐานสำหรับงานซ่อม,1) อธิบาย เครือข่ายพื้นฐานสำหรับงานซ่อม ได้ 2) วิเคราะห์/เลือกวิธีที่เหมาะสมได้ 3) ปฏิบัติงานหรือสร้างชิ้นงานเกี่ยวกับ เครือข่ายพื้นฐานสำหรับงานซ่อม ได้ 4) ตรวจสอบและสะท้อนผลการทำงานได้,ใบงานหน่วยที่ 11: เครือข่ายพื้นฐานสำหรับงานซ่อม,ภารกิจ 1 อธิบายแนวคิดหลักของ เครือข่ายพื้นฐานสำหรับงานซ่อม; ภารกิจ 2 วิเคราะห์ตัวอย่าง; ภารกิจ 3 ลงมือปฏิบัติ/สร้างชิ้นงาน; ภารกิจ 4 ตรวจข้อผิดพลาด; ภารกิจ 5 สรุปสิ่งที่เรียนรู้และแนบหลักฐาน,ชื่อหน่วยและภาพรวม: อธิบายภาพรวมของ เครือข่ายพื้นฐานสำหรับงานซ่อม และความเชื่อมโยงกับรายวิชา คอมพิวเตอร์และการบำรุงรักษา,ผลลัพธ์การเรียนรู้: ผู้เรียนอธิบายหลักการ วิเคราะห์ตัวอย่าง และปฏิบัติงานเกี่ยวกับ เครือข่ายพื้นฐานสำหรับงานซ่อม ได้ตามเกณฑ์,ความรู้เดิมที่ต้องใช้: ทบทวนความรู้พื้นฐานที่จำเป็นก่อนเรียน เครือข่ายพื้นฐานสำหรับงานซ่อม พร้อมคำถามตรวจความพร้อม,คำศัพท์สำคัญ: รวบรวมคำศัพท์หลักของ เครือข่ายพื้นฐานสำหรับงานซ่อม พร้อมความหมายและการใช้งานจริง,ความหมายและขอบเขต: นิยาม เครือข่ายพื้นฐานสำหรับงานซ่อม ขอบเขตงาน และสิ่งที่อยู่/ไม่อยู่ในขอบเขต,หลักการสำคัญ: แจกแจงหลักการสำคัญของ เครือข่ายพื้นฐานสำหรับงานซ่อม เป็นข้อ ๆ พร้อมเหตุผล,องค์ประกอบ/โครงสร้าง: แสดงองค์ประกอบหลัก ความสัมพันธ์ และลำดับการทำงานของ เครือข่ายพื้นฐานสำหรับงานซ่อม,ขั้นตอนการทำงาน 1: เริ่มต้นงาน เครือข่ายพื้นฐานสำหรับงานซ่อม: การเตรียมข้อมูล เครื่องมือ และเงื่อนไขก่อนทำ,ขั้นตอนการทำงาน 2: ขั้นดำเนินงานหลักของ เครือข่ายพื้นฐานสำหรับงานซ่อม พร้อมจุดตรวจสอบระหว่างทาง,ขั้นตอนการทำงาน 3: ขั้นตรวจผล บันทึกผล และส่งมอบงานของ เครือข่ายพื้นฐานสำหรับงานซ่อม,ตัวอย่างที่ถูกต้อง: ตัวอย่างการประยุกต์ เครือข่ายพื้นฐานสำหรับงานซ่อม ที่ถูกต้อง พร้อมอธิบายเหตุผลทีละส่วน,ตัวอย่างที่ผิดและเหตุผล: ตัวอย่างข้อผิดพลาดของ เครือข่ายพื้นฐานสำหรับงานซ่อม วิเคราะห์สาเหตุและผลกระทบ,สาธิต/กรณีตัวอย่าง: กรณีศึกษาจากสถานการณ์จริงหรือจำลองเกี่ยวกับ เครือข่ายพื้นฐานสำหรับงานซ่อม,ข้อผิดพลาดที่พบบ่อย: รวบรวม Common Mistake ของ เครือข่ายพื้นฐานสำหรับงานซ่อม และสัญญาณที่ใช้สังเกต,แนวทางแก้ปัญหา: Troubleshooting แบบเป็นลำดับสำหรับปัญหาที่เกิดระหว่างทำ เครือข่ายพื้นฐานสำหรับงานซ่อม,ความปลอดภัย/จริยธรรม: ข้อควรระวัง ความปลอดภัย กฎหมาย หรือจริยธรรมที่เกี่ยวข้องกับ เครือข่ายพื้นฐานสำหรับงานซ่อม,ภารกิจฝึกปฏิบัติ: กิจกรรมลงมือทำเกี่ยวกับ เครือข่ายพื้นฐานสำหรับงานซ่อม ให้ผู้เรียนสร้างหลักฐานผลงาน,ใบงานประจำหน่วย: อธิบายใบงานของหน่วย เครือข่ายพื้นฐานสำหรับงานซ่อม: เป้าหมาย งานที่ต้องส่ง รูปแบบ และกำหนดตรวจ,เกณฑ์ประเมินและสรุป: Rubric ประเมินความถูกต้อง กระบวนการ คุณภาพงาน และสรุป Key Takeaway ของ เครือข่ายพื้นฐานสำหรับงานซ่อม,คำถามทบทวนและคิดวิเคราะห์: คำถามทบทวน 3–5 ข้อและคำถามคิดวิเคราะห์ที่เชื่อม เครือข่ายพื้นฐานสำหรับงานซ่อม กับสถานการณ์จริง
21910-2018,คอมพิวเตอร์และการบำรุงรักษา,12,การตรวจอาการเสียด้วยหลักการ,1) อธิบาย การตรวจอาการเสียด้วยหลักการ ได้ 2) วิเคราะห์/เลือกวิธีที่เหมาะสมได้ 3) ปฏิบัติงานหรือสร้างชิ้นงานเกี่ยวกับ การตรวจอาการเสียด้วยหลักการ ได้ 4) ตรวจสอบและสะท้อนผลการทำงานได้,ใบงานหน่วยที่ 12: การตรวจอาการเสียด้วยหลักการ,ภารกิจ 1 อธิบายแนวคิดหลักของ การตรวจอาการเสียด้วยหลักการ; ภารกิจ 2 วิเคราะห์ตัวอย่าง; ภารกิจ 3 ลงมือปฏิบัติ/สร้างชิ้นงาน; ภารกิจ 4 ตรวจข้อผิดพลาด; ภารกิจ 5 สรุปสิ่งที่เรียนรู้และแนบหลักฐาน,ชื่อหน่วยและภาพรวม: อธิบายภาพรวมของ การตรวจอาการเสียด้วยหลักการ และความเชื่อมโยงกับรายวิชา คอมพิวเตอร์และการบำรุงรักษา,ผลลัพธ์การเรียนรู้: ผู้เรียนอธิบายหลักการ วิเคราะห์ตัวอย่าง และปฏิบัติงานเกี่ยวกับ การตรวจอาการเสียด้วยหลักการ ได้ตามเกณฑ์,ความรู้เดิมที่ต้องใช้: ทบทวนความรู้พื้นฐานที่จำเป็นก่อนเรียน การตรวจอาการเสียด้วยหลักการ พร้อมคำถามตรวจความพร้อม,คำศัพท์สำคัญ: รวบรวมคำศัพท์หลักของ การตรวจอาการเสียด้วยหลักการ พร้อมความหมายและการใช้งานจริง,ความหมายและขอบเขต: นิยาม การตรวจอาการเสียด้วยหลักการ ขอบเขตงาน และสิ่งที่อยู่/ไม่อยู่ในขอบเขต,หลักการสำคัญ: แจกแจงหลักการสำคัญของ การตรวจอาการเสียด้วยหลักการ เป็นข้อ ๆ พร้อมเหตุผล,องค์ประกอบ/โครงสร้าง: แสดงองค์ประกอบหลัก ความสัมพันธ์ และลำดับการทำงานของ การตรวจอาการเสียด้วยหลักการ,ขั้นตอนการทำงาน 1: เริ่มต้นงาน การตรวจอาการเสียด้วยหลักการ: การเตรียมข้อมูล เครื่องมือ และเงื่อนไขก่อนทำ,ขั้นตอนการทำงาน 2: ขั้นดำเนินงานหลักของ การตรวจอาการเสียด้วยหลักการ พร้อมจุดตรวจสอบระหว่างทาง,ขั้นตอนการทำงาน 3: ขั้นตรวจผล บันทึกผล และส่งมอบงานของ การตรวจอาการเสียด้วยหลักการ,ตัวอย่างที่ถูกต้อง: ตัวอย่างการประยุกต์ การตรวจอาการเสียด้วยหลักการ ที่ถูกต้อง พร้อมอธิบายเหตุผลทีละส่วน,ตัวอย่างที่ผิดและเหตุผล: ตัวอย่างข้อผิดพลาดของ การตรวจอาการเสียด้วยหลักการ วิเคราะห์สาเหตุและผลกระทบ,สาธิต/กรณีตัวอย่าง: กรณีศึกษาจากสถานการณ์จริงหรือจำลองเกี่ยวกับ การตรวจอาการเสียด้วยหลักการ,ข้อผิดพลาดที่พบบ่อย: รวบรวม Common Mistake ของ การตรวจอาการเสียด้วยหลักการ และสัญญาณที่ใช้สังเกต,แนวทางแก้ปัญหา: Troubleshooting แบบเป็นลำดับสำหรับปัญหาที่เกิดระหว่างทำ การตรวจอาการเสียด้วยหลักการ,ความปลอดภัย/จริยธรรม: ข้อควรระวัง ความปลอดภัย กฎหมาย หรือจริยธรรมที่เกี่ยวข้องกับ การตรวจอาการเสียด้วยหลักการ,ภารกิจฝึกปฏิบัติ: กิจกรรมลงมือทำเกี่ยวกับ การตรวจอาการเสียด้วยหลักการ ให้ผู้เรียนสร้างหลักฐานผลงาน,ใบงานประจำหน่วย: อธิบายใบงานของหน่วย การตรวจอาการเสียด้วยหลักการ: เป้าหมาย งานที่ต้องส่ง รูปแบบ และกำหนดตรวจ,เกณฑ์ประเมินและสรุป: Rubric ประเมินความถูกต้อง กระบวนการ คุณภาพงาน และสรุป Key Takeaway ของ การตรวจอาการเสียด้วยหลักการ,คำถามทบทวนและคิดวิเคราะห์: คำถามทบทวน 3–5 ข้อและคำถามคิดวิเคราะห์ที่เชื่อม การตรวจอาการเสียด้วยหลักการ กับสถานการณ์จริง
21910-2018,คอมพิวเตอร์และการบำรุงรักษา,13,การใช้เครื่องมือวัดและซอฟต์แวร์วิเคราะห์,1) อธิบาย การใช้เครื่องมือวัดและซอฟต์แวร์วิเคราะห์ ได้ 2) วิเคราะห์/เลือกวิธีที่เหมาะสมได้ 3) ปฏิบัติงานหรือสร้างชิ้นงานเกี่ยวกับ การใช้เครื่องมือวัดและซอฟต์แวร์วิเคราะห์ ได้ 4) ตรวจสอบและสะท้อนผลการทำงานได้,ใบงานหน่วยที่ 13: การใช้เครื่องมือวัดและซอฟต์แวร์วิเคราะห์,ภารกิจ 1 อธิบายแนวคิดหลักของ การใช้เครื่องมือวัดและซอฟต์แวร์วิเคราะห์; ภารกิจ 2 วิเคราะห์ตัวอย่าง; ภารกิจ 3 ลงมือปฏิบัติ/สร้างชิ้นงาน; ภารกิจ 4 ตรวจข้อผิดพลาด; ภารกิจ 5 สรุปสิ่งที่เรียนรู้และแนบหลักฐาน,ชื่อหน่วยและภาพรวม: อธิบายภาพรวมของ การใช้เครื่องมือวัดและซอฟต์แวร์วิเคราะห์ และความเชื่อมโยงกับรายวิชา คอมพิวเตอร์และการบำรุงรักษา,ผลลัพธ์การเรียนรู้: ผู้เรียนอธิบายหลักการ วิเคราะห์ตัวอย่าง และปฏิบัติงานเกี่ยวกับ การใช้เครื่องมือวัดและซอฟต์แวร์วิเคราะห์ ได้ตามเกณฑ์,ความรู้เดิมที่ต้องใช้: ทบทวนความรู้พื้นฐานที่จำเป็นก่อนเรียน การใช้เครื่องมือวัดและซอฟต์แวร์วิเคราะห์ พร้อมคำถามตรวจความพร้อม,คำศัพท์สำคัญ: รวบรวมคำศัพท์หลักของ การใช้เครื่องมือวัดและซอฟต์แวร์วิเคราะห์ พร้อมความหมายและการใช้งานจริง,ความหมายและขอบเขต: นิยาม การใช้เครื่องมือวัดและซอฟต์แวร์วิเคราะห์ ขอบเขตงาน และสิ่งที่อยู่/ไม่อยู่ในขอบเขต,หลักการสำคัญ: แจกแจงหลักการสำคัญของ การใช้เครื่องมือวัดและซอฟต์แวร์วิเคราะห์ เป็นข้อ ๆ พร้อมเหตุผล,องค์ประกอบ/โครงสร้าง: แสดงองค์ประกอบหลัก ความสัมพันธ์ และลำดับการทำงานของ การใช้เครื่องมือวัดและซอฟต์แวร์วิเคราะห์,ขั้นตอนการทำงาน 1: เริ่มต้นงาน การใช้เครื่องมือวัดและซอฟต์แวร์วิเคราะห์: การเตรียมข้อมูล เครื่องมือ และเงื่อนไขก่อนทำ,ขั้นตอนการทำงาน 2: ขั้นดำเนินงานหลักของ การใช้เครื่องมือวัดและซอฟต์แวร์วิเคราะห์ พร้อมจุดตรวจสอบระหว่างทาง,ขั้นตอนการทำงาน 3: ขั้นตรวจผล บันทึกผล และส่งมอบงานของ การใช้เครื่องมือวัดและซอฟต์แวร์วิเคราะห์,ตัวอย่างที่ถูกต้อง: ตัวอย่างการประยุกต์ การใช้เครื่องมือวัดและซอฟต์แวร์วิเคราะห์ ที่ถูกต้อง พร้อมอธิบายเหตุผลทีละส่วน,ตัวอย่างที่ผิดและเหตุผล: ตัวอย่างข้อผิดพลาดของ การใช้เครื่องมือวัดและซอฟต์แวร์วิเคราะห์ วิเคราะห์สาเหตุและผลกระทบ,สาธิต/กรณีตัวอย่าง: กรณีศึกษาจากสถานการณ์จริงหรือจำลองเกี่ยวกับ การใช้เครื่องมือวัดและซอฟต์แวร์วิเคราะห์,ข้อผิดพลาดที่พบบ่อย: รวบรวม Common Mistake ของ การใช้เครื่องมือวัดและซอฟต์แวร์วิเคราะห์ และสัญญาณที่ใช้สังเกต,แนวทางแก้ปัญหา: Troubleshooting แบบเป็นลำดับสำหรับปัญหาที่เกิดระหว่างทำ การใช้เครื่องมือวัดและซอฟต์แวร์วิเคราะห์,ความปลอดภัย/จริยธรรม: ข้อควรระวัง ความปลอดภัย กฎหมาย หรือจริยธรรมที่เกี่ยวข้องกับ การใช้เครื่องมือวัดและซอฟต์แวร์วิเคราะห์,ภารกิจฝึกปฏิบัติ: กิจกรรมลงมือทำเกี่ยวกับ การใช้เครื่องมือวัดและซอฟต์แวร์วิเคราะห์ ให้ผู้เรียนสร้างหลักฐานผลงาน,ใบงานประจำหน่วย: อธิบายใบงานของหน่วย การใช้เครื่องมือวัดและซอฟต์แวร์วิเคราะห์: เป้าหมาย งานที่ต้องส่ง รูปแบบ และกำหนดตรวจ,เกณฑ์ประเมินและสรุป: Rubric ประเมินความถูกต้อง กระบวนการ คุณภาพงาน และสรุป Key Takeaway ของ การใช้เครื่องมือวัดและซอฟต์แวร์วิเคราะห์,คำถามทบทวนและคิดวิเคราะห์: คำถามทบทวน 3–5 ข้อและคำถามคิดวิเคราะห์ที่เชื่อม การใช้เครื่องมือวัดและซอฟต์แวร์วิเคราะห์ กับสถานการณ์จริง
21910-2018,คอมพิวเตอร์และการบำรุงรักษา,14,การบำรุงรักษาเชิงป้องกัน,1) อธิบาย การบำรุงรักษาเชิงป้องกัน ได้ 2) วิเคราะห์/เลือกวิธีที่เหมาะสมได้ 3) ปฏิบัติงานหรือสร้างชิ้นงานเกี่ยวกับ การบำรุงรักษาเชิงป้องกัน ได้ 4) ตรวจสอบและสะท้อนผลการทำงานได้,ใบงานหน่วยที่ 14: การบำรุงรักษาเชิงป้องกัน,ภารกิจ 1 อธิบายแนวคิดหลักของ การบำรุงรักษาเชิงป้องกัน; ภารกิจ 2 วิเคราะห์ตัวอย่าง; ภารกิจ 3 ลงมือปฏิบัติ/สร้างชิ้นงาน; ภารกิจ 4 ตรวจข้อผิดพลาด; ภารกิจ 5 สรุปสิ่งที่เรียนรู้และแนบหลักฐาน,ชื่อหน่วยและภาพรวม: อธิบายภาพรวมของ การบำรุงรักษาเชิงป้องกัน และความเชื่อมโยงกับรายวิชา คอมพิวเตอร์และการบำรุงรักษา,ผลลัพธ์การเรียนรู้: ผู้เรียนอธิบายหลักการ วิเคราะห์ตัวอย่าง และปฏิบัติงานเกี่ยวกับ การบำรุงรักษาเชิงป้องกัน ได้ตามเกณฑ์,ความรู้เดิมที่ต้องใช้: ทบทวนความรู้พื้นฐานที่จำเป็นก่อนเรียน การบำรุงรักษาเชิงป้องกัน พร้อมคำถามตรวจความพร้อม,คำศัพท์สำคัญ: รวบรวมคำศัพท์หลักของ การบำรุงรักษาเชิงป้องกัน พร้อมความหมายและการใช้งานจริง,ความหมายและขอบเขต: นิยาม การบำรุงรักษาเชิงป้องกัน ขอบเขตงาน และสิ่งที่อยู่/ไม่อยู่ในขอบเขต,หลักการสำคัญ: แจกแจงหลักการสำคัญของ การบำรุงรักษาเชิงป้องกัน เป็นข้อ ๆ พร้อมเหตุผล,องค์ประกอบ/โครงสร้าง: แสดงองค์ประกอบหลัก ความสัมพันธ์ และลำดับการทำงานของ การบำรุงรักษาเชิงป้องกัน,ขั้นตอนการทำงาน 1: เริ่มต้นงาน การบำรุงรักษาเชิงป้องกัน: การเตรียมข้อมูล เครื่องมือ และเงื่อนไขก่อนทำ,ขั้นตอนการทำงาน 2: ขั้นดำเนินงานหลักของ การบำรุงรักษาเชิงป้องกัน พร้อมจุดตรวจสอบระหว่างทาง,ขั้นตอนการทำงาน 3: ขั้นตรวจผล บันทึกผล และส่งมอบงานของ การบำรุงรักษาเชิงป้องกัน,ตัวอย่างที่ถูกต้อง: ตัวอย่างการประยุกต์ การบำรุงรักษาเชิงป้องกัน ที่ถูกต้อง พร้อมอธิบายเหตุผลทีละส่วน,ตัวอย่างที่ผิดและเหตุผล: ตัวอย่างข้อผิดพลาดของ การบำรุงรักษาเชิงป้องกัน วิเคราะห์สาเหตุและผลกระทบ,สาธิต/กรณีตัวอย่าง: กรณีศึกษาจากสถานการณ์จริงหรือจำลองเกี่ยวกับ การบำรุงรักษาเชิงป้องกัน,ข้อผิดพลาดที่พบบ่อย: รวบรวม Common Mistake ของ การบำรุงรักษาเชิงป้องกัน และสัญญาณที่ใช้สังเกต,แนวทางแก้ปัญหา: Troubleshooting แบบเป็นลำดับสำหรับปัญหาที่เกิดระหว่างทำ การบำรุงรักษาเชิงป้องกัน,ความปลอดภัย/จริยธรรม: ข้อควรระวัง ความปลอดภัย กฎหมาย หรือจริยธรรมที่เกี่ยวข้องกับ การบำรุงรักษาเชิงป้องกัน,ภารกิจฝึกปฏิบัติ: กิจกรรมลงมือทำเกี่ยวกับ การบำรุงรักษาเชิงป้องกัน ให้ผู้เรียนสร้างหลักฐานผลงาน,ใบงานประจำหน่วย: อธิบายใบงานของหน่วย การบำรุงรักษาเชิงป้องกัน: เป้าหมาย งานที่ต้องส่ง รูปแบบ และกำหนดตรวจ,เกณฑ์ประเมินและสรุป: Rubric ประเมินความถูกต้อง กระบวนการ คุณภาพงาน และสรุป Key Takeaway ของ การบำรุงรักษาเชิงป้องกัน,คำถามทบทวนและคิดวิเคราะห์: คำถามทบทวน 3–5 ข้อและคำถามคิดวิเคราะห์ที่เชื่อม การบำรุงรักษาเชิงป้องกัน กับสถานการณ์จริง
21910-2018,คอมพิวเตอร์และการบำรุงรักษา,15,การสำรองและกู้คืนข้อมูล,1) อธิบาย การสำรองและกู้คืนข้อมูล ได้ 2) วิเคราะห์/เลือกวิธีที่เหมาะสมได้ 3) ปฏิบัติงานหรือสร้างชิ้นงานเกี่ยวกับ การสำรองและกู้คืนข้อมูล ได้ 4) ตรวจสอบและสะท้อนผลการทำงานได้,ใบงานหน่วยที่ 15: การสำรองและกู้คืนข้อมูล,ภารกิจ 1 อธิบายแนวคิดหลักของ การสำรองและกู้คืนข้อมูล; ภารกิจ 2 วิเคราะห์ตัวอย่าง; ภารกิจ 3 ลงมือปฏิบัติ/สร้างชิ้นงาน; ภารกิจ 4 ตรวจข้อผิดพลาด; ภารกิจ 5 สรุปสิ่งที่เรียนรู้และแนบหลักฐาน,ชื่อหน่วยและภาพรวม: อธิบายภาพรวมของ การสำรองและกู้คืนข้อมูล และความเชื่อมโยงกับรายวิชา คอมพิวเตอร์และการบำรุงรักษา,ผลลัพธ์การเรียนรู้: ผู้เรียนอธิบายหลักการ วิเคราะห์ตัวอย่าง และปฏิบัติงานเกี่ยวกับ การสำรองและกู้คืนข้อมูล ได้ตามเกณฑ์,ความรู้เดิมที่ต้องใช้: ทบทวนความรู้พื้นฐานที่จำเป็นก่อนเรียน การสำรองและกู้คืนข้อมูล พร้อมคำถามตรวจความพร้อม,คำศัพท์สำคัญ: รวบรวมคำศัพท์หลักของ การสำรองและกู้คืนข้อมูล พร้อมความหมายและการใช้งานจริง,ความหมายและขอบเขต: นิยาม การสำรองและกู้คืนข้อมูล ขอบเขตงาน และสิ่งที่อยู่/ไม่อยู่ในขอบเขต,หลักการสำคัญ: แจกแจงหลักการสำคัญของ การสำรองและกู้คืนข้อมูล เป็นข้อ ๆ พร้อมเหตุผล,องค์ประกอบ/โครงสร้าง: แสดงองค์ประกอบหลัก ความสัมพันธ์ และลำดับการทำงานของ การสำรองและกู้คืนข้อมูล,ขั้นตอนการทำงาน 1: เริ่มต้นงาน การสำรองและกู้คืนข้อมูล: การเตรียมข้อมูล เครื่องมือ และเงื่อนไขก่อนทำ,ขั้นตอนการทำงาน 2: ขั้นดำเนินงานหลักของ การสำรองและกู้คืนข้อมูล พร้อมจุดตรวจสอบระหว่างทาง,ขั้นตอนการทำงาน 3: ขั้นตรวจผล บันทึกผล และส่งมอบงานของ การสำรองและกู้คืนข้อมูล,ตัวอย่างที่ถูกต้อง: ตัวอย่างการประยุกต์ การสำรองและกู้คืนข้อมูล ที่ถูกต้อง พร้อมอธิบายเหตุผลทีละส่วน,ตัวอย่างที่ผิดและเหตุผล: ตัวอย่างข้อผิดพลาดของ การสำรองและกู้คืนข้อมูล วิเคราะห์สาเหตุและผลกระทบ,สาธิต/กรณีตัวอย่าง: กรณีศึกษาจากสถานการณ์จริงหรือจำลองเกี่ยวกับ การสำรองและกู้คืนข้อมูล,ข้อผิดพลาดที่พบบ่อย: รวบรวม Common Mistake ของ การสำรองและกู้คืนข้อมูล และสัญญาณที่ใช้สังเกต,แนวทางแก้ปัญหา: Troubleshooting แบบเป็นลำดับสำหรับปัญหาที่เกิดระหว่างทำ การสำรองและกู้คืนข้อมูล,ความปลอดภัย/จริยธรรม: ข้อควรระวัง ความปลอดภัย กฎหมาย หรือจริยธรรมที่เกี่ยวข้องกับ การสำรองและกู้คืนข้อมูล,ภารกิจฝึกปฏิบัติ: กิจกรรมลงมือทำเกี่ยวกับ การสำรองและกู้คืนข้อมูล ให้ผู้เรียนสร้างหลักฐานผลงาน,ใบงานประจำหน่วย: อธิบายใบงานของหน่วย การสำรองและกู้คืนข้อมูล: เป้าหมาย งานที่ต้องส่ง รูปแบบ และกำหนดตรวจ,เกณฑ์ประเมินและสรุป: Rubric ประเมินความถูกต้อง กระบวนการ คุณภาพงาน และสรุป Key Takeaway ของ การสำรองและกู้คืนข้อมูล,คำถามทบทวนและคิดวิเคราะห์: คำถามทบทวน 3–5 ข้อและคำถามคิดวิเคราะห์ที่เชื่อม การสำรองและกู้คืนข้อมูล กับสถานการณ์จริง
21910-2018,คอมพิวเตอร์และการบำรุงรักษา,16,ความปลอดภัยในการซ่อมบำรุง,1) อธิบาย ความปลอดภัยในการซ่อมบำรุง ได้ 2) วิเคราะห์/เลือกวิธีที่เหมาะสมได้ 3) ปฏิบัติงานหรือสร้างชิ้นงานเกี่ยวกับ ความปลอดภัยในการซ่อมบำรุง ได้ 4) ตรวจสอบและสะท้อนผลการทำงานได้,ใบงานหน่วยที่ 16: ความปลอดภัยในการซ่อมบำรุง,ภารกิจ 1 อธิบายแนวคิดหลักของ ความปลอดภัยในการซ่อมบำรุง; ภารกิจ 2 วิเคราะห์ตัวอย่าง; ภารกิจ 3 ลงมือปฏิบัติ/สร้างชิ้นงาน; ภารกิจ 4 ตรวจข้อผิดพลาด; ภารกิจ 5 สรุปสิ่งที่เรียนรู้และแนบหลักฐาน,ชื่อหน่วยและภาพรวม: อธิบายภาพรวมของ ความปลอดภัยในการซ่อมบำรุง และความเชื่อมโยงกับรายวิชา คอมพิวเตอร์และการบำรุงรักษา,ผลลัพธ์การเรียนรู้: ผู้เรียนอธิบายหลักการ วิเคราะห์ตัวอย่าง และปฏิบัติงานเกี่ยวกับ ความปลอดภัยในการซ่อมบำรุง ได้ตามเกณฑ์,ความรู้เดิมที่ต้องใช้: ทบทวนความรู้พื้นฐานที่จำเป็นก่อนเรียน ความปลอดภัยในการซ่อมบำรุง พร้อมคำถามตรวจความพร้อม,คำศัพท์สำคัญ: รวบรวมคำศัพท์หลักของ ความปลอดภัยในการซ่อมบำรุง พร้อมความหมายและการใช้งานจริง,ความหมายและขอบเขต: นิยาม ความปลอดภัยในการซ่อมบำรุง ขอบเขตงาน และสิ่งที่อยู่/ไม่อยู่ในขอบเขต,หลักการสำคัญ: แจกแจงหลักการสำคัญของ ความปลอดภัยในการซ่อมบำรุง เป็นข้อ ๆ พร้อมเหตุผล,องค์ประกอบ/โครงสร้าง: แสดงองค์ประกอบหลัก ความสัมพันธ์ และลำดับการทำงานของ ความปลอดภัยในการซ่อมบำรุง,ขั้นตอนการทำงาน 1: เริ่มต้นงาน ความปลอดภัยในการซ่อมบำรุง: การเตรียมข้อมูล เครื่องมือ และเงื่อนไขก่อนทำ,ขั้นตอนการทำงาน 2: ขั้นดำเนินงานหลักของ ความปลอดภัยในการซ่อมบำรุง พร้อมจุดตรวจสอบระหว่างทาง,ขั้นตอนการทำงาน 3: ขั้นตรวจผล บันทึกผล และส่งมอบงานของ ความปลอดภัยในการซ่อมบำรุง,ตัวอย่างที่ถูกต้อง: ตัวอย่างการประยุกต์ ความปลอดภัยในการซ่อมบำรุง ที่ถูกต้อง พร้อมอธิบายเหตุผลทีละส่วน,ตัวอย่างที่ผิดและเหตุผล: ตัวอย่างข้อผิดพลาดของ ความปลอดภัยในการซ่อมบำรุง วิเคราะห์สาเหตุและผลกระทบ,สาธิต/กรณีตัวอย่าง: กรณีศึกษาจากสถานการณ์จริงหรือจำลองเกี่ยวกับ ความปลอดภัยในการซ่อมบำรุง,ข้อผิดพลาดที่พบบ่อย: รวบรวม Common Mistake ของ ความปลอดภัยในการซ่อมบำรุง และสัญญาณที่ใช้สังเกต,แนวทางแก้ปัญหา: Troubleshooting แบบเป็นลำดับสำหรับปัญหาที่เกิดระหว่างทำ ความปลอดภัยในการซ่อมบำรุง,ความปลอดภัย/จริยธรรม: ข้อควรระวัง ความปลอดภัย กฎหมาย หรือจริยธรรมที่เกี่ยวข้องกับ ความปลอดภัยในการซ่อมบำรุง,ภารกิจฝึกปฏิบัติ: กิจกรรมลงมือทำเกี่ยวกับ ความปลอดภัยในการซ่อมบำรุง ให้ผู้เรียนสร้างหลักฐานผลงาน,ใบงานประจำหน่วย: อธิบายใบงานของหน่วย ความปลอดภัยในการซ่อมบำรุง: เป้าหมาย งานที่ต้องส่ง รูปแบบ และกำหนดตรวจ,เกณฑ์ประเมินและสรุป: Rubric ประเมินความถูกต้อง กระบวนการ คุณภาพงาน และสรุป Key Takeaway ของ ความปลอดภัยในการซ่อมบำรุง,คำถามทบทวนและคิดวิเคราะห์: คำถามทบทวน 3–5 ข้อและคำถามคิดวิเคราะห์ที่เชื่อม ความปลอดภัยในการซ่อมบำรุง กับสถานการณ์จริง
21910-2018,คอมพิวเตอร์และการบำรุงรักษา,17,โครงงานตรวจเช็กและบำรุงรักษาคอมพิวเตอร์,1) อธิบาย โครงงานตรวจเช็กและบำรุงรักษาคอมพิวเตอร์ ได้ 2) วิเคราะห์/เลือกวิธีที่เหมาะสมได้ 3) ปฏิบัติงานหรือสร้างชิ้นงานเกี่ยวกับ โครงงานตรวจเช็กและบำรุงรักษาคอมพิวเตอร์ ได้ 4) ตรวจสอบและสะท้อนผลการทำงานได้,ใบงานหน่วยที่ 17: โครงงานตรวจเช็กและบำรุงรักษาคอมพิวเตอร์,ภารกิจ 1 อธิบายแนวคิดหลักของ โครงงานตรวจเช็กและบำรุงรักษาคอมพิวเตอร์; ภารกิจ 2 วิเคราะห์ตัวอย่าง; ภารกิจ 3 ลงมือปฏิบัติ/สร้างชิ้นงาน; ภารกิจ 4 ตรวจข้อผิดพลาด; ภารกิจ 5 สรุปสิ่งที่เรียนรู้และแนบหลักฐาน,ชื่อหน่วยและภาพรวม: อธิบายภาพรวมของ โครงงานตรวจเช็กและบำรุงรักษาคอมพิวเตอร์ และความเชื่อมโยงกับรายวิชา คอมพิวเตอร์และการบำรุงรักษา,ผลลัพธ์การเรียนรู้: ผู้เรียนอธิบายหลักการ วิเคราะห์ตัวอย่าง และปฏิบัติงานเกี่ยวกับ โครงงานตรวจเช็กและบำรุงรักษาคอมพิวเตอร์ ได้ตามเกณฑ์,ความรู้เดิมที่ต้องใช้: ทบทวนความรู้พื้นฐานที่จำเป็นก่อนเรียน โครงงานตรวจเช็กและบำรุงรักษาคอมพิวเตอร์ พร้อมคำถามตรวจความพร้อม,คำศัพท์สำคัญ: รวบรวมคำศัพท์หลักของ โครงงานตรวจเช็กและบำรุงรักษาคอมพิวเตอร์ พร้อมความหมายและการใช้งานจริง,ความหมายและขอบเขต: นิยาม โครงงานตรวจเช็กและบำรุงรักษาคอมพิวเตอร์ ขอบเขตงาน และสิ่งที่อยู่/ไม่อยู่ในขอบเขต,หลักการสำคัญ: แจกแจงหลักการสำคัญของ โครงงานตรวจเช็กและบำรุงรักษาคอมพิวเตอร์ เป็นข้อ ๆ พร้อมเหตุผล,องค์ประกอบ/โครงสร้าง: แสดงองค์ประกอบหลัก ความสัมพันธ์ และลำดับการทำงานของ โครงงานตรวจเช็กและบำรุงรักษาคอมพิวเตอร์,ขั้นตอนการทำงาน 1: เริ่มต้นงาน โครงงานตรวจเช็กและบำรุงรักษาคอมพิวเตอร์: การเตรียมข้อมูล เครื่องมือ และเงื่อนไขก่อนทำ,ขั้นตอนการทำงาน 2: ขั้นดำเนินงานหลักของ โครงงานตรวจเช็กและบำรุงรักษาคอมพิวเตอร์ พร้อมจุดตรวจสอบระหว่างทาง,ขั้นตอนการทำงาน 3: ขั้นตรวจผล บันทึกผล และส่งมอบงานของ โครงงานตรวจเช็กและบำรุงรักษาคอมพิวเตอร์,ตัวอย่างที่ถูกต้อง: ตัวอย่างการประยุกต์ โครงงานตรวจเช็กและบำรุงรักษาคอมพิวเตอร์ ที่ถูกต้อง พร้อมอธิบายเหตุผลทีละส่วน,ตัวอย่างที่ผิดและเหตุผล: ตัวอย่างข้อผิดพลาดของ โครงงานตรวจเช็กและบำรุงรักษาคอมพิวเตอร์ วิเคราะห์สาเหตุและผลกระทบ,สาธิต/กรณีตัวอย่าง: กรณีศึกษาจากสถานการณ์จริงหรือจำลองเกี่ยวกับ โครงงานตรวจเช็กและบำรุงรักษาคอมพิวเตอร์,ข้อผิดพลาดที่พบบ่อย: รวบรวม Common Mistake ของ โครงงานตรวจเช็กและบำรุงรักษาคอมพิวเตอร์ และสัญญาณที่ใช้สังเกต,แนวทางแก้ปัญหา: Troubleshooting แบบเป็นลำดับสำหรับปัญหาที่เกิดระหว่างทำ โครงงานตรวจเช็กและบำรุงรักษาคอมพิวเตอร์,ความปลอดภัย/จริยธรรม: ข้อควรระวัง ความปลอดภัย กฎหมาย หรือจริยธรรมที่เกี่ยวข้องกับ โครงงานตรวจเช็กและบำรุงรักษาคอมพิวเตอร์,ภารกิจฝึกปฏิบัติ: กิจกรรมลงมือทำเกี่ยวกับ โครงงานตรวจเช็กและบำรุงรักษาคอมพิวเตอร์ ให้ผู้เรียนสร้างหลักฐานผลงาน,ใบงานประจำหน่วย: อธิบายใบงานของหน่วย โครงงานตรวจเช็กและบำรุงรักษาคอมพิวเตอร์: เป้าหมาย งานที่ต้องส่ง รูปแบบ และกำหนดตรวจ,เกณฑ์ประเมินและสรุป: Rubric ประเมินความถูกต้อง กระบวนการ คุณภาพงาน และสรุป Key Takeaway ของ โครงงานตรวจเช็กและบำรุงรักษาคอมพิวเตอร์,คำถามทบทวนและคิดวิเคราะห์: คำถามทบทวน 3–5 ข้อและคำถามคิดวิเคราะห์ที่เชื่อม โครงงานตรวจเช็กและบำรุงรักษาคอมพิวเตอร์ กับสถานการณ์จริง
31901-2001,การออกแบบส่วนติดต่อผู้ใช้ขั้นสูง,1,หลัก UX/UI และ Human-Centered Design,1) อธิบาย หลัก UX/UI และ Human-Centered Design ได้ 2) วิเคราะห์/เลือกวิธีที่เหมาะสมได้ 3) ปฏิบัติงานหรือสร้างชิ้นงานเกี่ยวกับ หลัก UX/UI และ Human-Centered Design ได้ 4) ตรวจสอบและสะท้อนผลการทำงานได้,ใบงานหน่วยที่ 1: หลัก UX/UI และ Human-Centered Design,ภารกิจ 1 อธิบายแนวคิดหลักของ หลัก UX/UI และ Human-Centered Design; ภารกิจ 2 วิเคราะห์ตัวอย่าง; ภารกิจ 3 ลงมือปฏิบัติ/สร้างชิ้นงาน; ภารกิจ 4 ตรวจข้อผิดพลาด; ภารกิจ 5 สรุปสิ่งที่เรียนรู้และแนบหลักฐาน,ชื่อหน่วยและภาพรวม: อธิบายภาพรวมของ หลัก UX/UI และ Human-Centered Design และความเชื่อมโยงกับรายวิชา การออกแบบส่วนติดต่อผู้ใช้ขั้นสูง,ผลลัพธ์การเรียนรู้: ผู้เรียนอธิบายหลักการ วิเคราะห์ตัวอย่าง และปฏิบัติงานเกี่ยวกับ หลัก UX/UI และ Human-Centered Design ได้ตามเกณฑ์,ความรู้เดิมที่ต้องใช้: ทบทวนความรู้พื้นฐานที่จำเป็นก่อนเรียน หลัก UX/UI และ Human-Centered Design พร้อมคำถามตรวจความพร้อม,คำศัพท์สำคัญ: รวบรวมคำศัพท์หลักของ หลัก UX/UI และ Human-Centered Design พร้อมความหมายและการใช้งานจริง,ความหมายและขอบเขต: นิยาม หลัก UX/UI และ Human-Centered Design ขอบเขตงาน และสิ่งที่อยู่/ไม่อยู่ในขอบเขต,หลักการสำคัญ: แจกแจงหลักการสำคัญของ หลัก UX/UI และ Human-Centered Design เป็นข้อ ๆ พร้อมเหตุผล,องค์ประกอบ/โครงสร้าง: แสดงองค์ประกอบหลัก ความสัมพันธ์ และลำดับการทำงานของ หลัก UX/UI และ Human-Centered Design,ขั้นตอนการทำงาน 1: เริ่มต้นงาน หลัก UX/UI และ Human-Centered Design: การเตรียมข้อมูล เครื่องมือ และเงื่อนไขก่อนทำ,ขั้นตอนการทำงาน 2: ขั้นดำเนินงานหลักของ หลัก UX/UI และ Human-Centered Design พร้อมจุดตรวจสอบระหว่างทาง,ขั้นตอนการทำงาน 3: ขั้นตรวจผล บันทึกผล และส่งมอบงานของ หลัก UX/UI และ Human-Centered Design,ตัวอย่างที่ถูกต้อง: ตัวอย่างการประยุกต์ หลัก UX/UI และ Human-Centered Design ที่ถูกต้อง พร้อมอธิบายเหตุผลทีละส่วน,ตัวอย่างที่ผิดและเหตุผล: ตัวอย่างข้อผิดพลาดของ หลัก UX/UI และ Human-Centered Design วิเคราะห์สาเหตุและผลกระทบ,สาธิต/กรณีตัวอย่าง: กรณีศึกษาจากสถานการณ์จริงหรือจำลองเกี่ยวกับ หลัก UX/UI และ Human-Centered Design,ข้อผิดพลาดที่พบบ่อย: รวบรวม Common Mistake ของ หลัก UX/UI และ Human-Centered Design และสัญญาณที่ใช้สังเกต,แนวทางแก้ปัญหา: Troubleshooting แบบเป็นลำดับสำหรับปัญหาที่เกิดระหว่างทำ หลัก UX/UI และ Human-Centered Design,ความปลอดภัย/จริยธรรม: ข้อควรระวัง ความปลอดภัย กฎหมาย หรือจริยธรรมที่เกี่ยวข้องกับ หลัก UX/UI และ Human-Centered Design,ภารกิจฝึกปฏิบัติ: กิจกรรมลงมือทำเกี่ยวกับ หลัก UX/UI และ Human-Centered Design ให้ผู้เรียนสร้างหลักฐานผลงาน,ใบงานประจำหน่วย: อธิบายใบงานของหน่วย หลัก UX/UI และ Human-Centered Design: เป้าหมาย งานที่ต้องส่ง รูปแบบ และกำหนดตรวจ,เกณฑ์ประเมินและสรุป: Rubric ประเมินความถูกต้อง กระบวนการ คุณภาพงาน และสรุป Key Takeaway ของ หลัก UX/UI และ Human-Centered Design,คำถามทบทวนและคิดวิเคราะห์: คำถามทบทวน 3–5 ข้อและคำถามคิดวิเคราะห์ที่เชื่อม หลัก UX/UI และ Human-Centered Design กับสถานการณ์จริง
31901-2001,การออกแบบส่วนติดต่อผู้ใช้ขั้นสูง,2,การวิเคราะห์ผู้ใช้และ Persona,1) อธิบาย การวิเคราะห์ผู้ใช้และ Persona ได้ 2) วิเคราะห์/เลือกวิธีที่เหมาะสมได้ 3) ปฏิบัติงานหรือสร้างชิ้นงานเกี่ยวกับ การวิเคราะห์ผู้ใช้และ Persona ได้ 4) ตรวจสอบและสะท้อนผลการทำงานได้,ใบงานหน่วยที่ 2: การวิเคราะห์ผู้ใช้และ Persona,ภารกิจ 1 อธิบายแนวคิดหลักของ การวิเคราะห์ผู้ใช้และ Persona; ภารกิจ 2 วิเคราะห์ตัวอย่าง; ภารกิจ 3 ลงมือปฏิบัติ/สร้างชิ้นงาน; ภารกิจ 4 ตรวจข้อผิดพลาด; ภารกิจ 5 สรุปสิ่งที่เรียนรู้และแนบหลักฐาน,ชื่อหน่วยและภาพรวม: อธิบายภาพรวมของ การวิเคราะห์ผู้ใช้และ Persona และความเชื่อมโยงกับรายวิชา การออกแบบส่วนติดต่อผู้ใช้ขั้นสูง,ผลลัพธ์การเรียนรู้: ผู้เรียนอธิบายหลักการ วิเคราะห์ตัวอย่าง และปฏิบัติงานเกี่ยวกับ การวิเคราะห์ผู้ใช้และ Persona ได้ตามเกณฑ์,ความรู้เดิมที่ต้องใช้: ทบทวนความรู้พื้นฐานที่จำเป็นก่อนเรียน การวิเคราะห์ผู้ใช้และ Persona พร้อมคำถามตรวจความพร้อม,คำศัพท์สำคัญ: รวบรวมคำศัพท์หลักของ การวิเคราะห์ผู้ใช้และ Persona พร้อมความหมายและการใช้งานจริง,ความหมายและขอบเขต: นิยาม การวิเคราะห์ผู้ใช้และ Persona ขอบเขตงาน และสิ่งที่อยู่/ไม่อยู่ในขอบเขต,หลักการสำคัญ: แจกแจงหลักการสำคัญของ การวิเคราะห์ผู้ใช้และ Persona เป็นข้อ ๆ พร้อมเหตุผล,องค์ประกอบ/โครงสร้าง: แสดงองค์ประกอบหลัก ความสัมพันธ์ และลำดับการทำงานของ การวิเคราะห์ผู้ใช้และ Persona,ขั้นตอนการทำงาน 1: เริ่มต้นงาน การวิเคราะห์ผู้ใช้และ Persona: การเตรียมข้อมูล เครื่องมือ และเงื่อนไขก่อนทำ,ขั้นตอนการทำงาน 2: ขั้นดำเนินงานหลักของ การวิเคราะห์ผู้ใช้และ Persona พร้อมจุดตรวจสอบระหว่างทาง,ขั้นตอนการทำงาน 3: ขั้นตรวจผล บันทึกผล และส่งมอบงานของ การวิเคราะห์ผู้ใช้และ Persona,ตัวอย่างที่ถูกต้อง: ตัวอย่างการประยุกต์ การวิเคราะห์ผู้ใช้และ Persona ที่ถูกต้อง พร้อมอธิบายเหตุผลทีละส่วน,ตัวอย่างที่ผิดและเหตุผล: ตัวอย่างข้อผิดพลาดของ การวิเคราะห์ผู้ใช้และ Persona วิเคราะห์สาเหตุและผลกระทบ,สาธิต/กรณีตัวอย่าง: กรณีศึกษาจากสถานการณ์จริงหรือจำลองเกี่ยวกับ การวิเคราะห์ผู้ใช้และ Persona,ข้อผิดพลาดที่พบบ่อย: รวบรวม Common Mistake ของ การวิเคราะห์ผู้ใช้และ Persona และสัญญาณที่ใช้สังเกต,แนวทางแก้ปัญหา: Troubleshooting แบบเป็นลำดับสำหรับปัญหาที่เกิดระหว่างทำ การวิเคราะห์ผู้ใช้และ Persona,ความปลอดภัย/จริยธรรม: ข้อควรระวัง ความปลอดภัย กฎหมาย หรือจริยธรรมที่เกี่ยวข้องกับ การวิเคราะห์ผู้ใช้และ Persona,ภารกิจฝึกปฏิบัติ: กิจกรรมลงมือทำเกี่ยวกับ การวิเคราะห์ผู้ใช้และ Persona ให้ผู้เรียนสร้างหลักฐานผลงาน,ใบงานประจำหน่วย: อธิบายใบงานของหน่วย การวิเคราะห์ผู้ใช้และ Persona: เป้าหมาย งานที่ต้องส่ง รูปแบบ และกำหนดตรวจ,เกณฑ์ประเมินและสรุป: Rubric ประเมินความถูกต้อง กระบวนการ คุณภาพงาน และสรุป Key Takeaway ของ การวิเคราะห์ผู้ใช้และ Persona,คำถามทบทวนและคิดวิเคราะห์: คำถามทบทวน 3–5 ข้อและคำถามคิดวิเคราะห์ที่เชื่อม การวิเคราะห์ผู้ใช้และ Persona กับสถานการณ์จริง
31901-2001,การออกแบบส่วนติดต่อผู้ใช้ขั้นสูง,3,User Journey และ Task Flow,1) อธิบาย User Journey และ Task Flow ได้ 2) วิเคราะห์/เลือกวิธีที่เหมาะสมได้ 3) ปฏิบัติงานหรือสร้างชิ้นงานเกี่ยวกับ User Journey และ Task Flow ได้ 4) ตรวจสอบและสะท้อนผลการทำงานได้,ใบงานหน่วยที่ 3: User Journey และ Task Flow,ภารกิจ 1 อธิบายแนวคิดหลักของ User Journey และ Task Flow; ภารกิจ 2 วิเคราะห์ตัวอย่าง; ภารกิจ 3 ลงมือปฏิบัติ/สร้างชิ้นงาน; ภารกิจ 4 ตรวจข้อผิดพลาด; ภารกิจ 5 สรุปสิ่งที่เรียนรู้และแนบหลักฐาน,ชื่อหน่วยและภาพรวม: อธิบายภาพรวมของ User Journey และ Task Flow และความเชื่อมโยงกับรายวิชา การออกแบบส่วนติดต่อผู้ใช้ขั้นสูง,ผลลัพธ์การเรียนรู้: ผู้เรียนอธิบายหลักการ วิเคราะห์ตัวอย่าง และปฏิบัติงานเกี่ยวกับ User Journey และ Task Flow ได้ตามเกณฑ์,ความรู้เดิมที่ต้องใช้: ทบทวนความรู้พื้นฐานที่จำเป็นก่อนเรียน User Journey และ Task Flow พร้อมคำถามตรวจความพร้อม,คำศัพท์สำคัญ: รวบรวมคำศัพท์หลักของ User Journey และ Task Flow พร้อมความหมายและการใช้งานจริง,ความหมายและขอบเขต: นิยาม User Journey และ Task Flow ขอบเขตงาน และสิ่งที่อยู่/ไม่อยู่ในขอบเขต,หลักการสำคัญ: แจกแจงหลักการสำคัญของ User Journey และ Task Flow เป็นข้อ ๆ พร้อมเหตุผล,องค์ประกอบ/โครงสร้าง: แสดงองค์ประกอบหลัก ความสัมพันธ์ และลำดับการทำงานของ User Journey และ Task Flow,ขั้นตอนการทำงาน 1: เริ่มต้นงาน User Journey และ Task Flow: การเตรียมข้อมูล เครื่องมือ และเงื่อนไขก่อนทำ,ขั้นตอนการทำงาน 2: ขั้นดำเนินงานหลักของ User Journey และ Task Flow พร้อมจุดตรวจสอบระหว่างทาง,ขั้นตอนการทำงาน 3: ขั้นตรวจผล บันทึกผล และส่งมอบงานของ User Journey และ Task Flow,ตัวอย่างที่ถูกต้อง: ตัวอย่างการประยุกต์ User Journey และ Task Flow ที่ถูกต้อง พร้อมอธิบายเหตุผลทีละส่วน,ตัวอย่างที่ผิดและเหตุผล: ตัวอย่างข้อผิดพลาดของ User Journey และ Task Flow วิเคราะห์สาเหตุและผลกระทบ,สาธิต/กรณีตัวอย่าง: กรณีศึกษาจากสถานการณ์จริงหรือจำลองเกี่ยวกับ User Journey และ Task Flow,ข้อผิดพลาดที่พบบ่อย: รวบรวม Common Mistake ของ User Journey และ Task Flow และสัญญาณที่ใช้สังเกต,แนวทางแก้ปัญหา: Troubleshooting แบบเป็นลำดับสำหรับปัญหาที่เกิดระหว่างทำ User Journey และ Task Flow,ความปลอดภัย/จริยธรรม: ข้อควรระวัง ความปลอดภัย กฎหมาย หรือจริยธรรมที่เกี่ยวข้องกับ User Journey และ Task Flow,ภารกิจฝึกปฏิบัติ: กิจกรรมลงมือทำเกี่ยวกับ User Journey และ Task Flow ให้ผู้เรียนสร้างหลักฐานผลงาน,ใบงานประจำหน่วย: อธิบายใบงานของหน่วย User Journey และ Task Flow: เป้าหมาย งานที่ต้องส่ง รูปแบบ และกำหนดตรวจ,เกณฑ์ประเมินและสรุป: Rubric ประเมินความถูกต้อง กระบวนการ คุณภาพงาน และสรุป Key Takeaway ของ User Journey และ Task Flow,คำถามทบทวนและคิดวิเคราะห์: คำถามทบทวน 3–5 ข้อและคำถามคิดวิเคราะห์ที่เชื่อม User Journey และ Task Flow กับสถานการณ์จริง
31901-2001,การออกแบบส่วนติดต่อผู้ใช้ขั้นสูง,4,Information Architecture,1) อธิบาย Information Architecture ได้ 2) วิเคราะห์/เลือกวิธีที่เหมาะสมได้ 3) ปฏิบัติงานหรือสร้างชิ้นงานเกี่ยวกับ Information Architecture ได้ 4) ตรวจสอบและสะท้อนผลการทำงานได้,ใบงานหน่วยที่ 4: Information Architecture,ภารกิจ 1 อธิบายแนวคิดหลักของ Information Architecture; ภารกิจ 2 วิเคราะห์ตัวอย่าง; ภารกิจ 3 ลงมือปฏิบัติ/สร้างชิ้นงาน; ภารกิจ 4 ตรวจข้อผิดพลาด; ภารกิจ 5 สรุปสิ่งที่เรียนรู้และแนบหลักฐาน,ชื่อหน่วยและภาพรวม: อธิบายภาพรวมของ Information Architecture และความเชื่อมโยงกับรายวิชา การออกแบบส่วนติดต่อผู้ใช้ขั้นสูง,ผลลัพธ์การเรียนรู้: ผู้เรียนอธิบายหลักการ วิเคราะห์ตัวอย่าง และปฏิบัติงานเกี่ยวกับ Information Architecture ได้ตามเกณฑ์,ความรู้เดิมที่ต้องใช้: ทบทวนความรู้พื้นฐานที่จำเป็นก่อนเรียน Information Architecture พร้อมคำถามตรวจความพร้อม,คำศัพท์สำคัญ: รวบรวมคำศัพท์หลักของ Information Architecture พร้อมความหมายและการใช้งานจริง,ความหมายและขอบเขต: นิยาม Information Architecture ขอบเขตงาน และสิ่งที่อยู่/ไม่อยู่ในขอบเขต,หลักการสำคัญ: แจกแจงหลักการสำคัญของ Information Architecture เป็นข้อ ๆ พร้อมเหตุผล,องค์ประกอบ/โครงสร้าง: แสดงองค์ประกอบหลัก ความสัมพันธ์ และลำดับการทำงานของ Information Architecture,ขั้นตอนการทำงาน 1: เริ่มต้นงาน Information Architecture: การเตรียมข้อมูล เครื่องมือ และเงื่อนไขก่อนทำ,ขั้นตอนการทำงาน 2: ขั้นดำเนินงานหลักของ Information Architecture พร้อมจุดตรวจสอบระหว่างทาง,ขั้นตอนการทำงาน 3: ขั้นตรวจผล บันทึกผล และส่งมอบงานของ Information Architecture,ตัวอย่างที่ถูกต้อง: ตัวอย่างการประยุกต์ Information Architecture ที่ถูกต้อง พร้อมอธิบายเหตุผลทีละส่วน,ตัวอย่างที่ผิดและเหตุผล: ตัวอย่างข้อผิดพลาดของ Information Architecture วิเคราะห์สาเหตุและผลกระทบ,สาธิต/กรณีตัวอย่าง: กรณีศึกษาจากสถานการณ์จริงหรือจำลองเกี่ยวกับ Information Architecture,ข้อผิดพลาดที่พบบ่อย: รวบรวม Common Mistake ของ Information Architecture และสัญญาณที่ใช้สังเกต,แนวทางแก้ปัญหา: Troubleshooting แบบเป็นลำดับสำหรับปัญหาที่เกิดระหว่างทำ Information Architecture,ความปลอดภัย/จริยธรรม: ข้อควรระวัง ความปลอดภัย กฎหมาย หรือจริยธรรมที่เกี่ยวข้องกับ Information Architecture,ภารกิจฝึกปฏิบัติ: กิจกรรมลงมือทำเกี่ยวกับ Information Architecture ให้ผู้เรียนสร้างหลักฐานผลงาน,ใบงานประจำหน่วย: อธิบายใบงานของหน่วย Information Architecture: เป้าหมาย งานที่ต้องส่ง รูปแบบ และกำหนดตรวจ,เกณฑ์ประเมินและสรุป: Rubric ประเมินความถูกต้อง กระบวนการ คุณภาพงาน และสรุป Key Takeaway ของ Information Architecture,คำถามทบทวนและคิดวิเคราะห์: คำถามทบทวน 3–5 ข้อและคำถามคิดวิเคราะห์ที่เชื่อม Information Architecture กับสถานการณ์จริง
31901-2001,การออกแบบส่วนติดต่อผู้ใช้ขั้นสูง,5,Wireframe และ Low-Fidelity Prototype,1) อธิบาย Wireframe และ Low-Fidelity Prototype ได้ 2) วิเคราะห์/เลือกวิธีที่เหมาะสมได้ 3) ปฏิบัติงานหรือสร้างชิ้นงานเกี่ยวกับ Wireframe และ Low-Fidelity Prototype ได้ 4) ตรวจสอบและสะท้อนผลการทำงานได้,ใบงานหน่วยที่ 5: Wireframe และ Low-Fidelity Prototype,ภารกิจ 1 อธิบายแนวคิดหลักของ Wireframe และ Low-Fidelity Prototype; ภารกิจ 2 วิเคราะห์ตัวอย่าง; ภารกิจ 3 ลงมือปฏิบัติ/สร้างชิ้นงาน; ภารกิจ 4 ตรวจข้อผิดพลาด; ภารกิจ 5 สรุปสิ่งที่เรียนรู้และแนบหลักฐาน,ชื่อหน่วยและภาพรวม: อธิบายภาพรวมของ Wireframe และ Low-Fidelity Prototype และความเชื่อมโยงกับรายวิชา การออกแบบส่วนติดต่อผู้ใช้ขั้นสูง,ผลลัพธ์การเรียนรู้: ผู้เรียนอธิบายหลักการ วิเคราะห์ตัวอย่าง และปฏิบัติงานเกี่ยวกับ Wireframe และ Low-Fidelity Prototype ได้ตามเกณฑ์,ความรู้เดิมที่ต้องใช้: ทบทวนความรู้พื้นฐานที่จำเป็นก่อนเรียน Wireframe และ Low-Fidelity Prototype พร้อมคำถามตรวจความพร้อม,คำศัพท์สำคัญ: รวบรวมคำศัพท์หลักของ Wireframe และ Low-Fidelity Prototype พร้อมความหมายและการใช้งานจริง,ความหมายและขอบเขต: นิยาม Wireframe และ Low-Fidelity Prototype ขอบเขตงาน และสิ่งที่อยู่/ไม่อยู่ในขอบเขต,หลักการสำคัญ: แจกแจงหลักการสำคัญของ Wireframe และ Low-Fidelity Prototype เป็นข้อ ๆ พร้อมเหตุผล,องค์ประกอบ/โครงสร้าง: แสดงองค์ประกอบหลัก ความสัมพันธ์ และลำดับการทำงานของ Wireframe และ Low-Fidelity Prototype,ขั้นตอนการทำงาน 1: เริ่มต้นงาน Wireframe และ Low-Fidelity Prototype: การเตรียมข้อมูล เครื่องมือ และเงื่อนไขก่อนทำ,ขั้นตอนการทำงาน 2: ขั้นดำเนินงานหลักของ Wireframe และ Low-Fidelity Prototype พร้อมจุดตรวจสอบระหว่างทาง,ขั้นตอนการทำงาน 3: ขั้นตรวจผล บันทึกผล และส่งมอบงานของ Wireframe และ Low-Fidelity Prototype,ตัวอย่างที่ถูกต้อง: ตัวอย่างการประยุกต์ Wireframe และ Low-Fidelity Prototype ที่ถูกต้อง พร้อมอธิบายเหตุผลทีละส่วน,ตัวอย่างที่ผิดและเหตุผล: ตัวอย่างข้อผิดพลาดของ Wireframe และ Low-Fidelity Prototype วิเคราะห์สาเหตุและผลกระทบ,สาธิต/กรณีตัวอย่าง: กรณีศึกษาจากสถานการณ์จริงหรือจำลองเกี่ยวกับ Wireframe และ Low-Fidelity Prototype,ข้อผิดพลาดที่พบบ่อย: รวบรวม Common Mistake ของ Wireframe และ Low-Fidelity Prototype และสัญญาณที่ใช้สังเกต,แนวทางแก้ปัญหา: Troubleshooting แบบเป็นลำดับสำหรับปัญหาที่เกิดระหว่างทำ Wireframe และ Low-Fidelity Prototype,ความปลอดภัย/จริยธรรม: ข้อควรระวัง ความปลอดภัย กฎหมาย หรือจริยธรรมที่เกี่ยวข้องกับ Wireframe และ Low-Fidelity Prototype,ภารกิจฝึกปฏิบัติ: กิจกรรมลงมือทำเกี่ยวกับ Wireframe และ Low-Fidelity Prototype ให้ผู้เรียนสร้างหลักฐานผลงาน,ใบงานประจำหน่วย: อธิบายใบงานของหน่วย Wireframe และ Low-Fidelity Prototype: เป้าหมาย งานที่ต้องส่ง รูปแบบ และกำหนดตรวจ,เกณฑ์ประเมินและสรุป: Rubric ประเมินความถูกต้อง กระบวนการ คุณภาพงาน และสรุป Key Takeaway ของ Wireframe และ Low-Fidelity Prototype,คำถามทบทวนและคิดวิเคราะห์: คำถามทบทวน 3–5 ข้อและคำถามคิดวิเคราะห์ที่เชื่อม Wireframe และ Low-Fidelity Prototype กับสถานการณ์จริง
31901-2001,การออกแบบส่วนติดต่อผู้ใช้ขั้นสูง,6,Grid Layout และ Visual Hierarchy,1) อธิบาย Grid Layout และ Visual Hierarchy ได้ 2) วิเคราะห์/เลือกวิธีที่เหมาะสมได้ 3) ปฏิบัติงานหรือสร้างชิ้นงานเกี่ยวกับ Grid Layout และ Visual Hierarchy ได้ 4) ตรวจสอบและสะท้อนผลการทำงานได้,ใบงานหน่วยที่ 6: Grid Layout และ Visual Hierarchy,ภารกิจ 1 อธิบายแนวคิดหลักของ Grid Layout และ Visual Hierarchy; ภารกิจ 2 วิเคราะห์ตัวอย่าง; ภารกิจ 3 ลงมือปฏิบัติ/สร้างชิ้นงาน; ภารกิจ 4 ตรวจข้อผิดพลาด; ภารกิจ 5 สรุปสิ่งที่เรียนรู้และแนบหลักฐาน,ชื่อหน่วยและภาพรวม: อธิบายภาพรวมของ Grid Layout และ Visual Hierarchy และความเชื่อมโยงกับรายวิชา การออกแบบส่วนติดต่อผู้ใช้ขั้นสูง,ผลลัพธ์การเรียนรู้: ผู้เรียนอธิบายหลักการ วิเคราะห์ตัวอย่าง และปฏิบัติงานเกี่ยวกับ Grid Layout และ Visual Hierarchy ได้ตามเกณฑ์,ความรู้เดิมที่ต้องใช้: ทบทวนความรู้พื้นฐานที่จำเป็นก่อนเรียน Grid Layout และ Visual Hierarchy พร้อมคำถามตรวจความพร้อม,คำศัพท์สำคัญ: รวบรวมคำศัพท์หลักของ Grid Layout และ Visual Hierarchy พร้อมความหมายและการใช้งานจริง,ความหมายและขอบเขต: นิยาม Grid Layout และ Visual Hierarchy ขอบเขตงาน และสิ่งที่อยู่/ไม่อยู่ในขอบเขต,หลักการสำคัญ: แจกแจงหลักการสำคัญของ Grid Layout และ Visual Hierarchy เป็นข้อ ๆ พร้อมเหตุผล,องค์ประกอบ/โครงสร้าง: แสดงองค์ประกอบหลัก ความสัมพันธ์ และลำดับการทำงานของ Grid Layout และ Visual Hierarchy,ขั้นตอนการทำงาน 1: เริ่มต้นงาน Grid Layout และ Visual Hierarchy: การเตรียมข้อมูล เครื่องมือ และเงื่อนไขก่อนทำ,ขั้นตอนการทำงาน 2: ขั้นดำเนินงานหลักของ Grid Layout และ Visual Hierarchy พร้อมจุดตรวจสอบระหว่างทาง,ขั้นตอนการทำงาน 3: ขั้นตรวจผล บันทึกผล และส่งมอบงานของ Grid Layout และ Visual Hierarchy,ตัวอย่างที่ถูกต้อง: ตัวอย่างการประยุกต์ Grid Layout และ Visual Hierarchy ที่ถูกต้อง พร้อมอธิบายเหตุผลทีละส่วน,ตัวอย่างที่ผิดและเหตุผล: ตัวอย่างข้อผิดพลาดของ Grid Layout และ Visual Hierarchy วิเคราะห์สาเหตุและผลกระทบ,สาธิต/กรณีตัวอย่าง: กรณีศึกษาจากสถานการณ์จริงหรือจำลองเกี่ยวกับ Grid Layout และ Visual Hierarchy,ข้อผิดพลาดที่พบบ่อย: รวบรวม Common Mistake ของ Grid Layout และ Visual Hierarchy และสัญญาณที่ใช้สังเกต,แนวทางแก้ปัญหา: Troubleshooting แบบเป็นลำดับสำหรับปัญหาที่เกิดระหว่างทำ Grid Layout และ Visual Hierarchy,ความปลอดภัย/จริยธรรม: ข้อควรระวัง ความปลอดภัย กฎหมาย หรือจริยธรรมที่เกี่ยวข้องกับ Grid Layout และ Visual Hierarchy,ภารกิจฝึกปฏิบัติ: กิจกรรมลงมือทำเกี่ยวกับ Grid Layout และ Visual Hierarchy ให้ผู้เรียนสร้างหลักฐานผลงาน,ใบงานประจำหน่วย: อธิบายใบงานของหน่วย Grid Layout และ Visual Hierarchy: เป้าหมาย งานที่ต้องส่ง รูปแบบ และกำหนดตรวจ,เกณฑ์ประเมินและสรุป: Rubric ประเมินความถูกต้อง กระบวนการ คุณภาพงาน และสรุป Key Takeaway ของ Grid Layout และ Visual Hierarchy,คำถามทบทวนและคิดวิเคราะห์: คำถามทบทวน 3–5 ข้อและคำถามคิดวิเคราะห์ที่เชื่อม Grid Layout และ Visual Hierarchy กับสถานการณ์จริง
31901-2001,การออกแบบส่วนติดต่อผู้ใช้ขั้นสูง,7,Typography สำหรับหน้าจอ,1) อธิบาย Typography สำหรับหน้าจอ ได้ 2) วิเคราะห์/เลือกวิธีที่เหมาะสมได้ 3) ปฏิบัติงานหรือสร้างชิ้นงานเกี่ยวกับ Typography สำหรับหน้าจอ ได้ 4) ตรวจสอบและสะท้อนผลการทำงานได้,ใบงานหน่วยที่ 7: Typography สำหรับหน้าจอ,ภารกิจ 1 อธิบายแนวคิดหลักของ Typography สำหรับหน้าจอ; ภารกิจ 2 วิเคราะห์ตัวอย่าง; ภารกิจ 3 ลงมือปฏิบัติ/สร้างชิ้นงาน; ภารกิจ 4 ตรวจข้อผิดพลาด; ภารกิจ 5 สรุปสิ่งที่เรียนรู้และแนบหลักฐาน,ชื่อหน่วยและภาพรวม: อธิบายภาพรวมของ Typography สำหรับหน้าจอ และความเชื่อมโยงกับรายวิชา การออกแบบส่วนติดต่อผู้ใช้ขั้นสูง,ผลลัพธ์การเรียนรู้: ผู้เรียนอธิบายหลักการ วิเคราะห์ตัวอย่าง และปฏิบัติงานเกี่ยวกับ Typography สำหรับหน้าจอ ได้ตามเกณฑ์,ความรู้เดิมที่ต้องใช้: ทบทวนความรู้พื้นฐานที่จำเป็นก่อนเรียน Typography สำหรับหน้าจอ พร้อมคำถามตรวจความพร้อม,คำศัพท์สำคัญ: รวบรวมคำศัพท์หลักของ Typography สำหรับหน้าจอ พร้อมความหมายและการใช้งานจริง,ความหมายและขอบเขต: นิยาม Typography สำหรับหน้าจอ ขอบเขตงาน และสิ่งที่อยู่/ไม่อยู่ในขอบเขต,หลักการสำคัญ: แจกแจงหลักการสำคัญของ Typography สำหรับหน้าจอ เป็นข้อ ๆ พร้อมเหตุผล,องค์ประกอบ/โครงสร้าง: แสดงองค์ประกอบหลัก ความสัมพันธ์ และลำดับการทำงานของ Typography สำหรับหน้าจอ,ขั้นตอนการทำงาน 1: เริ่มต้นงาน Typography สำหรับหน้าจอ: การเตรียมข้อมูล เครื่องมือ และเงื่อนไขก่อนทำ,ขั้นตอนการทำงาน 2: ขั้นดำเนินงานหลักของ Typography สำหรับหน้าจอ พร้อมจุดตรวจสอบระหว่างทาง,ขั้นตอนการทำงาน 3: ขั้นตรวจผล บันทึกผล และส่งมอบงานของ Typography สำหรับหน้าจอ,ตัวอย่างที่ถูกต้อง: ตัวอย่างการประยุกต์ Typography สำหรับหน้าจอ ที่ถูกต้อง พร้อมอธิบายเหตุผลทีละส่วน,ตัวอย่างที่ผิดและเหตุผล: ตัวอย่างข้อผิดพลาดของ Typography สำหรับหน้าจอ วิเคราะห์สาเหตุและผลกระทบ,สาธิต/กรณีตัวอย่าง: กรณีศึกษาจากสถานการณ์จริงหรือจำลองเกี่ยวกับ Typography สำหรับหน้าจอ,ข้อผิดพลาดที่พบบ่อย: รวบรวม Common Mistake ของ Typography สำหรับหน้าจอ และสัญญาณที่ใช้สังเกต,แนวทางแก้ปัญหา: Troubleshooting แบบเป็นลำดับสำหรับปัญหาที่เกิดระหว่างทำ Typography สำหรับหน้าจอ,ความปลอดภัย/จริยธรรม: ข้อควรระวัง ความปลอดภัย กฎหมาย หรือจริยธรรมที่เกี่ยวข้องกับ Typography สำหรับหน้าจอ,ภารกิจฝึกปฏิบัติ: กิจกรรมลงมือทำเกี่ยวกับ Typography สำหรับหน้าจอ ให้ผู้เรียนสร้างหลักฐานผลงาน,ใบงานประจำหน่วย: อธิบายใบงานของหน่วย Typography สำหรับหน้าจอ: เป้าหมาย งานที่ต้องส่ง รูปแบบ และกำหนดตรวจ,เกณฑ์ประเมินและสรุป: Rubric ประเมินความถูกต้อง กระบวนการ คุณภาพงาน และสรุป Key Takeaway ของ Typography สำหรับหน้าจอ,คำถามทบทวนและคิดวิเคราะห์: คำถามทบทวน 3–5 ข้อและคำถามคิดวิเคราะห์ที่เชื่อม Typography สำหรับหน้าจอ กับสถานการณ์จริง
31901-2001,การออกแบบส่วนติดต่อผู้ใช้ขั้นสูง,8,Color System และ Accessibility,1) อธิบาย Color System และ Accessibility ได้ 2) วิเคราะห์/เลือกวิธีที่เหมาะสมได้ 3) ปฏิบัติงานหรือสร้างชิ้นงานเกี่ยวกับ Color System และ Accessibility ได้ 4) ตรวจสอบและสะท้อนผลการทำงานได้,ใบงานหน่วยที่ 8: Color System และ Accessibility,ภารกิจ 1 อธิบายแนวคิดหลักของ Color System และ Accessibility; ภารกิจ 2 วิเคราะห์ตัวอย่าง; ภารกิจ 3 ลงมือปฏิบัติ/สร้างชิ้นงาน; ภารกิจ 4 ตรวจข้อผิดพลาด; ภารกิจ 5 สรุปสิ่งที่เรียนรู้และแนบหลักฐาน,ชื่อหน่วยและภาพรวม: อธิบายภาพรวมของ Color System และ Accessibility และความเชื่อมโยงกับรายวิชา การออกแบบส่วนติดต่อผู้ใช้ขั้นสูง,ผลลัพธ์การเรียนรู้: ผู้เรียนอธิบายหลักการ วิเคราะห์ตัวอย่าง และปฏิบัติงานเกี่ยวกับ Color System และ Accessibility ได้ตามเกณฑ์,ความรู้เดิมที่ต้องใช้: ทบทวนความรู้พื้นฐานที่จำเป็นก่อนเรียน Color System และ Accessibility พร้อมคำถามตรวจความพร้อม,คำศัพท์สำคัญ: รวบรวมคำศัพท์หลักของ Color System และ Accessibility พร้อมความหมายและการใช้งานจริง,ความหมายและขอบเขต: นิยาม Color System และ Accessibility ขอบเขตงาน และสิ่งที่อยู่/ไม่อยู่ในขอบเขต,หลักการสำคัญ: แจกแจงหลักการสำคัญของ Color System และ Accessibility เป็นข้อ ๆ พร้อมเหตุผล,องค์ประกอบ/โครงสร้าง: แสดงองค์ประกอบหลัก ความสัมพันธ์ และลำดับการทำงานของ Color System และ Accessibility,ขั้นตอนการทำงาน 1: เริ่มต้นงาน Color System และ Accessibility: การเตรียมข้อมูล เครื่องมือ และเงื่อนไขก่อนทำ,ขั้นตอนการทำงาน 2: ขั้นดำเนินงานหลักของ Color System และ Accessibility พร้อมจุดตรวจสอบระหว่างทาง,ขั้นตอนการทำงาน 3: ขั้นตรวจผล บันทึกผล และส่งมอบงานของ Color System และ Accessibility,ตัวอย่างที่ถูกต้อง: ตัวอย่างการประยุกต์ Color System และ Accessibility ที่ถูกต้อง พร้อมอธิบายเหตุผลทีละส่วน,ตัวอย่างที่ผิดและเหตุผล: ตัวอย่างข้อผิดพลาดของ Color System และ Accessibility วิเคราะห์สาเหตุและผลกระทบ,สาธิต/กรณีตัวอย่าง: กรณีศึกษาจากสถานการณ์จริงหรือจำลองเกี่ยวกับ Color System และ Accessibility,ข้อผิดพลาดที่พบบ่อย: รวบรวม Common Mistake ของ Color System และ Accessibility และสัญญาณที่ใช้สังเกต,แนวทางแก้ปัญหา: Troubleshooting แบบเป็นลำดับสำหรับปัญหาที่เกิดระหว่างทำ Color System และ Accessibility,ความปลอดภัย/จริยธรรม: ข้อควรระวัง ความปลอดภัย กฎหมาย หรือจริยธรรมที่เกี่ยวข้องกับ Color System และ Accessibility,ภารกิจฝึกปฏิบัติ: กิจกรรมลงมือทำเกี่ยวกับ Color System และ Accessibility ให้ผู้เรียนสร้างหลักฐานผลงาน,ใบงานประจำหน่วย: อธิบายใบงานของหน่วย Color System และ Accessibility: เป้าหมาย งานที่ต้องส่ง รูปแบบ และกำหนดตรวจ,เกณฑ์ประเมินและสรุป: Rubric ประเมินความถูกต้อง กระบวนการ คุณภาพงาน และสรุป Key Takeaway ของ Color System และ Accessibility,คำถามทบทวนและคิดวิเคราะห์: คำถามทบทวน 3–5 ข้อและคำถามคิดวิเคราะห์ที่เชื่อม Color System และ Accessibility กับสถานการณ์จริง
31901-2001,การออกแบบส่วนติดต่อผู้ใช้ขั้นสูง,9,Design System และ Component Library,1) อธิบาย Design System และ Component Library ได้ 2) วิเคราะห์/เลือกวิธีที่เหมาะสมได้ 3) ปฏิบัติงานหรือสร้างชิ้นงานเกี่ยวกับ Design System และ Component Library ได้ 4) ตรวจสอบและสะท้อนผลการทำงานได้,ใบงานหน่วยที่ 9: Design System และ Component Library,ภารกิจ 1 อธิบายแนวคิดหลักของ Design System และ Component Library; ภารกิจ 2 วิเคราะห์ตัวอย่าง; ภารกิจ 3 ลงมือปฏิบัติ/สร้างชิ้นงาน; ภารกิจ 4 ตรวจข้อผิดพลาด; ภารกิจ 5 สรุปสิ่งที่เรียนรู้และแนบหลักฐาน,ชื่อหน่วยและภาพรวม: อธิบายภาพรวมของ Design System และ Component Library และความเชื่อมโยงกับรายวิชา การออกแบบส่วนติดต่อผู้ใช้ขั้นสูง,ผลลัพธ์การเรียนรู้: ผู้เรียนอธิบายหลักการ วิเคราะห์ตัวอย่าง และปฏิบัติงานเกี่ยวกับ Design System และ Component Library ได้ตามเกณฑ์,ความรู้เดิมที่ต้องใช้: ทบทวนความรู้พื้นฐานที่จำเป็นก่อนเรียน Design System และ Component Library พร้อมคำถามตรวจความพร้อม,คำศัพท์สำคัญ: รวบรวมคำศัพท์หลักของ Design System และ Component Library พร้อมความหมายและการใช้งานจริง,ความหมายและขอบเขต: นิยาม Design System และ Component Library ขอบเขตงาน และสิ่งที่อยู่/ไม่อยู่ในขอบเขต,หลักการสำคัญ: แจกแจงหลักการสำคัญของ Design System และ Component Library เป็นข้อ ๆ พร้อมเหตุผล,องค์ประกอบ/โครงสร้าง: แสดงองค์ประกอบหลัก ความสัมพันธ์ และลำดับการทำงานของ Design System และ Component Library,ขั้นตอนการทำงาน 1: เริ่มต้นงาน Design System และ Component Library: การเตรียมข้อมูล เครื่องมือ และเงื่อนไขก่อนทำ,ขั้นตอนการทำงาน 2: ขั้นดำเนินงานหลักของ Design System และ Component Library พร้อมจุดตรวจสอบระหว่างทาง,ขั้นตอนการทำงาน 3: ขั้นตรวจผล บันทึกผล และส่งมอบงานของ Design System และ Component Library,ตัวอย่างที่ถูกต้อง: ตัวอย่างการประยุกต์ Design System และ Component Library ที่ถูกต้อง พร้อมอธิบายเหตุผลทีละส่วน,ตัวอย่างที่ผิดและเหตุผล: ตัวอย่างข้อผิดพลาดของ Design System และ Component Library วิเคราะห์สาเหตุและผลกระทบ,สาธิต/กรณีตัวอย่าง: กรณีศึกษาจากสถานการณ์จริงหรือจำลองเกี่ยวกับ Design System และ Component Library,ข้อผิดพลาดที่พบบ่อย: รวบรวม Common Mistake ของ Design System และ Component Library และสัญญาณที่ใช้สังเกต,แนวทางแก้ปัญหา: Troubleshooting แบบเป็นลำดับสำหรับปัญหาที่เกิดระหว่างทำ Design System และ Component Library,ความปลอดภัย/จริยธรรม: ข้อควรระวัง ความปลอดภัย กฎหมาย หรือจริยธรรมที่เกี่ยวข้องกับ Design System และ Component Library,ภารกิจฝึกปฏิบัติ: กิจกรรมลงมือทำเกี่ยวกับ Design System และ Component Library ให้ผู้เรียนสร้างหลักฐานผลงาน,ใบงานประจำหน่วย: อธิบายใบงานของหน่วย Design System และ Component Library: เป้าหมาย งานที่ต้องส่ง รูปแบบ และกำหนดตรวจ,เกณฑ์ประเมินและสรุป: Rubric ประเมินความถูกต้อง กระบวนการ คุณภาพงาน และสรุป Key Takeaway ของ Design System และ Component Library,คำถามทบทวนและคิดวิเคราะห์: คำถามทบทวน 3–5 ข้อและคำถามคิดวิเคราะห์ที่เชื่อม Design System และ Component Library กับสถานการณ์จริง
31901-2001,การออกแบบส่วนติดต่อผู้ใช้ขั้นสูง,10,Responsive Design สำหรับ Desktop/Tablet,1) อธิบาย Responsive Design สำหรับ Desktop/Tablet ได้ 2) วิเคราะห์/เลือกวิธีที่เหมาะสมได้ 3) ปฏิบัติงานหรือสร้างชิ้นงานเกี่ยวกับ Responsive Design สำหรับ Desktop/Tablet ได้ 4) ตรวจสอบและสะท้อนผลการทำงานได้,ใบงานหน่วยที่ 10: Responsive Design สำหรับ Desktop/Tablet,ภารกิจ 1 อธิบายแนวคิดหลักของ Responsive Design สำหรับ Desktop/Tablet; ภารกิจ 2 วิเคราะห์ตัวอย่าง; ภารกิจ 3 ลงมือปฏิบัติ/สร้างชิ้นงาน; ภารกิจ 4 ตรวจข้อผิดพลาด; ภารกิจ 5 สรุปสิ่งที่เรียนรู้และแนบหลักฐาน,ชื่อหน่วยและภาพรวม: อธิบายภาพรวมของ Responsive Design สำหรับ Desktop/Tablet และความเชื่อมโยงกับรายวิชา การออกแบบส่วนติดต่อผู้ใช้ขั้นสูง,ผลลัพธ์การเรียนรู้: ผู้เรียนอธิบายหลักการ วิเคราะห์ตัวอย่าง และปฏิบัติงานเกี่ยวกับ Responsive Design สำหรับ Desktop/Tablet ได้ตามเกณฑ์,ความรู้เดิมที่ต้องใช้: ทบทวนความรู้พื้นฐานที่จำเป็นก่อนเรียน Responsive Design สำหรับ Desktop/Tablet พร้อมคำถามตรวจความพร้อม,คำศัพท์สำคัญ: รวบรวมคำศัพท์หลักของ Responsive Design สำหรับ Desktop/Tablet พร้อมความหมายและการใช้งานจริง,ความหมายและขอบเขต: นิยาม Responsive Design สำหรับ Desktop/Tablet ขอบเขตงาน และสิ่งที่อยู่/ไม่อยู่ในขอบเขต,หลักการสำคัญ: แจกแจงหลักการสำคัญของ Responsive Design สำหรับ Desktop/Tablet เป็นข้อ ๆ พร้อมเหตุผล,องค์ประกอบ/โครงสร้าง: แสดงองค์ประกอบหลัก ความสัมพันธ์ และลำดับการทำงานของ Responsive Design สำหรับ Desktop/Tablet,ขั้นตอนการทำงาน 1: เริ่มต้นงาน Responsive Design สำหรับ Desktop/Tablet: การเตรียมข้อมูล เครื่องมือ และเงื่อนไขก่อนทำ,ขั้นตอนการทำงาน 2: ขั้นดำเนินงานหลักของ Responsive Design สำหรับ Desktop/Tablet พร้อมจุดตรวจสอบระหว่างทาง,ขั้นตอนการทำงาน 3: ขั้นตรวจผล บันทึกผล และส่งมอบงานของ Responsive Design สำหรับ Desktop/Tablet,ตัวอย่างที่ถูกต้อง: ตัวอย่างการประยุกต์ Responsive Design สำหรับ Desktop/Tablet ที่ถูกต้อง พร้อมอธิบายเหตุผลทีละส่วน,ตัวอย่างที่ผิดและเหตุผล: ตัวอย่างข้อผิดพลาดของ Responsive Design สำหรับ Desktop/Tablet วิเคราะห์สาเหตุและผลกระทบ,สาธิต/กรณีตัวอย่าง: กรณีศึกษาจากสถานการณ์จริงหรือจำลองเกี่ยวกับ Responsive Design สำหรับ Desktop/Tablet,ข้อผิดพลาดที่พบบ่อย: รวบรวม Common Mistake ของ Responsive Design สำหรับ Desktop/Tablet และสัญญาณที่ใช้สังเกต,แนวทางแก้ปัญหา: Troubleshooting แบบเป็นลำดับสำหรับปัญหาที่เกิดระหว่างทำ Responsive Design สำหรับ Desktop/Tablet,ความปลอดภัย/จริยธรรม: ข้อควรระวัง ความปลอดภัย กฎหมาย หรือจริยธรรมที่เกี่ยวข้องกับ Responsive Design สำหรับ Desktop/Tablet,ภารกิจฝึกปฏิบัติ: กิจกรรมลงมือทำเกี่ยวกับ Responsive Design สำหรับ Desktop/Tablet ให้ผู้เรียนสร้างหลักฐานผลงาน,ใบงานประจำหน่วย: อธิบายใบงานของหน่วย Responsive Design สำหรับ Desktop/Tablet: เป้าหมาย งานที่ต้องส่ง รูปแบบ และกำหนดตรวจ,เกณฑ์ประเมินและสรุป: Rubric ประเมินความถูกต้อง กระบวนการ คุณภาพงาน และสรุป Key Takeaway ของ Responsive Design สำหรับ Desktop/Tablet,คำถามทบทวนและคิดวิเคราะห์: คำถามทบทวน 3–5 ข้อและคำถามคิดวิเคราะห์ที่เชื่อม Responsive Design สำหรับ Desktop/Tablet กับสถานการณ์จริง
31901-2001,การออกแบบส่วนติดต่อผู้ใช้ขั้นสูง,11,Form และ Data Entry UX,1) อธิบาย Form และ Data Entry UX ได้ 2) วิเคราะห์/เลือกวิธีที่เหมาะสมได้ 3) ปฏิบัติงานหรือสร้างชิ้นงานเกี่ยวกับ Form และ Data Entry UX ได้ 4) ตรวจสอบและสะท้อนผลการทำงานได้,ใบงานหน่วยที่ 11: Form และ Data Entry UX,ภารกิจ 1 อธิบายแนวคิดหลักของ Form และ Data Entry UX; ภารกิจ 2 วิเคราะห์ตัวอย่าง; ภารกิจ 3 ลงมือปฏิบัติ/สร้างชิ้นงาน; ภารกิจ 4 ตรวจข้อผิดพลาด; ภารกิจ 5 สรุปสิ่งที่เรียนรู้และแนบหลักฐาน,ชื่อหน่วยและภาพรวม: อธิบายภาพรวมของ Form และ Data Entry UX และความเชื่อมโยงกับรายวิชา การออกแบบส่วนติดต่อผู้ใช้ขั้นสูง,ผลลัพธ์การเรียนรู้: ผู้เรียนอธิบายหลักการ วิเคราะห์ตัวอย่าง และปฏิบัติงานเกี่ยวกับ Form และ Data Entry UX ได้ตามเกณฑ์,ความรู้เดิมที่ต้องใช้: ทบทวนความรู้พื้นฐานที่จำเป็นก่อนเรียน Form และ Data Entry UX พร้อมคำถามตรวจความพร้อม,คำศัพท์สำคัญ: รวบรวมคำศัพท์หลักของ Form และ Data Entry UX พร้อมความหมายและการใช้งานจริง,ความหมายและขอบเขต: นิยาม Form และ Data Entry UX ขอบเขตงาน และสิ่งที่อยู่/ไม่อยู่ในขอบเขต,หลักการสำคัญ: แจกแจงหลักการสำคัญของ Form และ Data Entry UX เป็นข้อ ๆ พร้อมเหตุผล,องค์ประกอบ/โครงสร้าง: แสดงองค์ประกอบหลัก ความสัมพันธ์ และลำดับการทำงานของ Form และ Data Entry UX,ขั้นตอนการทำงาน 1: เริ่มต้นงาน Form และ Data Entry UX: การเตรียมข้อมูล เครื่องมือ และเงื่อนไขก่อนทำ,ขั้นตอนการทำงาน 2: ขั้นดำเนินงานหลักของ Form และ Data Entry UX พร้อมจุดตรวจสอบระหว่างทาง,ขั้นตอนการทำงาน 3: ขั้นตรวจผล บันทึกผล และส่งมอบงานของ Form และ Data Entry UX,ตัวอย่างที่ถูกต้อง: ตัวอย่างการประยุกต์ Form และ Data Entry UX ที่ถูกต้อง พร้อมอธิบายเหตุผลทีละส่วน,ตัวอย่างที่ผิดและเหตุผล: ตัวอย่างข้อผิดพลาดของ Form และ Data Entry UX วิเคราะห์สาเหตุและผลกระทบ,สาธิต/กรณีตัวอย่าง: กรณีศึกษาจากสถานการณ์จริงหรือจำลองเกี่ยวกับ Form และ Data Entry UX,ข้อผิดพลาดที่พบบ่อย: รวบรวม Common Mistake ของ Form และ Data Entry UX และสัญญาณที่ใช้สังเกต,แนวทางแก้ปัญหา: Troubleshooting แบบเป็นลำดับสำหรับปัญหาที่เกิดระหว่างทำ Form และ Data Entry UX,ความปลอดภัย/จริยธรรม: ข้อควรระวัง ความปลอดภัย กฎหมาย หรือจริยธรรมที่เกี่ยวข้องกับ Form และ Data Entry UX,ภารกิจฝึกปฏิบัติ: กิจกรรมลงมือทำเกี่ยวกับ Form และ Data Entry UX ให้ผู้เรียนสร้างหลักฐานผลงาน,ใบงานประจำหน่วย: อธิบายใบงานของหน่วย Form และ Data Entry UX: เป้าหมาย งานที่ต้องส่ง รูปแบบ และกำหนดตรวจ,เกณฑ์ประเมินและสรุป: Rubric ประเมินความถูกต้อง กระบวนการ คุณภาพงาน และสรุป Key Takeaway ของ Form และ Data Entry UX,คำถามทบทวนและคิดวิเคราะห์: คำถามทบทวน 3–5 ข้อและคำถามคิดวิเคราะห์ที่เชื่อม Form และ Data Entry UX กับสถานการณ์จริง
31901-2001,การออกแบบส่วนติดต่อผู้ใช้ขั้นสูง,12,Navigation Pattern ขั้นสูง,1) อธิบาย Navigation Pattern ขั้นสูง ได้ 2) วิเคราะห์/เลือกวิธีที่เหมาะสมได้ 3) ปฏิบัติงานหรือสร้างชิ้นงานเกี่ยวกับ Navigation Pattern ขั้นสูง ได้ 4) ตรวจสอบและสะท้อนผลการทำงานได้,ใบงานหน่วยที่ 12: Navigation Pattern ขั้นสูง,ภารกิจ 1 อธิบายแนวคิดหลักของ Navigation Pattern ขั้นสูง; ภารกิจ 2 วิเคราะห์ตัวอย่าง; ภารกิจ 3 ลงมือปฏิบัติ/สร้างชิ้นงาน; ภารกิจ 4 ตรวจข้อผิดพลาด; ภารกิจ 5 สรุปสิ่งที่เรียนรู้และแนบหลักฐาน,ชื่อหน่วยและภาพรวม: อธิบายภาพรวมของ Navigation Pattern ขั้นสูง และความเชื่อมโยงกับรายวิชา การออกแบบส่วนติดต่อผู้ใช้ขั้นสูง,ผลลัพธ์การเรียนรู้: ผู้เรียนอธิบายหลักการ วิเคราะห์ตัวอย่าง และปฏิบัติงานเกี่ยวกับ Navigation Pattern ขั้นสูง ได้ตามเกณฑ์,ความรู้เดิมที่ต้องใช้: ทบทวนความรู้พื้นฐานที่จำเป็นก่อนเรียน Navigation Pattern ขั้นสูง พร้อมคำถามตรวจความพร้อม,คำศัพท์สำคัญ: รวบรวมคำศัพท์หลักของ Navigation Pattern ขั้นสูง พร้อมความหมายและการใช้งานจริง,ความหมายและขอบเขต: นิยาม Navigation Pattern ขั้นสูง ขอบเขตงาน และสิ่งที่อยู่/ไม่อยู่ในขอบเขต,หลักการสำคัญ: แจกแจงหลักการสำคัญของ Navigation Pattern ขั้นสูง เป็นข้อ ๆ พร้อมเหตุผล,องค์ประกอบ/โครงสร้าง: แสดงองค์ประกอบหลัก ความสัมพันธ์ และลำดับการทำงานของ Navigation Pattern ขั้นสูง,ขั้นตอนการทำงาน 1: เริ่มต้นงาน Navigation Pattern ขั้นสูง: การเตรียมข้อมูล เครื่องมือ และเงื่อนไขก่อนทำ,ขั้นตอนการทำงาน 2: ขั้นดำเนินงานหลักของ Navigation Pattern ขั้นสูง พร้อมจุดตรวจสอบระหว่างทาง,ขั้นตอนการทำงาน 3: ขั้นตรวจผล บันทึกผล และส่งมอบงานของ Navigation Pattern ขั้นสูง,ตัวอย่างที่ถูกต้อง: ตัวอย่างการประยุกต์ Navigation Pattern ขั้นสูง ที่ถูกต้อง พร้อมอธิบายเหตุผลทีละส่วน,ตัวอย่างที่ผิดและเหตุผล: ตัวอย่างข้อผิดพลาดของ Navigation Pattern ขั้นสูง วิเคราะห์สาเหตุและผลกระทบ,สาธิต/กรณีตัวอย่าง: กรณีศึกษาจากสถานการณ์จริงหรือจำลองเกี่ยวกับ Navigation Pattern ขั้นสูง,ข้อผิดพลาดที่พบบ่อย: รวบรวม Common Mistake ของ Navigation Pattern ขั้นสูง และสัญญาณที่ใช้สังเกต,แนวทางแก้ปัญหา: Troubleshooting แบบเป็นลำดับสำหรับปัญหาที่เกิดระหว่างทำ Navigation Pattern ขั้นสูง,ความปลอดภัย/จริยธรรม: ข้อควรระวัง ความปลอดภัย กฎหมาย หรือจริยธรรมที่เกี่ยวข้องกับ Navigation Pattern ขั้นสูง,ภารกิจฝึกปฏิบัติ: กิจกรรมลงมือทำเกี่ยวกับ Navigation Pattern ขั้นสูง ให้ผู้เรียนสร้างหลักฐานผลงาน,ใบงานประจำหน่วย: อธิบายใบงานของหน่วย Navigation Pattern ขั้นสูง: เป้าหมาย งานที่ต้องส่ง รูปแบบ และกำหนดตรวจ,เกณฑ์ประเมินและสรุป: Rubric ประเมินความถูกต้อง กระบวนการ คุณภาพงาน และสรุป Key Takeaway ของ Navigation Pattern ขั้นสูง,คำถามทบทวนและคิดวิเคราะห์: คำถามทบทวน 3–5 ข้อและคำถามคิดวิเคราะห์ที่เชื่อม Navigation Pattern ขั้นสูง กับสถานการณ์จริง
31901-2001,การออกแบบส่วนติดต่อผู้ใช้ขั้นสูง,13,Dashboard และ Data Visualization UI,1) อธิบาย Dashboard และ Data Visualization UI ได้ 2) วิเคราะห์/เลือกวิธีที่เหมาะสมได้ 3) ปฏิบัติงานหรือสร้างชิ้นงานเกี่ยวกับ Dashboard และ Data Visualization UI ได้ 4) ตรวจสอบและสะท้อนผลการทำงานได้,ใบงานหน่วยที่ 13: Dashboard และ Data Visualization UI,ภารกิจ 1 อธิบายแนวคิดหลักของ Dashboard และ Data Visualization UI; ภารกิจ 2 วิเคราะห์ตัวอย่าง; ภารกิจ 3 ลงมือปฏิบัติ/สร้างชิ้นงาน; ภารกิจ 4 ตรวจข้อผิดพลาด; ภารกิจ 5 สรุปสิ่งที่เรียนรู้และแนบหลักฐาน,ชื่อหน่วยและภาพรวม: อธิบายภาพรวมของ Dashboard และ Data Visualization UI และความเชื่อมโยงกับรายวิชา การออกแบบส่วนติดต่อผู้ใช้ขั้นสูง,ผลลัพธ์การเรียนรู้: ผู้เรียนอธิบายหลักการ วิเคราะห์ตัวอย่าง และปฏิบัติงานเกี่ยวกับ Dashboard และ Data Visualization UI ได้ตามเกณฑ์,ความรู้เดิมที่ต้องใช้: ทบทวนความรู้พื้นฐานที่จำเป็นก่อนเรียน Dashboard และ Data Visualization UI พร้อมคำถามตรวจความพร้อม,คำศัพท์สำคัญ: รวบรวมคำศัพท์หลักของ Dashboard และ Data Visualization UI พร้อมความหมายและการใช้งานจริง,ความหมายและขอบเขต: นิยาม Dashboard และ Data Visualization UI ขอบเขตงาน และสิ่งที่อยู่/ไม่อยู่ในขอบเขต,หลักการสำคัญ: แจกแจงหลักการสำคัญของ Dashboard และ Data Visualization UI เป็นข้อ ๆ พร้อมเหตุผล,องค์ประกอบ/โครงสร้าง: แสดงองค์ประกอบหลัก ความสัมพันธ์ และลำดับการทำงานของ Dashboard และ Data Visualization UI,ขั้นตอนการทำงาน 1: เริ่มต้นงาน Dashboard และ Data Visualization UI: การเตรียมข้อมูล เครื่องมือ และเงื่อนไขก่อนทำ,ขั้นตอนการทำงาน 2: ขั้นดำเนินงานหลักของ Dashboard และ Data Visualization UI พร้อมจุดตรวจสอบระหว่างทาง,ขั้นตอนการทำงาน 3: ขั้นตรวจผล บันทึกผล และส่งมอบงานของ Dashboard และ Data Visualization UI,ตัวอย่างที่ถูกต้อง: ตัวอย่างการประยุกต์ Dashboard และ Data Visualization UI ที่ถูกต้อง พร้อมอธิบายเหตุผลทีละส่วน,ตัวอย่างที่ผิดและเหตุผล: ตัวอย่างข้อผิดพลาดของ Dashboard และ Data Visualization UI วิเคราะห์สาเหตุและผลกระทบ,สาธิต/กรณีตัวอย่าง: กรณีศึกษาจากสถานการณ์จริงหรือจำลองเกี่ยวกับ Dashboard และ Data Visualization UI,ข้อผิดพลาดที่พบบ่อย: รวบรวม Common Mistake ของ Dashboard และ Data Visualization UI และสัญญาณที่ใช้สังเกต,แนวทางแก้ปัญหา: Troubleshooting แบบเป็นลำดับสำหรับปัญหาที่เกิดระหว่างทำ Dashboard และ Data Visualization UI,ความปลอดภัย/จริยธรรม: ข้อควรระวัง ความปลอดภัย กฎหมาย หรือจริยธรรมที่เกี่ยวข้องกับ Dashboard และ Data Visualization UI,ภารกิจฝึกปฏิบัติ: กิจกรรมลงมือทำเกี่ยวกับ Dashboard และ Data Visualization UI ให้ผู้เรียนสร้างหลักฐานผลงาน,ใบงานประจำหน่วย: อธิบายใบงานของหน่วย Dashboard และ Data Visualization UI: เป้าหมาย งานที่ต้องส่ง รูปแบบ และกำหนดตรวจ,เกณฑ์ประเมินและสรุป: Rubric ประเมินความถูกต้อง กระบวนการ คุณภาพงาน และสรุป Key Takeaway ของ Dashboard และ Data Visualization UI,คำถามทบทวนและคิดวิเคราะห์: คำถามทบทวน 3–5 ข้อและคำถามคิดวิเคราะห์ที่เชื่อม Dashboard และ Data Visualization UI กับสถานการณ์จริง
31901-2001,การออกแบบส่วนติดต่อผู้ใช้ขั้นสูง,14,Microinteraction และ Feedback,1) อธิบาย Microinteraction และ Feedback ได้ 2) วิเคราะห์/เลือกวิธีที่เหมาะสมได้ 3) ปฏิบัติงานหรือสร้างชิ้นงานเกี่ยวกับ Microinteraction และ Feedback ได้ 4) ตรวจสอบและสะท้อนผลการทำงานได้,ใบงานหน่วยที่ 14: Microinteraction และ Feedback,ภารกิจ 1 อธิบายแนวคิดหลักของ Microinteraction และ Feedback; ภารกิจ 2 วิเคราะห์ตัวอย่าง; ภารกิจ 3 ลงมือปฏิบัติ/สร้างชิ้นงาน; ภารกิจ 4 ตรวจข้อผิดพลาด; ภารกิจ 5 สรุปสิ่งที่เรียนรู้และแนบหลักฐาน,ชื่อหน่วยและภาพรวม: อธิบายภาพรวมของ Microinteraction และ Feedback และความเชื่อมโยงกับรายวิชา การออกแบบส่วนติดต่อผู้ใช้ขั้นสูง,ผลลัพธ์การเรียนรู้: ผู้เรียนอธิบายหลักการ วิเคราะห์ตัวอย่าง และปฏิบัติงานเกี่ยวกับ Microinteraction และ Feedback ได้ตามเกณฑ์,ความรู้เดิมที่ต้องใช้: ทบทวนความรู้พื้นฐานที่จำเป็นก่อนเรียน Microinteraction และ Feedback พร้อมคำถามตรวจความพร้อม,คำศัพท์สำคัญ: รวบรวมคำศัพท์หลักของ Microinteraction และ Feedback พร้อมความหมายและการใช้งานจริง,ความหมายและขอบเขต: นิยาม Microinteraction และ Feedback ขอบเขตงาน และสิ่งที่อยู่/ไม่อยู่ในขอบเขต,หลักการสำคัญ: แจกแจงหลักการสำคัญของ Microinteraction และ Feedback เป็นข้อ ๆ พร้อมเหตุผล,องค์ประกอบ/โครงสร้าง: แสดงองค์ประกอบหลัก ความสัมพันธ์ และลำดับการทำงานของ Microinteraction และ Feedback,ขั้นตอนการทำงาน 1: เริ่มต้นงาน Microinteraction และ Feedback: การเตรียมข้อมูล เครื่องมือ และเงื่อนไขก่อนทำ,ขั้นตอนการทำงาน 2: ขั้นดำเนินงานหลักของ Microinteraction และ Feedback พร้อมจุดตรวจสอบระหว่างทาง,ขั้นตอนการทำงาน 3: ขั้นตรวจผล บันทึกผล และส่งมอบงานของ Microinteraction และ Feedback,ตัวอย่างที่ถูกต้อง: ตัวอย่างการประยุกต์ Microinteraction และ Feedback ที่ถูกต้อง พร้อมอธิบายเหตุผลทีละส่วน,ตัวอย่างที่ผิดและเหตุผล: ตัวอย่างข้อผิดพลาดของ Microinteraction และ Feedback วิเคราะห์สาเหตุและผลกระทบ,สาธิต/กรณีตัวอย่าง: กรณีศึกษาจากสถานการณ์จริงหรือจำลองเกี่ยวกับ Microinteraction และ Feedback,ข้อผิดพลาดที่พบบ่อย: รวบรวม Common Mistake ของ Microinteraction และ Feedback และสัญญาณที่ใช้สังเกต,แนวทางแก้ปัญหา: Troubleshooting แบบเป็นลำดับสำหรับปัญหาที่เกิดระหว่างทำ Microinteraction และ Feedback,ความปลอดภัย/จริยธรรม: ข้อควรระวัง ความปลอดภัย กฎหมาย หรือจริยธรรมที่เกี่ยวข้องกับ Microinteraction และ Feedback,ภารกิจฝึกปฏิบัติ: กิจกรรมลงมือทำเกี่ยวกับ Microinteraction และ Feedback ให้ผู้เรียนสร้างหลักฐานผลงาน,ใบงานประจำหน่วย: อธิบายใบงานของหน่วย Microinteraction และ Feedback: เป้าหมาย งานที่ต้องส่ง รูปแบบ และกำหนดตรวจ,เกณฑ์ประเมินและสรุป: Rubric ประเมินความถูกต้อง กระบวนการ คุณภาพงาน และสรุป Key Takeaway ของ Microinteraction และ Feedback,คำถามทบทวนและคิดวิเคราะห์: คำถามทบทวน 3–5 ข้อและคำถามคิดวิเคราะห์ที่เชื่อม Microinteraction และ Feedback กับสถานการณ์จริง
31901-2001,การออกแบบส่วนติดต่อผู้ใช้ขั้นสูง,15,Usability Testing,1) อธิบาย Usability Testing ได้ 2) วิเคราะห์/เลือกวิธีที่เหมาะสมได้ 3) ปฏิบัติงานหรือสร้างชิ้นงานเกี่ยวกับ Usability Testing ได้ 4) ตรวจสอบและสะท้อนผลการทำงานได้,ใบงานหน่วยที่ 15: Usability Testing,ภารกิจ 1 อธิบายแนวคิดหลักของ Usability Testing; ภารกิจ 2 วิเคราะห์ตัวอย่าง; ภารกิจ 3 ลงมือปฏิบัติ/สร้างชิ้นงาน; ภารกิจ 4 ตรวจข้อผิดพลาด; ภารกิจ 5 สรุปสิ่งที่เรียนรู้และแนบหลักฐาน,ชื่อหน่วยและภาพรวม: อธิบายภาพรวมของ Usability Testing และความเชื่อมโยงกับรายวิชา การออกแบบส่วนติดต่อผู้ใช้ขั้นสูง,ผลลัพธ์การเรียนรู้: ผู้เรียนอธิบายหลักการ วิเคราะห์ตัวอย่าง และปฏิบัติงานเกี่ยวกับ Usability Testing ได้ตามเกณฑ์,ความรู้เดิมที่ต้องใช้: ทบทวนความรู้พื้นฐานที่จำเป็นก่อนเรียน Usability Testing พร้อมคำถามตรวจความพร้อม,คำศัพท์สำคัญ: รวบรวมคำศัพท์หลักของ Usability Testing พร้อมความหมายและการใช้งานจริง,ความหมายและขอบเขต: นิยาม Usability Testing ขอบเขตงาน และสิ่งที่อยู่/ไม่อยู่ในขอบเขต,หลักการสำคัญ: แจกแจงหลักการสำคัญของ Usability Testing เป็นข้อ ๆ พร้อมเหตุผล,องค์ประกอบ/โครงสร้าง: แสดงองค์ประกอบหลัก ความสัมพันธ์ และลำดับการทำงานของ Usability Testing,ขั้นตอนการทำงาน 1: เริ่มต้นงาน Usability Testing: การเตรียมข้อมูล เครื่องมือ และเงื่อนไขก่อนทำ,ขั้นตอนการทำงาน 2: ขั้นดำเนินงานหลักของ Usability Testing พร้อมจุดตรวจสอบระหว่างทาง,ขั้นตอนการทำงาน 3: ขั้นตรวจผล บันทึกผล และส่งมอบงานของ Usability Testing,ตัวอย่างที่ถูกต้อง: ตัวอย่างการประยุกต์ Usability Testing ที่ถูกต้อง พร้อมอธิบายเหตุผลทีละส่วน,ตัวอย่างที่ผิดและเหตุผล: ตัวอย่างข้อผิดพลาดของ Usability Testing วิเคราะห์สาเหตุและผลกระทบ,สาธิต/กรณีตัวอย่าง: กรณีศึกษาจากสถานการณ์จริงหรือจำลองเกี่ยวกับ Usability Testing,ข้อผิดพลาดที่พบบ่อย: รวบรวม Common Mistake ของ Usability Testing และสัญญาณที่ใช้สังเกต,แนวทางแก้ปัญหา: Troubleshooting แบบเป็นลำดับสำหรับปัญหาที่เกิดระหว่างทำ Usability Testing,ความปลอดภัย/จริยธรรม: ข้อควรระวัง ความปลอดภัย กฎหมาย หรือจริยธรรมที่เกี่ยวข้องกับ Usability Testing,ภารกิจฝึกปฏิบัติ: กิจกรรมลงมือทำเกี่ยวกับ Usability Testing ให้ผู้เรียนสร้างหลักฐานผลงาน,ใบงานประจำหน่วย: อธิบายใบงานของหน่วย Usability Testing: เป้าหมาย งานที่ต้องส่ง รูปแบบ และกำหนดตรวจ,เกณฑ์ประเมินและสรุป: Rubric ประเมินความถูกต้อง กระบวนการ คุณภาพงาน และสรุป Key Takeaway ของ Usability Testing,คำถามทบทวนและคิดวิเคราะห์: คำถามทบทวน 3–5 ข้อและคำถามคิดวิเคราะห์ที่เชื่อม Usability Testing กับสถานการณ์จริง
31901-2001,การออกแบบส่วนติดต่อผู้ใช้ขั้นสูง,16,การส่งมอบ Design ให้ Developer,1) อธิบาย การส่งมอบ Design ให้ Developer ได้ 2) วิเคราะห์/เลือกวิธีที่เหมาะสมได้ 3) ปฏิบัติงานหรือสร้างชิ้นงานเกี่ยวกับ การส่งมอบ Design ให้ Developer ได้ 4) ตรวจสอบและสะท้อนผลการทำงานได้,ใบงานหน่วยที่ 16: การส่งมอบ Design ให้ Developer,ภารกิจ 1 อธิบายแนวคิดหลักของ การส่งมอบ Design ให้ Developer; ภารกิจ 2 วิเคราะห์ตัวอย่าง; ภารกิจ 3 ลงมือปฏิบัติ/สร้างชิ้นงาน; ภารกิจ 4 ตรวจข้อผิดพลาด; ภารกิจ 5 สรุปสิ่งที่เรียนรู้และแนบหลักฐาน,ชื่อหน่วยและภาพรวม: อธิบายภาพรวมของ การส่งมอบ Design ให้ Developer และความเชื่อมโยงกับรายวิชา การออกแบบส่วนติดต่อผู้ใช้ขั้นสูง,ผลลัพธ์การเรียนรู้: ผู้เรียนอธิบายหลักการ วิเคราะห์ตัวอย่าง และปฏิบัติงานเกี่ยวกับ การส่งมอบ Design ให้ Developer ได้ตามเกณฑ์,ความรู้เดิมที่ต้องใช้: ทบทวนความรู้พื้นฐานที่จำเป็นก่อนเรียน การส่งมอบ Design ให้ Developer พร้อมคำถามตรวจความพร้อม,คำศัพท์สำคัญ: รวบรวมคำศัพท์หลักของ การส่งมอบ Design ให้ Developer พร้อมความหมายและการใช้งานจริง,ความหมายและขอบเขต: นิยาม การส่งมอบ Design ให้ Developer ขอบเขตงาน และสิ่งที่อยู่/ไม่อยู่ในขอบเขต,หลักการสำคัญ: แจกแจงหลักการสำคัญของ การส่งมอบ Design ให้ Developer เป็นข้อ ๆ พร้อมเหตุผล,องค์ประกอบ/โครงสร้าง: แสดงองค์ประกอบหลัก ความสัมพันธ์ และลำดับการทำงานของ การส่งมอบ Design ให้ Developer,ขั้นตอนการทำงาน 1: เริ่มต้นงาน การส่งมอบ Design ให้ Developer: การเตรียมข้อมูล เครื่องมือ และเงื่อนไขก่อนทำ,ขั้นตอนการทำงาน 2: ขั้นดำเนินงานหลักของ การส่งมอบ Design ให้ Developer พร้อมจุดตรวจสอบระหว่างทาง,ขั้นตอนการทำงาน 3: ขั้นตรวจผล บันทึกผล และส่งมอบงานของ การส่งมอบ Design ให้ Developer,ตัวอย่างที่ถูกต้อง: ตัวอย่างการประยุกต์ การส่งมอบ Design ให้ Developer ที่ถูกต้อง พร้อมอธิบายเหตุผลทีละส่วน,ตัวอย่างที่ผิดและเหตุผล: ตัวอย่างข้อผิดพลาดของ การส่งมอบ Design ให้ Developer วิเคราะห์สาเหตุและผลกระทบ,สาธิต/กรณีตัวอย่าง: กรณีศึกษาจากสถานการณ์จริงหรือจำลองเกี่ยวกับ การส่งมอบ Design ให้ Developer,ข้อผิดพลาดที่พบบ่อย: รวบรวม Common Mistake ของ การส่งมอบ Design ให้ Developer และสัญญาณที่ใช้สังเกต,แนวทางแก้ปัญหา: Troubleshooting แบบเป็นลำดับสำหรับปัญหาที่เกิดระหว่างทำ การส่งมอบ Design ให้ Developer,ความปลอดภัย/จริยธรรม: ข้อควรระวัง ความปลอดภัย กฎหมาย หรือจริยธรรมที่เกี่ยวข้องกับ การส่งมอบ Design ให้ Developer,ภารกิจฝึกปฏิบัติ: กิจกรรมลงมือทำเกี่ยวกับ การส่งมอบ Design ให้ Developer ให้ผู้เรียนสร้างหลักฐานผลงาน,ใบงานประจำหน่วย: อธิบายใบงานของหน่วย การส่งมอบ Design ให้ Developer: เป้าหมาย งานที่ต้องส่ง รูปแบบ และกำหนดตรวจ,เกณฑ์ประเมินและสรุป: Rubric ประเมินความถูกต้อง กระบวนการ คุณภาพงาน และสรุป Key Takeaway ของ การส่งมอบ Design ให้ Developer,คำถามทบทวนและคิดวิเคราะห์: คำถามทบทวน 3–5 ข้อและคำถามคิดวิเคราะห์ที่เชื่อม การส่งมอบ Design ให้ Developer กับสถานการณ์จริง
31901-2001,การออกแบบส่วนติดต่อผู้ใช้ขั้นสูง,17,โครงงานออกแบบ UI ขั้นสูง,1) อธิบาย โครงงานออกแบบ UI ขั้นสูง ได้ 2) วิเคราะห์/เลือกวิธีที่เหมาะสมได้ 3) ปฏิบัติงานหรือสร้างชิ้นงานเกี่ยวกับ โครงงานออกแบบ UI ขั้นสูง ได้ 4) ตรวจสอบและสะท้อนผลการทำงานได้,ใบงานหน่วยที่ 17: โครงงานออกแบบ UI ขั้นสูง,ภารกิจ 1 อธิบายแนวคิดหลักของ โครงงานออกแบบ UI ขั้นสูง; ภารกิจ 2 วิเคราะห์ตัวอย่าง; ภารกิจ 3 ลงมือปฏิบัติ/สร้างชิ้นงาน; ภารกิจ 4 ตรวจข้อผิดพลาด; ภารกิจ 5 สรุปสิ่งที่เรียนรู้และแนบหลักฐาน,ชื่อหน่วยและภาพรวม: อธิบายภาพรวมของ โครงงานออกแบบ UI ขั้นสูง และความเชื่อมโยงกับรายวิชา การออกแบบส่วนติดต่อผู้ใช้ขั้นสูง,ผลลัพธ์การเรียนรู้: ผู้เรียนอธิบายหลักการ วิเคราะห์ตัวอย่าง และปฏิบัติงานเกี่ยวกับ โครงงานออกแบบ UI ขั้นสูง ได้ตามเกณฑ์,ความรู้เดิมที่ต้องใช้: ทบทวนความรู้พื้นฐานที่จำเป็นก่อนเรียน โครงงานออกแบบ UI ขั้นสูง พร้อมคำถามตรวจความพร้อม,คำศัพท์สำคัญ: รวบรวมคำศัพท์หลักของ โครงงานออกแบบ UI ขั้นสูง พร้อมความหมายและการใช้งานจริง,ความหมายและขอบเขต: นิยาม โครงงานออกแบบ UI ขั้นสูง ขอบเขตงาน และสิ่งที่อยู่/ไม่อยู่ในขอบเขต,หลักการสำคัญ: แจกแจงหลักการสำคัญของ โครงงานออกแบบ UI ขั้นสูง เป็นข้อ ๆ พร้อมเหตุผล,องค์ประกอบ/โครงสร้าง: แสดงองค์ประกอบหลัก ความสัมพันธ์ และลำดับการทำงานของ โครงงานออกแบบ UI ขั้นสูง,ขั้นตอนการทำงาน 1: เริ่มต้นงาน โครงงานออกแบบ UI ขั้นสูง: การเตรียมข้อมูล เครื่องมือ และเงื่อนไขก่อนทำ,ขั้นตอนการทำงาน 2: ขั้นดำเนินงานหลักของ โครงงานออกแบบ UI ขั้นสูง พร้อมจุดตรวจสอบระหว่างทาง,ขั้นตอนการทำงาน 3: ขั้นตรวจผล บันทึกผล และส่งมอบงานของ โครงงานออกแบบ UI ขั้นสูง,ตัวอย่างที่ถูกต้อง: ตัวอย่างการประยุกต์ โครงงานออกแบบ UI ขั้นสูง ที่ถูกต้อง พร้อมอธิบายเหตุผลทีละส่วน,ตัวอย่างที่ผิดและเหตุผล: ตัวอย่างข้อผิดพลาดของ โครงงานออกแบบ UI ขั้นสูง วิเคราะห์สาเหตุและผลกระทบ,สาธิต/กรณีตัวอย่าง: กรณีศึกษาจากสถานการณ์จริงหรือจำลองเกี่ยวกับ โครงงานออกแบบ UI ขั้นสูง,ข้อผิดพลาดที่พบบ่อย: รวบรวม Common Mistake ของ โครงงานออกแบบ UI ขั้นสูง และสัญญาณที่ใช้สังเกต,แนวทางแก้ปัญหา: Troubleshooting แบบเป็นลำดับสำหรับปัญหาที่เกิดระหว่างทำ โครงงานออกแบบ UI ขั้นสูง,ความปลอดภัย/จริยธรรม: ข้อควรระวัง ความปลอดภัย กฎหมาย หรือจริยธรรมที่เกี่ยวข้องกับ โครงงานออกแบบ UI ขั้นสูง,ภารกิจฝึกปฏิบัติ: กิจกรรมลงมือทำเกี่ยวกับ โครงงานออกแบบ UI ขั้นสูง ให้ผู้เรียนสร้างหลักฐานผลงาน,ใบงานประจำหน่วย: อธิบายใบงานของหน่วย โครงงานออกแบบ UI ขั้นสูง: เป้าหมาย งานที่ต้องส่ง รูปแบบ และกำหนดตรวจ,เกณฑ์ประเมินและสรุป: Rubric ประเมินความถูกต้อง กระบวนการ คุณภาพงาน และสรุป Key Takeaway ของ โครงงานออกแบบ UI ขั้นสูง,คำถามทบทวนและคิดวิเคราะห์: คำถามทบทวน 3–5 ข้อและคำถามคิดวิเคราะห์ที่เชื่อม โครงงานออกแบบ UI ขั้นสูง กับสถานการณ์จริง
31901-2005,การพัฒนาซอฟต์แวร์ด้วยเทคโนโลยี Back-End,1,บทบาทของ Back-End และ Client-Server,1) อธิบาย บทบาทของ Back-End และ Client-Server ได้ 2) วิเคราะห์/เลือกวิธีที่เหมาะสมได้ 3) ปฏิบัติงานหรือสร้างชิ้นงานเกี่ยวกับ บทบาทของ Back-End และ Client-Server ได้ 4) ตรวจสอบและสะท้อนผลการทำงานได้,ใบงานหน่วยที่ 1: บทบาทของ Back-End และ Client-Server,ภารกิจ 1 อธิบายแนวคิดหลักของ บทบาทของ Back-End และ Client-Server; ภารกิจ 2 วิเคราะห์ตัวอย่าง; ภารกิจ 3 ลงมือปฏิบัติ/สร้างชิ้นงาน; ภารกิจ 4 ตรวจข้อผิดพลาด; ภารกิจ 5 สรุปสิ่งที่เรียนรู้และแนบหลักฐาน,ชื่อหน่วยและภาพรวม: อธิบายภาพรวมของ บทบาทของ Back-End และ Client-Server และความเชื่อมโยงกับรายวิชา การพัฒนาซอฟต์แวร์ด้วยเทคโนโลยี Back-End,ผลลัพธ์การเรียนรู้: ผู้เรียนอธิบายหลักการ วิเคราะห์ตัวอย่าง และปฏิบัติงานเกี่ยวกับ บทบาทของ Back-End และ Client-Server ได้ตามเกณฑ์,ความรู้เดิมที่ต้องใช้: ทบทวนความรู้พื้นฐานที่จำเป็นก่อนเรียน บทบาทของ Back-End และ Client-Server พร้อมคำถามตรวจความพร้อม,คำศัพท์สำคัญ: รวบรวมคำศัพท์หลักของ บทบาทของ Back-End และ Client-Server พร้อมความหมายและการใช้งานจริง,ความหมายและขอบเขต: นิยาม บทบาทของ Back-End และ Client-Server ขอบเขตงาน และสิ่งที่อยู่/ไม่อยู่ในขอบเขต,หลักการสำคัญ: แจกแจงหลักการสำคัญของ บทบาทของ Back-End และ Client-Server เป็นข้อ ๆ พร้อมเหตุผล,องค์ประกอบ/โครงสร้าง: แสดงองค์ประกอบหลัก ความสัมพันธ์ และลำดับการทำงานของ บทบาทของ Back-End และ Client-Server,ขั้นตอนการทำงาน 1: เริ่มต้นงาน บทบาทของ Back-End และ Client-Server: การเตรียมข้อมูล เครื่องมือ และเงื่อนไขก่อนทำ,ขั้นตอนการทำงาน 2: ขั้นดำเนินงานหลักของ บทบาทของ Back-End และ Client-Server พร้อมจุดตรวจสอบระหว่างทาง,ขั้นตอนการทำงาน 3: ขั้นตรวจผล บันทึกผล และส่งมอบงานของ บทบาทของ Back-End และ Client-Server,ตัวอย่างที่ถูกต้อง: ตัวอย่างการประยุกต์ บทบาทของ Back-End และ Client-Server ที่ถูกต้อง พร้อมอธิบายเหตุผลทีละส่วน,ตัวอย่างที่ผิดและเหตุผล: ตัวอย่างข้อผิดพลาดของ บทบาทของ Back-End และ Client-Server วิเคราะห์สาเหตุและผลกระทบ,สาธิต/กรณีตัวอย่าง: กรณีศึกษาจากสถานการณ์จริงหรือจำลองเกี่ยวกับ บทบาทของ Back-End และ Client-Server,ข้อผิดพลาดที่พบบ่อย: รวบรวม Common Mistake ของ บทบาทของ Back-End และ Client-Server และสัญญาณที่ใช้สังเกต,แนวทางแก้ปัญหา: Troubleshooting แบบเป็นลำดับสำหรับปัญหาที่เกิดระหว่างทำ บทบาทของ Back-End และ Client-Server,ความปลอดภัย/จริยธรรม: ข้อควรระวัง ความปลอดภัย กฎหมาย หรือจริยธรรมที่เกี่ยวข้องกับ บทบาทของ Back-End และ Client-Server,ภารกิจฝึกปฏิบัติ: กิจกรรมลงมือทำเกี่ยวกับ บทบาทของ Back-End และ Client-Server ให้ผู้เรียนสร้างหลักฐานผลงาน,ใบงานประจำหน่วย: อธิบายใบงานของหน่วย บทบาทของ Back-End และ Client-Server: เป้าหมาย งานที่ต้องส่ง รูปแบบ และกำหนดตรวจ,เกณฑ์ประเมินและสรุป: Rubric ประเมินความถูกต้อง กระบวนการ คุณภาพงาน และสรุป Key Takeaway ของ บทบาทของ Back-End และ Client-Server,คำถามทบทวนและคิดวิเคราะห์: คำถามทบทวน 3–5 ข้อและคำถามคิดวิเคราะห์ที่เชื่อม บทบาทของ Back-End และ Client-Server กับสถานการณ์จริง
31901-2005,การพัฒนาซอฟต์แวร์ด้วยเทคโนโลยี Back-End,2,HTTP/HTTPS และ REST,1) อธิบาย HTTP/HTTPS และ REST ได้ 2) วิเคราะห์/เลือกวิธีที่เหมาะสมได้ 3) ปฏิบัติงานหรือสร้างชิ้นงานเกี่ยวกับ HTTP/HTTPS และ REST ได้ 4) ตรวจสอบและสะท้อนผลการทำงานได้,ใบงานหน่วยที่ 2: HTTP/HTTPS และ REST,ภารกิจ 1 อธิบายแนวคิดหลักของ HTTP/HTTPS และ REST; ภารกิจ 2 วิเคราะห์ตัวอย่าง; ภารกิจ 3 ลงมือปฏิบัติ/สร้างชิ้นงาน; ภารกิจ 4 ตรวจข้อผิดพลาด; ภารกิจ 5 สรุปสิ่งที่เรียนรู้และแนบหลักฐาน,ชื่อหน่วยและภาพรวม: อธิบายภาพรวมของ HTTP/HTTPS และ REST และความเชื่อมโยงกับรายวิชา การพัฒนาซอฟต์แวร์ด้วยเทคโนโลยี Back-End,ผลลัพธ์การเรียนรู้: ผู้เรียนอธิบายหลักการ วิเคราะห์ตัวอย่าง และปฏิบัติงานเกี่ยวกับ HTTP/HTTPS และ REST ได้ตามเกณฑ์,ความรู้เดิมที่ต้องใช้: ทบทวนความรู้พื้นฐานที่จำเป็นก่อนเรียน HTTP/HTTPS และ REST พร้อมคำถามตรวจความพร้อม,คำศัพท์สำคัญ: รวบรวมคำศัพท์หลักของ HTTP/HTTPS และ REST พร้อมความหมายและการใช้งานจริง,ความหมายและขอบเขต: นิยาม HTTP/HTTPS และ REST ขอบเขตงาน และสิ่งที่อยู่/ไม่อยู่ในขอบเขต,หลักการสำคัญ: แจกแจงหลักการสำคัญของ HTTP/HTTPS และ REST เป็นข้อ ๆ พร้อมเหตุผล,องค์ประกอบ/โครงสร้าง: แสดงองค์ประกอบหลัก ความสัมพันธ์ และลำดับการทำงานของ HTTP/HTTPS และ REST,ขั้นตอนการทำงาน 1: เริ่มต้นงาน HTTP/HTTPS และ REST: การเตรียมข้อมูล เครื่องมือ และเงื่อนไขก่อนทำ,ขั้นตอนการทำงาน 2: ขั้นดำเนินงานหลักของ HTTP/HTTPS และ REST พร้อมจุดตรวจสอบระหว่างทาง,ขั้นตอนการทำงาน 3: ขั้นตรวจผล บันทึกผล และส่งมอบงานของ HTTP/HTTPS และ REST,ตัวอย่างที่ถูกต้อง: ตัวอย่างการประยุกต์ HTTP/HTTPS และ REST ที่ถูกต้อง พร้อมอธิบายเหตุผลทีละส่วน,ตัวอย่างที่ผิดและเหตุผล: ตัวอย่างข้อผิดพลาดของ HTTP/HTTPS และ REST วิเคราะห์สาเหตุและผลกระทบ,สาธิต/กรณีตัวอย่าง: กรณีศึกษาจากสถานการณ์จริงหรือจำลองเกี่ยวกับ HTTP/HTTPS และ REST,ข้อผิดพลาดที่พบบ่อย: รวบรวม Common Mistake ของ HTTP/HTTPS และ REST และสัญญาณที่ใช้สังเกต,แนวทางแก้ปัญหา: Troubleshooting แบบเป็นลำดับสำหรับปัญหาที่เกิดระหว่างทำ HTTP/HTTPS และ REST,ความปลอดภัย/จริยธรรม: ข้อควรระวัง ความปลอดภัย กฎหมาย หรือจริยธรรมที่เกี่ยวข้องกับ HTTP/HTTPS และ REST,ภารกิจฝึกปฏิบัติ: กิจกรรมลงมือทำเกี่ยวกับ HTTP/HTTPS และ REST ให้ผู้เรียนสร้างหลักฐานผลงาน,ใบงานประจำหน่วย: อธิบายใบงานของหน่วย HTTP/HTTPS และ REST: เป้าหมาย งานที่ต้องส่ง รูปแบบ และกำหนดตรวจ,เกณฑ์ประเมินและสรุป: Rubric ประเมินความถูกต้อง กระบวนการ คุณภาพงาน และสรุป Key Takeaway ของ HTTP/HTTPS และ REST,คำถามทบทวนและคิดวิเคราะห์: คำถามทบทวน 3–5 ข้อและคำถามคิดวิเคราะห์ที่เชื่อม HTTP/HTTPS และ REST กับสถานการณ์จริง
31901-2005,การพัฒนาซอฟต์แวร์ด้วยเทคโนโลยี Back-End,3,การออกแบบ API,1) อธิบาย การออกแบบ API ได้ 2) วิเคราะห์/เลือกวิธีที่เหมาะสมได้ 3) ปฏิบัติงานหรือสร้างชิ้นงานเกี่ยวกับ การออกแบบ API ได้ 4) ตรวจสอบและสะท้อนผลการทำงานได้,ใบงานหน่วยที่ 3: การออกแบบ API,ภารกิจ 1 อธิบายแนวคิดหลักของ การออกแบบ API; ภารกิจ 2 วิเคราะห์ตัวอย่าง; ภารกิจ 3 ลงมือปฏิบัติ/สร้างชิ้นงาน; ภารกิจ 4 ตรวจข้อผิดพลาด; ภารกิจ 5 สรุปสิ่งที่เรียนรู้และแนบหลักฐาน,ชื่อหน่วยและภาพรวม: อธิบายภาพรวมของ การออกแบบ API และความเชื่อมโยงกับรายวิชา การพัฒนาซอฟต์แวร์ด้วยเทคโนโลยี Back-End,ผลลัพธ์การเรียนรู้: ผู้เรียนอธิบายหลักการ วิเคราะห์ตัวอย่าง และปฏิบัติงานเกี่ยวกับ การออกแบบ API ได้ตามเกณฑ์,ความรู้เดิมที่ต้องใช้: ทบทวนความรู้พื้นฐานที่จำเป็นก่อนเรียน การออกแบบ API พร้อมคำถามตรวจความพร้อม,คำศัพท์สำคัญ: รวบรวมคำศัพท์หลักของ การออกแบบ API พร้อมความหมายและการใช้งานจริง,ความหมายและขอบเขต: นิยาม การออกแบบ API ขอบเขตงาน และสิ่งที่อยู่/ไม่อยู่ในขอบเขต,หลักการสำคัญ: แจกแจงหลักการสำคัญของ การออกแบบ API เป็นข้อ ๆ พร้อมเหตุผล,องค์ประกอบ/โครงสร้าง: แสดงองค์ประกอบหลัก ความสัมพันธ์ และลำดับการทำงานของ การออกแบบ API,ขั้นตอนการทำงาน 1: เริ่มต้นงาน การออกแบบ API: การเตรียมข้อมูล เครื่องมือ และเงื่อนไขก่อนทำ,ขั้นตอนการทำงาน 2: ขั้นดำเนินงานหลักของ การออกแบบ API พร้อมจุดตรวจสอบระหว่างทาง,ขั้นตอนการทำงาน 3: ขั้นตรวจผล บันทึกผล และส่งมอบงานของ การออกแบบ API,ตัวอย่างที่ถูกต้อง: ตัวอย่างการประยุกต์ การออกแบบ API ที่ถูกต้อง พร้อมอธิบายเหตุผลทีละส่วน,ตัวอย่างที่ผิดและเหตุผล: ตัวอย่างข้อผิดพลาดของ การออกแบบ API วิเคราะห์สาเหตุและผลกระทบ,สาธิต/กรณีตัวอย่าง: กรณีศึกษาจากสถานการณ์จริงหรือจำลองเกี่ยวกับ การออกแบบ API,ข้อผิดพลาดที่พบบ่อย: รวบรวม Common Mistake ของ การออกแบบ API และสัญญาณที่ใช้สังเกต,แนวทางแก้ปัญหา: Troubleshooting แบบเป็นลำดับสำหรับปัญหาที่เกิดระหว่างทำ การออกแบบ API,ความปลอดภัย/จริยธรรม: ข้อควรระวัง ความปลอดภัย กฎหมาย หรือจริยธรรมที่เกี่ยวข้องกับ การออกแบบ API,ภารกิจฝึกปฏิบัติ: กิจกรรมลงมือทำเกี่ยวกับ การออกแบบ API ให้ผู้เรียนสร้างหลักฐานผลงาน,ใบงานประจำหน่วย: อธิบายใบงานของหน่วย การออกแบบ API: เป้าหมาย งานที่ต้องส่ง รูปแบบ และกำหนดตรวจ,เกณฑ์ประเมินและสรุป: Rubric ประเมินความถูกต้อง กระบวนการ คุณภาพงาน และสรุป Key Takeaway ของ การออกแบบ API,คำถามทบทวนและคิดวิเคราะห์: คำถามทบทวน 3–5 ข้อและคำถามคิดวิเคราะห์ที่เชื่อม การออกแบบ API กับสถานการณ์จริง
31901-2005,การพัฒนาซอฟต์แวร์ด้วยเทคโนโลยี Back-End,4,Routing และ Controller,1) อธิบาย Routing และ Controller ได้ 2) วิเคราะห์/เลือกวิธีที่เหมาะสมได้ 3) ปฏิบัติงานหรือสร้างชิ้นงานเกี่ยวกับ Routing และ Controller ได้ 4) ตรวจสอบและสะท้อนผลการทำงานได้,ใบงานหน่วยที่ 4: Routing และ Controller,ภารกิจ 1 อธิบายแนวคิดหลักของ Routing และ Controller; ภารกิจ 2 วิเคราะห์ตัวอย่าง; ภารกิจ 3 ลงมือปฏิบัติ/สร้างชิ้นงาน; ภารกิจ 4 ตรวจข้อผิดพลาด; ภารกิจ 5 สรุปสิ่งที่เรียนรู้และแนบหลักฐาน,ชื่อหน่วยและภาพรวม: อธิบายภาพรวมของ Routing และ Controller และความเชื่อมโยงกับรายวิชา การพัฒนาซอฟต์แวร์ด้วยเทคโนโลยี Back-End,ผลลัพธ์การเรียนรู้: ผู้เรียนอธิบายหลักการ วิเคราะห์ตัวอย่าง และปฏิบัติงานเกี่ยวกับ Routing และ Controller ได้ตามเกณฑ์,ความรู้เดิมที่ต้องใช้: ทบทวนความรู้พื้นฐานที่จำเป็นก่อนเรียน Routing และ Controller พร้อมคำถามตรวจความพร้อม,คำศัพท์สำคัญ: รวบรวมคำศัพท์หลักของ Routing และ Controller พร้อมความหมายและการใช้งานจริง,ความหมายและขอบเขต: นิยาม Routing และ Controller ขอบเขตงาน และสิ่งที่อยู่/ไม่อยู่ในขอบเขต,หลักการสำคัญ: แจกแจงหลักการสำคัญของ Routing และ Controller เป็นข้อ ๆ พร้อมเหตุผล,องค์ประกอบ/โครงสร้าง: แสดงองค์ประกอบหลัก ความสัมพันธ์ และลำดับการทำงานของ Routing และ Controller,ขั้นตอนการทำงาน 1: เริ่มต้นงาน Routing และ Controller: การเตรียมข้อมูล เครื่องมือ และเงื่อนไขก่อนทำ,ขั้นตอนการทำงาน 2: ขั้นดำเนินงานหลักของ Routing และ Controller พร้อมจุดตรวจสอบระหว่างทาง,ขั้นตอนการทำงาน 3: ขั้นตรวจผล บันทึกผล และส่งมอบงานของ Routing และ Controller,ตัวอย่างที่ถูกต้อง: ตัวอย่างการประยุกต์ Routing และ Controller ที่ถูกต้อง พร้อมอธิบายเหตุผลทีละส่วน,ตัวอย่างที่ผิดและเหตุผล: ตัวอย่างข้อผิดพลาดของ Routing และ Controller วิเคราะห์สาเหตุและผลกระทบ,สาธิต/กรณีตัวอย่าง: กรณีศึกษาจากสถานการณ์จริงหรือจำลองเกี่ยวกับ Routing และ Controller,ข้อผิดพลาดที่พบบ่อย: รวบรวม Common Mistake ของ Routing และ Controller และสัญญาณที่ใช้สังเกต,แนวทางแก้ปัญหา: Troubleshooting แบบเป็นลำดับสำหรับปัญหาที่เกิดระหว่างทำ Routing และ Controller,ความปลอดภัย/จริยธรรม: ข้อควรระวัง ความปลอดภัย กฎหมาย หรือจริยธรรมที่เกี่ยวข้องกับ Routing และ Controller,ภารกิจฝึกปฏิบัติ: กิจกรรมลงมือทำเกี่ยวกับ Routing และ Controller ให้ผู้เรียนสร้างหลักฐานผลงาน,ใบงานประจำหน่วย: อธิบายใบงานของหน่วย Routing และ Controller: เป้าหมาย งานที่ต้องส่ง รูปแบบ และกำหนดตรวจ,เกณฑ์ประเมินและสรุป: Rubric ประเมินความถูกต้อง กระบวนการ คุณภาพงาน และสรุป Key Takeaway ของ Routing และ Controller,คำถามทบทวนและคิดวิเคราะห์: คำถามทบทวน 3–5 ข้อและคำถามคิดวิเคราะห์ที่เชื่อม Routing และ Controller กับสถานการณ์จริง
31901-2005,การพัฒนาซอฟต์แวร์ด้วยเทคโนโลยี Back-End,5,Database Relational Design,1) อธิบาย Database Relational Design ได้ 2) วิเคราะห์/เลือกวิธีที่เหมาะสมได้ 3) ปฏิบัติงานหรือสร้างชิ้นงานเกี่ยวกับ Database Relational Design ได้ 4) ตรวจสอบและสะท้อนผลการทำงานได้,ใบงานหน่วยที่ 5: Database Relational Design,ภารกิจ 1 อธิบายแนวคิดหลักของ Database Relational Design; ภารกิจ 2 วิเคราะห์ตัวอย่าง; ภารกิจ 3 ลงมือปฏิบัติ/สร้างชิ้นงาน; ภารกิจ 4 ตรวจข้อผิดพลาด; ภารกิจ 5 สรุปสิ่งที่เรียนรู้และแนบหลักฐาน,ชื่อหน่วยและภาพรวม: อธิบายภาพรวมของ Database Relational Design และความเชื่อมโยงกับรายวิชา การพัฒนาซอฟต์แวร์ด้วยเทคโนโลยี Back-End,ผลลัพธ์การเรียนรู้: ผู้เรียนอธิบายหลักการ วิเคราะห์ตัวอย่าง และปฏิบัติงานเกี่ยวกับ Database Relational Design ได้ตามเกณฑ์,ความรู้เดิมที่ต้องใช้: ทบทวนความรู้พื้นฐานที่จำเป็นก่อนเรียน Database Relational Design พร้อมคำถามตรวจความพร้อม,คำศัพท์สำคัญ: รวบรวมคำศัพท์หลักของ Database Relational Design พร้อมความหมายและการใช้งานจริง,ความหมายและขอบเขต: นิยาม Database Relational Design ขอบเขตงาน และสิ่งที่อยู่/ไม่อยู่ในขอบเขต,หลักการสำคัญ: แจกแจงหลักการสำคัญของ Database Relational Design เป็นข้อ ๆ พร้อมเหตุผล,องค์ประกอบ/โครงสร้าง: แสดงองค์ประกอบหลัก ความสัมพันธ์ และลำดับการทำงานของ Database Relational Design,ขั้นตอนการทำงาน 1: เริ่มต้นงาน Database Relational Design: การเตรียมข้อมูล เครื่องมือ และเงื่อนไขก่อนทำ,ขั้นตอนการทำงาน 2: ขั้นดำเนินงานหลักของ Database Relational Design พร้อมจุดตรวจสอบระหว่างทาง,ขั้นตอนการทำงาน 3: ขั้นตรวจผล บันทึกผล และส่งมอบงานของ Database Relational Design,ตัวอย่างที่ถูกต้อง: ตัวอย่างการประยุกต์ Database Relational Design ที่ถูกต้อง พร้อมอธิบายเหตุผลทีละส่วน,ตัวอย่างที่ผิดและเหตุผล: ตัวอย่างข้อผิดพลาดของ Database Relational Design วิเคราะห์สาเหตุและผลกระทบ,สาธิต/กรณีตัวอย่าง: กรณีศึกษาจากสถานการณ์จริงหรือจำลองเกี่ยวกับ Database Relational Design,ข้อผิดพลาดที่พบบ่อย: รวบรวม Common Mistake ของ Database Relational Design และสัญญาณที่ใช้สังเกต,แนวทางแก้ปัญหา: Troubleshooting แบบเป็นลำดับสำหรับปัญหาที่เกิดระหว่างทำ Database Relational Design,ความปลอดภัย/จริยธรรม: ข้อควรระวัง ความปลอดภัย กฎหมาย หรือจริยธรรมที่เกี่ยวข้องกับ Database Relational Design,ภารกิจฝึกปฏิบัติ: กิจกรรมลงมือทำเกี่ยวกับ Database Relational Design ให้ผู้เรียนสร้างหลักฐานผลงาน,ใบงานประจำหน่วย: อธิบายใบงานของหน่วย Database Relational Design: เป้าหมาย งานที่ต้องส่ง รูปแบบ และกำหนดตรวจ,เกณฑ์ประเมินและสรุป: Rubric ประเมินความถูกต้อง กระบวนการ คุณภาพงาน และสรุป Key Takeaway ของ Database Relational Design,คำถามทบทวนและคิดวิเคราะห์: คำถามทบทวน 3–5 ข้อและคำถามคิดวิเคราะห์ที่เชื่อม Database Relational Design กับสถานการณ์จริง
31901-2005,การพัฒนาซอฟต์แวร์ด้วยเทคโนโลยี Back-End,6,SQL และ Query Optimization,1) อธิบาย SQL และ Query Optimization ได้ 2) วิเคราะห์/เลือกวิธีที่เหมาะสมได้ 3) ปฏิบัติงานหรือสร้างชิ้นงานเกี่ยวกับ SQL และ Query Optimization ได้ 4) ตรวจสอบและสะท้อนผลการทำงานได้,ใบงานหน่วยที่ 6: SQL และ Query Optimization,ภารกิจ 1 อธิบายแนวคิดหลักของ SQL และ Query Optimization; ภารกิจ 2 วิเคราะห์ตัวอย่าง; ภารกิจ 3 ลงมือปฏิบัติ/สร้างชิ้นงาน; ภารกิจ 4 ตรวจข้อผิดพลาด; ภารกิจ 5 สรุปสิ่งที่เรียนรู้และแนบหลักฐาน,ชื่อหน่วยและภาพรวม: อธิบายภาพรวมของ SQL และ Query Optimization และความเชื่อมโยงกับรายวิชา การพัฒนาซอฟต์แวร์ด้วยเทคโนโลยี Back-End,ผลลัพธ์การเรียนรู้: ผู้เรียนอธิบายหลักการ วิเคราะห์ตัวอย่าง และปฏิบัติงานเกี่ยวกับ SQL และ Query Optimization ได้ตามเกณฑ์,ความรู้เดิมที่ต้องใช้: ทบทวนความรู้พื้นฐานที่จำเป็นก่อนเรียน SQL และ Query Optimization พร้อมคำถามตรวจความพร้อม,คำศัพท์สำคัญ: รวบรวมคำศัพท์หลักของ SQL และ Query Optimization พร้อมความหมายและการใช้งานจริง,ความหมายและขอบเขต: นิยาม SQL และ Query Optimization ขอบเขตงาน และสิ่งที่อยู่/ไม่อยู่ในขอบเขต,หลักการสำคัญ: แจกแจงหลักการสำคัญของ SQL และ Query Optimization เป็นข้อ ๆ พร้อมเหตุผล,องค์ประกอบ/โครงสร้าง: แสดงองค์ประกอบหลัก ความสัมพันธ์ และลำดับการทำงานของ SQL และ Query Optimization,ขั้นตอนการทำงาน 1: เริ่มต้นงาน SQL และ Query Optimization: การเตรียมข้อมูล เครื่องมือ และเงื่อนไขก่อนทำ,ขั้นตอนการทำงาน 2: ขั้นดำเนินงานหลักของ SQL และ Query Optimization พร้อมจุดตรวจสอบระหว่างทาง,ขั้นตอนการทำงาน 3: ขั้นตรวจผล บันทึกผล และส่งมอบงานของ SQL และ Query Optimization,ตัวอย่างที่ถูกต้อง: ตัวอย่างการประยุกต์ SQL และ Query Optimization ที่ถูกต้อง พร้อมอธิบายเหตุผลทีละส่วน,ตัวอย่างที่ผิดและเหตุผล: ตัวอย่างข้อผิดพลาดของ SQL และ Query Optimization วิเคราะห์สาเหตุและผลกระทบ,สาธิต/กรณีตัวอย่าง: กรณีศึกษาจากสถานการณ์จริงหรือจำลองเกี่ยวกับ SQL และ Query Optimization,ข้อผิดพลาดที่พบบ่อย: รวบรวม Common Mistake ของ SQL และ Query Optimization และสัญญาณที่ใช้สังเกต,แนวทางแก้ปัญหา: Troubleshooting แบบเป็นลำดับสำหรับปัญหาที่เกิดระหว่างทำ SQL และ Query Optimization,ความปลอดภัย/จริยธรรม: ข้อควรระวัง ความปลอดภัย กฎหมาย หรือจริยธรรมที่เกี่ยวข้องกับ SQL และ Query Optimization,ภารกิจฝึกปฏิบัติ: กิจกรรมลงมือทำเกี่ยวกับ SQL และ Query Optimization ให้ผู้เรียนสร้างหลักฐานผลงาน,ใบงานประจำหน่วย: อธิบายใบงานของหน่วย SQL และ Query Optimization: เป้าหมาย งานที่ต้องส่ง รูปแบบ และกำหนดตรวจ,เกณฑ์ประเมินและสรุป: Rubric ประเมินความถูกต้อง กระบวนการ คุณภาพงาน และสรุป Key Takeaway ของ SQL และ Query Optimization,คำถามทบทวนและคิดวิเคราะห์: คำถามทบทวน 3–5 ข้อและคำถามคิดวิเคราะห์ที่เชื่อม SQL และ Query Optimization กับสถานการณ์จริง
31901-2005,การพัฒนาซอฟต์แวร์ด้วยเทคโนโลยี Back-End,7,Authentication,1) อธิบาย Authentication ได้ 2) วิเคราะห์/เลือกวิธีที่เหมาะสมได้ 3) ปฏิบัติงานหรือสร้างชิ้นงานเกี่ยวกับ Authentication ได้ 4) ตรวจสอบและสะท้อนผลการทำงานได้,ใบงานหน่วยที่ 7: Authentication,ภารกิจ 1 อธิบายแนวคิดหลักของ Authentication; ภารกิจ 2 วิเคราะห์ตัวอย่าง; ภารกิจ 3 ลงมือปฏิบัติ/สร้างชิ้นงาน; ภารกิจ 4 ตรวจข้อผิดพลาด; ภารกิจ 5 สรุปสิ่งที่เรียนรู้และแนบหลักฐาน,ชื่อหน่วยและภาพรวม: อธิบายภาพรวมของ Authentication และความเชื่อมโยงกับรายวิชา การพัฒนาซอฟต์แวร์ด้วยเทคโนโลยี Back-End,ผลลัพธ์การเรียนรู้: ผู้เรียนอธิบายหลักการ วิเคราะห์ตัวอย่าง และปฏิบัติงานเกี่ยวกับ Authentication ได้ตามเกณฑ์,ความรู้เดิมที่ต้องใช้: ทบทวนความรู้พื้นฐานที่จำเป็นก่อนเรียน Authentication พร้อมคำถามตรวจความพร้อม,คำศัพท์สำคัญ: รวบรวมคำศัพท์หลักของ Authentication พร้อมความหมายและการใช้งานจริง,ความหมายและขอบเขต: นิยาม Authentication ขอบเขตงาน และสิ่งที่อยู่/ไม่อยู่ในขอบเขต,หลักการสำคัญ: แจกแจงหลักการสำคัญของ Authentication เป็นข้อ ๆ พร้อมเหตุผล,องค์ประกอบ/โครงสร้าง: แสดงองค์ประกอบหลัก ความสัมพันธ์ และลำดับการทำงานของ Authentication,ขั้นตอนการทำงาน 1: เริ่มต้นงาน Authentication: การเตรียมข้อมูล เครื่องมือ และเงื่อนไขก่อนทำ,ขั้นตอนการทำงาน 2: ขั้นดำเนินงานหลักของ Authentication พร้อมจุดตรวจสอบระหว่างทาง,ขั้นตอนการทำงาน 3: ขั้นตรวจผล บันทึกผล และส่งมอบงานของ Authentication,ตัวอย่างที่ถูกต้อง: ตัวอย่างการประยุกต์ Authentication ที่ถูกต้อง พร้อมอธิบายเหตุผลทีละส่วน,ตัวอย่างที่ผิดและเหตุผล: ตัวอย่างข้อผิดพลาดของ Authentication วิเคราะห์สาเหตุและผลกระทบ,สาธิต/กรณีตัวอย่าง: กรณีศึกษาจากสถานการณ์จริงหรือจำลองเกี่ยวกับ Authentication,ข้อผิดพลาดที่พบบ่อย: รวบรวม Common Mistake ของ Authentication และสัญญาณที่ใช้สังเกต,แนวทางแก้ปัญหา: Troubleshooting แบบเป็นลำดับสำหรับปัญหาที่เกิดระหว่างทำ Authentication,ความปลอดภัย/จริยธรรม: ข้อควรระวัง ความปลอดภัย กฎหมาย หรือจริยธรรมที่เกี่ยวข้องกับ Authentication,ภารกิจฝึกปฏิบัติ: กิจกรรมลงมือทำเกี่ยวกับ Authentication ให้ผู้เรียนสร้างหลักฐานผลงาน,ใบงานประจำหน่วย: อธิบายใบงานของหน่วย Authentication: เป้าหมาย งานที่ต้องส่ง รูปแบบ และกำหนดตรวจ,เกณฑ์ประเมินและสรุป: Rubric ประเมินความถูกต้อง กระบวนการ คุณภาพงาน และสรุป Key Takeaway ของ Authentication,คำถามทบทวนและคิดวิเคราะห์: คำถามทบทวน 3–5 ข้อและคำถามคิดวิเคราะห์ที่เชื่อม Authentication กับสถานการณ์จริง
31901-2005,การพัฒนาซอฟต์แวร์ด้วยเทคโนโลยี Back-End,8,Authorization และ RBAC,1) อธิบาย Authorization และ RBAC ได้ 2) วิเคราะห์/เลือกวิธีที่เหมาะสมได้ 3) ปฏิบัติงานหรือสร้างชิ้นงานเกี่ยวกับ Authorization และ RBAC ได้ 4) ตรวจสอบและสะท้อนผลการทำงานได้,ใบงานหน่วยที่ 8: Authorization และ RBAC,ภารกิจ 1 อธิบายแนวคิดหลักของ Authorization และ RBAC; ภารกิจ 2 วิเคราะห์ตัวอย่าง; ภารกิจ 3 ลงมือปฏิบัติ/สร้างชิ้นงาน; ภารกิจ 4 ตรวจข้อผิดพลาด; ภารกิจ 5 สรุปสิ่งที่เรียนรู้และแนบหลักฐาน,ชื่อหน่วยและภาพรวม: อธิบายภาพรวมของ Authorization และ RBAC และความเชื่อมโยงกับรายวิชา การพัฒนาซอฟต์แวร์ด้วยเทคโนโลยี Back-End,ผลลัพธ์การเรียนรู้: ผู้เรียนอธิบายหลักการ วิเคราะห์ตัวอย่าง และปฏิบัติงานเกี่ยวกับ Authorization และ RBAC ได้ตามเกณฑ์,ความรู้เดิมที่ต้องใช้: ทบทวนความรู้พื้นฐานที่จำเป็นก่อนเรียน Authorization และ RBAC พร้อมคำถามตรวจความพร้อม,คำศัพท์สำคัญ: รวบรวมคำศัพท์หลักของ Authorization และ RBAC พร้อมความหมายและการใช้งานจริง,ความหมายและขอบเขต: นิยาม Authorization และ RBAC ขอบเขตงาน และสิ่งที่อยู่/ไม่อยู่ในขอบเขต,หลักการสำคัญ: แจกแจงหลักการสำคัญของ Authorization และ RBAC เป็นข้อ ๆ พร้อมเหตุผล,องค์ประกอบ/โครงสร้าง: แสดงองค์ประกอบหลัก ความสัมพันธ์ และลำดับการทำงานของ Authorization และ RBAC,ขั้นตอนการทำงาน 1: เริ่มต้นงาน Authorization และ RBAC: การเตรียมข้อมูล เครื่องมือ และเงื่อนไขก่อนทำ,ขั้นตอนการทำงาน 2: ขั้นดำเนินงานหลักของ Authorization และ RBAC พร้อมจุดตรวจสอบระหว่างทาง,ขั้นตอนการทำงาน 3: ขั้นตรวจผล บันทึกผล และส่งมอบงานของ Authorization และ RBAC,ตัวอย่างที่ถูกต้อง: ตัวอย่างการประยุกต์ Authorization และ RBAC ที่ถูกต้อง พร้อมอธิบายเหตุผลทีละส่วน,ตัวอย่างที่ผิดและเหตุผล: ตัวอย่างข้อผิดพลาดของ Authorization และ RBAC วิเคราะห์สาเหตุและผลกระทบ,สาธิต/กรณีตัวอย่าง: กรณีศึกษาจากสถานการณ์จริงหรือจำลองเกี่ยวกับ Authorization และ RBAC,ข้อผิดพลาดที่พบบ่อย: รวบรวม Common Mistake ของ Authorization และ RBAC และสัญญาณที่ใช้สังเกต,แนวทางแก้ปัญหา: Troubleshooting แบบเป็นลำดับสำหรับปัญหาที่เกิดระหว่างทำ Authorization และ RBAC,ความปลอดภัย/จริยธรรม: ข้อควรระวัง ความปลอดภัย กฎหมาย หรือจริยธรรมที่เกี่ยวข้องกับ Authorization และ RBAC,ภารกิจฝึกปฏิบัติ: กิจกรรมลงมือทำเกี่ยวกับ Authorization และ RBAC ให้ผู้เรียนสร้างหลักฐานผลงาน,ใบงานประจำหน่วย: อธิบายใบงานของหน่วย Authorization และ RBAC: เป้าหมาย งานที่ต้องส่ง รูปแบบ และกำหนดตรวจ,เกณฑ์ประเมินและสรุป: Rubric ประเมินความถูกต้อง กระบวนการ คุณภาพงาน และสรุป Key Takeaway ของ Authorization และ RBAC,คำถามทบทวนและคิดวิเคราะห์: คำถามทบทวน 3–5 ข้อและคำถามคิดวิเคราะห์ที่เชื่อม Authorization และ RBAC กับสถานการณ์จริง
31901-2005,การพัฒนาซอฟต์แวร์ด้วยเทคโนโลยี Back-End,9,Validation และ Error Handling,1) อธิบาย Validation และ Error Handling ได้ 2) วิเคราะห์/เลือกวิธีที่เหมาะสมได้ 3) ปฏิบัติงานหรือสร้างชิ้นงานเกี่ยวกับ Validation และ Error Handling ได้ 4) ตรวจสอบและสะท้อนผลการทำงานได้,ใบงานหน่วยที่ 9: Validation และ Error Handling,ภารกิจ 1 อธิบายแนวคิดหลักของ Validation และ Error Handling; ภารกิจ 2 วิเคราะห์ตัวอย่าง; ภารกิจ 3 ลงมือปฏิบัติ/สร้างชิ้นงาน; ภารกิจ 4 ตรวจข้อผิดพลาด; ภารกิจ 5 สรุปสิ่งที่เรียนรู้และแนบหลักฐาน,ชื่อหน่วยและภาพรวม: อธิบายภาพรวมของ Validation และ Error Handling และความเชื่อมโยงกับรายวิชา การพัฒนาซอฟต์แวร์ด้วยเทคโนโลยี Back-End,ผลลัพธ์การเรียนรู้: ผู้เรียนอธิบายหลักการ วิเคราะห์ตัวอย่าง และปฏิบัติงานเกี่ยวกับ Validation และ Error Handling ได้ตามเกณฑ์,ความรู้เดิมที่ต้องใช้: ทบทวนความรู้พื้นฐานที่จำเป็นก่อนเรียน Validation และ Error Handling พร้อมคำถามตรวจความพร้อม,คำศัพท์สำคัญ: รวบรวมคำศัพท์หลักของ Validation และ Error Handling พร้อมความหมายและการใช้งานจริง,ความหมายและขอบเขต: นิยาม Validation และ Error Handling ขอบเขตงาน และสิ่งที่อยู่/ไม่อยู่ในขอบเขต,หลักการสำคัญ: แจกแจงหลักการสำคัญของ Validation และ Error Handling เป็นข้อ ๆ พร้อมเหตุผล,องค์ประกอบ/โครงสร้าง: แสดงองค์ประกอบหลัก ความสัมพันธ์ และลำดับการทำงานของ Validation และ Error Handling,ขั้นตอนการทำงาน 1: เริ่มต้นงาน Validation และ Error Handling: การเตรียมข้อมูล เครื่องมือ และเงื่อนไขก่อนทำ,ขั้นตอนการทำงาน 2: ขั้นดำเนินงานหลักของ Validation และ Error Handling พร้อมจุดตรวจสอบระหว่างทาง,ขั้นตอนการทำงาน 3: ขั้นตรวจผล บันทึกผล และส่งมอบงานของ Validation และ Error Handling,ตัวอย่างที่ถูกต้อง: ตัวอย่างการประยุกต์ Validation และ Error Handling ที่ถูกต้อง พร้อมอธิบายเหตุผลทีละส่วน,ตัวอย่างที่ผิดและเหตุผล: ตัวอย่างข้อผิดพลาดของ Validation และ Error Handling วิเคราะห์สาเหตุและผลกระทบ,สาธิต/กรณีตัวอย่าง: กรณีศึกษาจากสถานการณ์จริงหรือจำลองเกี่ยวกับ Validation และ Error Handling,ข้อผิดพลาดที่พบบ่อย: รวบรวม Common Mistake ของ Validation และ Error Handling และสัญญาณที่ใช้สังเกต,แนวทางแก้ปัญหา: Troubleshooting แบบเป็นลำดับสำหรับปัญหาที่เกิดระหว่างทำ Validation และ Error Handling,ความปลอดภัย/จริยธรรม: ข้อควรระวัง ความปลอดภัย กฎหมาย หรือจริยธรรมที่เกี่ยวข้องกับ Validation และ Error Handling,ภารกิจฝึกปฏิบัติ: กิจกรรมลงมือทำเกี่ยวกับ Validation และ Error Handling ให้ผู้เรียนสร้างหลักฐานผลงาน,ใบงานประจำหน่วย: อธิบายใบงานของหน่วย Validation และ Error Handling: เป้าหมาย งานที่ต้องส่ง รูปแบบ และกำหนดตรวจ,เกณฑ์ประเมินและสรุป: Rubric ประเมินความถูกต้อง กระบวนการ คุณภาพงาน และสรุป Key Takeaway ของ Validation และ Error Handling,คำถามทบทวนและคิดวิเคราะห์: คำถามทบทวน 3–5 ข้อและคำถามคิดวิเคราะห์ที่เชื่อม Validation และ Error Handling กับสถานการณ์จริง
31901-2005,การพัฒนาซอฟต์แวร์ด้วยเทคโนโลยี Back-End,10,File Upload และ Storage,1) อธิบาย File Upload และ Storage ได้ 2) วิเคราะห์/เลือกวิธีที่เหมาะสมได้ 3) ปฏิบัติงานหรือสร้างชิ้นงานเกี่ยวกับ File Upload และ Storage ได้ 4) ตรวจสอบและสะท้อนผลการทำงานได้,ใบงานหน่วยที่ 10: File Upload และ Storage,ภารกิจ 1 อธิบายแนวคิดหลักของ File Upload และ Storage; ภารกิจ 2 วิเคราะห์ตัวอย่าง; ภารกิจ 3 ลงมือปฏิบัติ/สร้างชิ้นงาน; ภารกิจ 4 ตรวจข้อผิดพลาด; ภารกิจ 5 สรุปสิ่งที่เรียนรู้และแนบหลักฐาน,ชื่อหน่วยและภาพรวม: อธิบายภาพรวมของ File Upload และ Storage และความเชื่อมโยงกับรายวิชา การพัฒนาซอฟต์แวร์ด้วยเทคโนโลยี Back-End,ผลลัพธ์การเรียนรู้: ผู้เรียนอธิบายหลักการ วิเคราะห์ตัวอย่าง และปฏิบัติงานเกี่ยวกับ File Upload และ Storage ได้ตามเกณฑ์,ความรู้เดิมที่ต้องใช้: ทบทวนความรู้พื้นฐานที่จำเป็นก่อนเรียน File Upload และ Storage พร้อมคำถามตรวจความพร้อม,คำศัพท์สำคัญ: รวบรวมคำศัพท์หลักของ File Upload และ Storage พร้อมความหมายและการใช้งานจริง,ความหมายและขอบเขต: นิยาม File Upload และ Storage ขอบเขตงาน และสิ่งที่อยู่/ไม่อยู่ในขอบเขต,หลักการสำคัญ: แจกแจงหลักการสำคัญของ File Upload และ Storage เป็นข้อ ๆ พร้อมเหตุผล,องค์ประกอบ/โครงสร้าง: แสดงองค์ประกอบหลัก ความสัมพันธ์ และลำดับการทำงานของ File Upload และ Storage,ขั้นตอนการทำงาน 1: เริ่มต้นงาน File Upload และ Storage: การเตรียมข้อมูล เครื่องมือ และเงื่อนไขก่อนทำ,ขั้นตอนการทำงาน 2: ขั้นดำเนินงานหลักของ File Upload และ Storage พร้อมจุดตรวจสอบระหว่างทาง,ขั้นตอนการทำงาน 3: ขั้นตรวจผล บันทึกผล และส่งมอบงานของ File Upload และ Storage,ตัวอย่างที่ถูกต้อง: ตัวอย่างการประยุกต์ File Upload และ Storage ที่ถูกต้อง พร้อมอธิบายเหตุผลทีละส่วน,ตัวอย่างที่ผิดและเหตุผล: ตัวอย่างข้อผิดพลาดของ File Upload และ Storage วิเคราะห์สาเหตุและผลกระทบ,สาธิต/กรณีตัวอย่าง: กรณีศึกษาจากสถานการณ์จริงหรือจำลองเกี่ยวกับ File Upload และ Storage,ข้อผิดพลาดที่พบบ่อย: รวบรวม Common Mistake ของ File Upload และ Storage และสัญญาณที่ใช้สังเกต,แนวทางแก้ปัญหา: Troubleshooting แบบเป็นลำดับสำหรับปัญหาที่เกิดระหว่างทำ File Upload และ Storage,ความปลอดภัย/จริยธรรม: ข้อควรระวัง ความปลอดภัย กฎหมาย หรือจริยธรรมที่เกี่ยวข้องกับ File Upload และ Storage,ภารกิจฝึกปฏิบัติ: กิจกรรมลงมือทำเกี่ยวกับ File Upload และ Storage ให้ผู้เรียนสร้างหลักฐานผลงาน,ใบงานประจำหน่วย: อธิบายใบงานของหน่วย File Upload และ Storage: เป้าหมาย งานที่ต้องส่ง รูปแบบ และกำหนดตรวจ,เกณฑ์ประเมินและสรุป: Rubric ประเมินความถูกต้อง กระบวนการ คุณภาพงาน และสรุป Key Takeaway ของ File Upload และ Storage,คำถามทบทวนและคิดวิเคราะห์: คำถามทบทวน 3–5 ข้อและคำถามคิดวิเคราะห์ที่เชื่อม File Upload และ Storage กับสถานการณ์จริง
31901-2005,การพัฒนาซอฟต์แวร์ด้วยเทคโนโลยี Back-End,11,Transaction และ Data Integrity,1) อธิบาย Transaction และ Data Integrity ได้ 2) วิเคราะห์/เลือกวิธีที่เหมาะสมได้ 3) ปฏิบัติงานหรือสร้างชิ้นงานเกี่ยวกับ Transaction และ Data Integrity ได้ 4) ตรวจสอบและสะท้อนผลการทำงานได้,ใบงานหน่วยที่ 11: Transaction และ Data Integrity,ภารกิจ 1 อธิบายแนวคิดหลักของ Transaction และ Data Integrity; ภารกิจ 2 วิเคราะห์ตัวอย่าง; ภารกิจ 3 ลงมือปฏิบัติ/สร้างชิ้นงาน; ภารกิจ 4 ตรวจข้อผิดพลาด; ภารกิจ 5 สรุปสิ่งที่เรียนรู้และแนบหลักฐาน,ชื่อหน่วยและภาพรวม: อธิบายภาพรวมของ Transaction และ Data Integrity และความเชื่อมโยงกับรายวิชา การพัฒนาซอฟต์แวร์ด้วยเทคโนโลยี Back-End,ผลลัพธ์การเรียนรู้: ผู้เรียนอธิบายหลักการ วิเคราะห์ตัวอย่าง และปฏิบัติงานเกี่ยวกับ Transaction และ Data Integrity ได้ตามเกณฑ์,ความรู้เดิมที่ต้องใช้: ทบทวนความรู้พื้นฐานที่จำเป็นก่อนเรียน Transaction และ Data Integrity พร้อมคำถามตรวจความพร้อม,คำศัพท์สำคัญ: รวบรวมคำศัพท์หลักของ Transaction และ Data Integrity พร้อมความหมายและการใช้งานจริง,ความหมายและขอบเขต: นิยาม Transaction และ Data Integrity ขอบเขตงาน และสิ่งที่อยู่/ไม่อยู่ในขอบเขต,หลักการสำคัญ: แจกแจงหลักการสำคัญของ Transaction และ Data Integrity เป็นข้อ ๆ พร้อมเหตุผล,องค์ประกอบ/โครงสร้าง: แสดงองค์ประกอบหลัก ความสัมพันธ์ และลำดับการทำงานของ Transaction และ Data Integrity,ขั้นตอนการทำงาน 1: เริ่มต้นงาน Transaction และ Data Integrity: การเตรียมข้อมูล เครื่องมือ และเงื่อนไขก่อนทำ,ขั้นตอนการทำงาน 2: ขั้นดำเนินงานหลักของ Transaction และ Data Integrity พร้อมจุดตรวจสอบระหว่างทาง,ขั้นตอนการทำงาน 3: ขั้นตรวจผล บันทึกผล และส่งมอบงานของ Transaction และ Data Integrity,ตัวอย่างที่ถูกต้อง: ตัวอย่างการประยุกต์ Transaction และ Data Integrity ที่ถูกต้อง พร้อมอธิบายเหตุผลทีละส่วน,ตัวอย่างที่ผิดและเหตุผล: ตัวอย่างข้อผิดพลาดของ Transaction และ Data Integrity วิเคราะห์สาเหตุและผลกระทบ,สาธิต/กรณีตัวอย่าง: กรณีศึกษาจากสถานการณ์จริงหรือจำลองเกี่ยวกับ Transaction และ Data Integrity,ข้อผิดพลาดที่พบบ่อย: รวบรวม Common Mistake ของ Transaction และ Data Integrity และสัญญาณที่ใช้สังเกต,แนวทางแก้ปัญหา: Troubleshooting แบบเป็นลำดับสำหรับปัญหาที่เกิดระหว่างทำ Transaction และ Data Integrity,ความปลอดภัย/จริยธรรม: ข้อควรระวัง ความปลอดภัย กฎหมาย หรือจริยธรรมที่เกี่ยวข้องกับ Transaction และ Data Integrity,ภารกิจฝึกปฏิบัติ: กิจกรรมลงมือทำเกี่ยวกับ Transaction และ Data Integrity ให้ผู้เรียนสร้างหลักฐานผลงาน,ใบงานประจำหน่วย: อธิบายใบงานของหน่วย Transaction และ Data Integrity: เป้าหมาย งานที่ต้องส่ง รูปแบบ และกำหนดตรวจ,เกณฑ์ประเมินและสรุป: Rubric ประเมินความถูกต้อง กระบวนการ คุณภาพงาน และสรุป Key Takeaway ของ Transaction และ Data Integrity,คำถามทบทวนและคิดวิเคราะห์: คำถามทบทวน 3–5 ข้อและคำถามคิดวิเคราะห์ที่เชื่อม Transaction และ Data Integrity กับสถานการณ์จริง
31901-2005,การพัฒนาซอฟต์แวร์ด้วยเทคโนโลยี Back-End,12,Logging และ Observability,1) อธิบาย Logging และ Observability ได้ 2) วิเคราะห์/เลือกวิธีที่เหมาะสมได้ 3) ปฏิบัติงานหรือสร้างชิ้นงานเกี่ยวกับ Logging และ Observability ได้ 4) ตรวจสอบและสะท้อนผลการทำงานได้,ใบงานหน่วยที่ 12: Logging และ Observability,ภารกิจ 1 อธิบายแนวคิดหลักของ Logging และ Observability; ภารกิจ 2 วิเคราะห์ตัวอย่าง; ภารกิจ 3 ลงมือปฏิบัติ/สร้างชิ้นงาน; ภารกิจ 4 ตรวจข้อผิดพลาด; ภารกิจ 5 สรุปสิ่งที่เรียนรู้และแนบหลักฐาน,ชื่อหน่วยและภาพรวม: อธิบายภาพรวมของ Logging และ Observability และความเชื่อมโยงกับรายวิชา การพัฒนาซอฟต์แวร์ด้วยเทคโนโลยี Back-End,ผลลัพธ์การเรียนรู้: ผู้เรียนอธิบายหลักการ วิเคราะห์ตัวอย่าง และปฏิบัติงานเกี่ยวกับ Logging และ Observability ได้ตามเกณฑ์,ความรู้เดิมที่ต้องใช้: ทบทวนความรู้พื้นฐานที่จำเป็นก่อนเรียน Logging และ Observability พร้อมคำถามตรวจความพร้อม,คำศัพท์สำคัญ: รวบรวมคำศัพท์หลักของ Logging และ Observability พร้อมความหมายและการใช้งานจริง,ความหมายและขอบเขต: นิยาม Logging และ Observability ขอบเขตงาน และสิ่งที่อยู่/ไม่อยู่ในขอบเขต,หลักการสำคัญ: แจกแจงหลักการสำคัญของ Logging และ Observability เป็นข้อ ๆ พร้อมเหตุผล,องค์ประกอบ/โครงสร้าง: แสดงองค์ประกอบหลัก ความสัมพันธ์ และลำดับการทำงานของ Logging และ Observability,ขั้นตอนการทำงาน 1: เริ่มต้นงาน Logging และ Observability: การเตรียมข้อมูล เครื่องมือ และเงื่อนไขก่อนทำ,ขั้นตอนการทำงาน 2: ขั้นดำเนินงานหลักของ Logging และ Observability พร้อมจุดตรวจสอบระหว่างทาง,ขั้นตอนการทำงาน 3: ขั้นตรวจผล บันทึกผล และส่งมอบงานของ Logging และ Observability,ตัวอย่างที่ถูกต้อง: ตัวอย่างการประยุกต์ Logging และ Observability ที่ถูกต้อง พร้อมอธิบายเหตุผลทีละส่วน,ตัวอย่างที่ผิดและเหตุผล: ตัวอย่างข้อผิดพลาดของ Logging และ Observability วิเคราะห์สาเหตุและผลกระทบ,สาธิต/กรณีตัวอย่าง: กรณีศึกษาจากสถานการณ์จริงหรือจำลองเกี่ยวกับ Logging และ Observability,ข้อผิดพลาดที่พบบ่อย: รวบรวม Common Mistake ของ Logging และ Observability และสัญญาณที่ใช้สังเกต,แนวทางแก้ปัญหา: Troubleshooting แบบเป็นลำดับสำหรับปัญหาที่เกิดระหว่างทำ Logging และ Observability,ความปลอดภัย/จริยธรรม: ข้อควรระวัง ความปลอดภัย กฎหมาย หรือจริยธรรมที่เกี่ยวข้องกับ Logging และ Observability,ภารกิจฝึกปฏิบัติ: กิจกรรมลงมือทำเกี่ยวกับ Logging และ Observability ให้ผู้เรียนสร้างหลักฐานผลงาน,ใบงานประจำหน่วย: อธิบายใบงานของหน่วย Logging และ Observability: เป้าหมาย งานที่ต้องส่ง รูปแบบ และกำหนดตรวจ,เกณฑ์ประเมินและสรุป: Rubric ประเมินความถูกต้อง กระบวนการ คุณภาพงาน และสรุป Key Takeaway ของ Logging และ Observability,คำถามทบทวนและคิดวิเคราะห์: คำถามทบทวน 3–5 ข้อและคำถามคิดวิเคราะห์ที่เชื่อม Logging และ Observability กับสถานการณ์จริง
31901-2005,การพัฒนาซอฟต์แวร์ด้วยเทคโนโลยี Back-End,13,Security สำหรับ Web API,1) อธิบาย Security สำหรับ Web API ได้ 2) วิเคราะห์/เลือกวิธีที่เหมาะสมได้ 3) ปฏิบัติงานหรือสร้างชิ้นงานเกี่ยวกับ Security สำหรับ Web API ได้ 4) ตรวจสอบและสะท้อนผลการทำงานได้,ใบงานหน่วยที่ 13: Security สำหรับ Web API,ภารกิจ 1 อธิบายแนวคิดหลักของ Security สำหรับ Web API; ภารกิจ 2 วิเคราะห์ตัวอย่าง; ภารกิจ 3 ลงมือปฏิบัติ/สร้างชิ้นงาน; ภารกิจ 4 ตรวจข้อผิดพลาด; ภารกิจ 5 สรุปสิ่งที่เรียนรู้และแนบหลักฐาน,ชื่อหน่วยและภาพรวม: อธิบายภาพรวมของ Security สำหรับ Web API และความเชื่อมโยงกับรายวิชา การพัฒนาซอฟต์แวร์ด้วยเทคโนโลยี Back-End,ผลลัพธ์การเรียนรู้: ผู้เรียนอธิบายหลักการ วิเคราะห์ตัวอย่าง และปฏิบัติงานเกี่ยวกับ Security สำหรับ Web API ได้ตามเกณฑ์,ความรู้เดิมที่ต้องใช้: ทบทวนความรู้พื้นฐานที่จำเป็นก่อนเรียน Security สำหรับ Web API พร้อมคำถามตรวจความพร้อม,คำศัพท์สำคัญ: รวบรวมคำศัพท์หลักของ Security สำหรับ Web API พร้อมความหมายและการใช้งานจริง,ความหมายและขอบเขต: นิยาม Security สำหรับ Web API ขอบเขตงาน และสิ่งที่อยู่/ไม่อยู่ในขอบเขต,หลักการสำคัญ: แจกแจงหลักการสำคัญของ Security สำหรับ Web API เป็นข้อ ๆ พร้อมเหตุผล,องค์ประกอบ/โครงสร้าง: แสดงองค์ประกอบหลัก ความสัมพันธ์ และลำดับการทำงานของ Security สำหรับ Web API,ขั้นตอนการทำงาน 1: เริ่มต้นงาน Security สำหรับ Web API: การเตรียมข้อมูล เครื่องมือ และเงื่อนไขก่อนทำ,ขั้นตอนการทำงาน 2: ขั้นดำเนินงานหลักของ Security สำหรับ Web API พร้อมจุดตรวจสอบระหว่างทาง,ขั้นตอนการทำงาน 3: ขั้นตรวจผล บันทึกผล และส่งมอบงานของ Security สำหรับ Web API,ตัวอย่างที่ถูกต้อง: ตัวอย่างการประยุกต์ Security สำหรับ Web API ที่ถูกต้อง พร้อมอธิบายเหตุผลทีละส่วน,ตัวอย่างที่ผิดและเหตุผล: ตัวอย่างข้อผิดพลาดของ Security สำหรับ Web API วิเคราะห์สาเหตุและผลกระทบ,สาธิต/กรณีตัวอย่าง: กรณีศึกษาจากสถานการณ์จริงหรือจำลองเกี่ยวกับ Security สำหรับ Web API,ข้อผิดพลาดที่พบบ่อย: รวบรวม Common Mistake ของ Security สำหรับ Web API และสัญญาณที่ใช้สังเกต,แนวทางแก้ปัญหา: Troubleshooting แบบเป็นลำดับสำหรับปัญหาที่เกิดระหว่างทำ Security สำหรับ Web API,ความปลอดภัย/จริยธรรม: ข้อควรระวัง ความปลอดภัย กฎหมาย หรือจริยธรรมที่เกี่ยวข้องกับ Security สำหรับ Web API,ภารกิจฝึกปฏิบัติ: กิจกรรมลงมือทำเกี่ยวกับ Security สำหรับ Web API ให้ผู้เรียนสร้างหลักฐานผลงาน,ใบงานประจำหน่วย: อธิบายใบงานของหน่วย Security สำหรับ Web API: เป้าหมาย งานที่ต้องส่ง รูปแบบ และกำหนดตรวจ,เกณฑ์ประเมินและสรุป: Rubric ประเมินความถูกต้อง กระบวนการ คุณภาพงาน และสรุป Key Takeaway ของ Security สำหรับ Web API,คำถามทบทวนและคิดวิเคราะห์: คำถามทบทวน 3–5 ข้อและคำถามคิดวิเคราะห์ที่เชื่อม Security สำหรับ Web API กับสถานการณ์จริง
31901-2005,การพัฒนาซอฟต์แวร์ด้วยเทคโนโลยี Back-End,14,Testing API,1) อธิบาย Testing API ได้ 2) วิเคราะห์/เลือกวิธีที่เหมาะสมได้ 3) ปฏิบัติงานหรือสร้างชิ้นงานเกี่ยวกับ Testing API ได้ 4) ตรวจสอบและสะท้อนผลการทำงานได้,ใบงานหน่วยที่ 14: Testing API,ภารกิจ 1 อธิบายแนวคิดหลักของ Testing API; ภารกิจ 2 วิเคราะห์ตัวอย่าง; ภารกิจ 3 ลงมือปฏิบัติ/สร้างชิ้นงาน; ภารกิจ 4 ตรวจข้อผิดพลาด; ภารกิจ 5 สรุปสิ่งที่เรียนรู้และแนบหลักฐาน,ชื่อหน่วยและภาพรวม: อธิบายภาพรวมของ Testing API และความเชื่อมโยงกับรายวิชา การพัฒนาซอฟต์แวร์ด้วยเทคโนโลยี Back-End,ผลลัพธ์การเรียนรู้: ผู้เรียนอธิบายหลักการ วิเคราะห์ตัวอย่าง และปฏิบัติงานเกี่ยวกับ Testing API ได้ตามเกณฑ์,ความรู้เดิมที่ต้องใช้: ทบทวนความรู้พื้นฐานที่จำเป็นก่อนเรียน Testing API พร้อมคำถามตรวจความพร้อม,คำศัพท์สำคัญ: รวบรวมคำศัพท์หลักของ Testing API พร้อมความหมายและการใช้งานจริง,ความหมายและขอบเขต: นิยาม Testing API ขอบเขตงาน และสิ่งที่อยู่/ไม่อยู่ในขอบเขต,หลักการสำคัญ: แจกแจงหลักการสำคัญของ Testing API เป็นข้อ ๆ พร้อมเหตุผล,องค์ประกอบ/โครงสร้าง: แสดงองค์ประกอบหลัก ความสัมพันธ์ และลำดับการทำงานของ Testing API,ขั้นตอนการทำงาน 1: เริ่มต้นงาน Testing API: การเตรียมข้อมูล เครื่องมือ และเงื่อนไขก่อนทำ,ขั้นตอนการทำงาน 2: ขั้นดำเนินงานหลักของ Testing API พร้อมจุดตรวจสอบระหว่างทาง,ขั้นตอนการทำงาน 3: ขั้นตรวจผล บันทึกผล และส่งมอบงานของ Testing API,ตัวอย่างที่ถูกต้อง: ตัวอย่างการประยุกต์ Testing API ที่ถูกต้อง พร้อมอธิบายเหตุผลทีละส่วน,ตัวอย่างที่ผิดและเหตุผล: ตัวอย่างข้อผิดพลาดของ Testing API วิเคราะห์สาเหตุและผลกระทบ,สาธิต/กรณีตัวอย่าง: กรณีศึกษาจากสถานการณ์จริงหรือจำลองเกี่ยวกับ Testing API,ข้อผิดพลาดที่พบบ่อย: รวบรวม Common Mistake ของ Testing API และสัญญาณที่ใช้สังเกต,แนวทางแก้ปัญหา: Troubleshooting แบบเป็นลำดับสำหรับปัญหาที่เกิดระหว่างทำ Testing API,ความปลอดภัย/จริยธรรม: ข้อควรระวัง ความปลอดภัย กฎหมาย หรือจริยธรรมที่เกี่ยวข้องกับ Testing API,ภารกิจฝึกปฏิบัติ: กิจกรรมลงมือทำเกี่ยวกับ Testing API ให้ผู้เรียนสร้างหลักฐานผลงาน,ใบงานประจำหน่วย: อธิบายใบงานของหน่วย Testing API: เป้าหมาย งานที่ต้องส่ง รูปแบบ และกำหนดตรวจ,เกณฑ์ประเมินและสรุป: Rubric ประเมินความถูกต้อง กระบวนการ คุณภาพงาน และสรุป Key Takeaway ของ Testing API,คำถามทบทวนและคิดวิเคราะห์: คำถามทบทวน 3–5 ข้อและคำถามคิดวิเคราะห์ที่เชื่อม Testing API กับสถานการณ์จริง
31901-2005,การพัฒนาซอฟต์แวร์ด้วยเทคโนโลยี Back-End,15,Deployment Environment,1) อธิบาย Deployment Environment ได้ 2) วิเคราะห์/เลือกวิธีที่เหมาะสมได้ 3) ปฏิบัติงานหรือสร้างชิ้นงานเกี่ยวกับ Deployment Environment ได้ 4) ตรวจสอบและสะท้อนผลการทำงานได้,ใบงานหน่วยที่ 15: Deployment Environment,ภารกิจ 1 อธิบายแนวคิดหลักของ Deployment Environment; ภารกิจ 2 วิเคราะห์ตัวอย่าง; ภารกิจ 3 ลงมือปฏิบัติ/สร้างชิ้นงาน; ภารกิจ 4 ตรวจข้อผิดพลาด; ภารกิจ 5 สรุปสิ่งที่เรียนรู้และแนบหลักฐาน,ชื่อหน่วยและภาพรวม: อธิบายภาพรวมของ Deployment Environment และความเชื่อมโยงกับรายวิชา การพัฒนาซอฟต์แวร์ด้วยเทคโนโลยี Back-End,ผลลัพธ์การเรียนรู้: ผู้เรียนอธิบายหลักการ วิเคราะห์ตัวอย่าง และปฏิบัติงานเกี่ยวกับ Deployment Environment ได้ตามเกณฑ์,ความรู้เดิมที่ต้องใช้: ทบทวนความรู้พื้นฐานที่จำเป็นก่อนเรียน Deployment Environment พร้อมคำถามตรวจความพร้อม,คำศัพท์สำคัญ: รวบรวมคำศัพท์หลักของ Deployment Environment พร้อมความหมายและการใช้งานจริง,ความหมายและขอบเขต: นิยาม Deployment Environment ขอบเขตงาน และสิ่งที่อยู่/ไม่อยู่ในขอบเขต,หลักการสำคัญ: แจกแจงหลักการสำคัญของ Deployment Environment เป็นข้อ ๆ พร้อมเหตุผล,องค์ประกอบ/โครงสร้าง: แสดงองค์ประกอบหลัก ความสัมพันธ์ และลำดับการทำงานของ Deployment Environment,ขั้นตอนการทำงาน 1: เริ่มต้นงาน Deployment Environment: การเตรียมข้อมูล เครื่องมือ และเงื่อนไขก่อนทำ,ขั้นตอนการทำงาน 2: ขั้นดำเนินงานหลักของ Deployment Environment พร้อมจุดตรวจสอบระหว่างทาง,ขั้นตอนการทำงาน 3: ขั้นตรวจผล บันทึกผล และส่งมอบงานของ Deployment Environment,ตัวอย่างที่ถูกต้อง: ตัวอย่างการประยุกต์ Deployment Environment ที่ถูกต้อง พร้อมอธิบายเหตุผลทีละส่วน,ตัวอย่างที่ผิดและเหตุผล: ตัวอย่างข้อผิดพลาดของ Deployment Environment วิเคราะห์สาเหตุและผลกระทบ,สาธิต/กรณีตัวอย่าง: กรณีศึกษาจากสถานการณ์จริงหรือจำลองเกี่ยวกับ Deployment Environment,ข้อผิดพลาดที่พบบ่อย: รวบรวม Common Mistake ของ Deployment Environment และสัญญาณที่ใช้สังเกต,แนวทางแก้ปัญหา: Troubleshooting แบบเป็นลำดับสำหรับปัญหาที่เกิดระหว่างทำ Deployment Environment,ความปลอดภัย/จริยธรรม: ข้อควรระวัง ความปลอดภัย กฎหมาย หรือจริยธรรมที่เกี่ยวข้องกับ Deployment Environment,ภารกิจฝึกปฏิบัติ: กิจกรรมลงมือทำเกี่ยวกับ Deployment Environment ให้ผู้เรียนสร้างหลักฐานผลงาน,ใบงานประจำหน่วย: อธิบายใบงานของหน่วย Deployment Environment: เป้าหมาย งานที่ต้องส่ง รูปแบบ และกำหนดตรวจ,เกณฑ์ประเมินและสรุป: Rubric ประเมินความถูกต้อง กระบวนการ คุณภาพงาน และสรุป Key Takeaway ของ Deployment Environment,คำถามทบทวนและคิดวิเคราะห์: คำถามทบทวน 3–5 ข้อและคำถามคิดวิเคราะห์ที่เชื่อม Deployment Environment กับสถานการณ์จริง
31901-2005,การพัฒนาซอฟต์แวร์ด้วยเทคโนโลยี Back-End,16,Performance และ Caching,1) อธิบาย Performance และ Caching ได้ 2) วิเคราะห์/เลือกวิธีที่เหมาะสมได้ 3) ปฏิบัติงานหรือสร้างชิ้นงานเกี่ยวกับ Performance และ Caching ได้ 4) ตรวจสอบและสะท้อนผลการทำงานได้,ใบงานหน่วยที่ 16: Performance และ Caching,ภารกิจ 1 อธิบายแนวคิดหลักของ Performance และ Caching; ภารกิจ 2 วิเคราะห์ตัวอย่าง; ภารกิจ 3 ลงมือปฏิบัติ/สร้างชิ้นงาน; ภารกิจ 4 ตรวจข้อผิดพลาด; ภารกิจ 5 สรุปสิ่งที่เรียนรู้และแนบหลักฐาน,ชื่อหน่วยและภาพรวม: อธิบายภาพรวมของ Performance และ Caching และความเชื่อมโยงกับรายวิชา การพัฒนาซอฟต์แวร์ด้วยเทคโนโลยี Back-End,ผลลัพธ์การเรียนรู้: ผู้เรียนอธิบายหลักการ วิเคราะห์ตัวอย่าง และปฏิบัติงานเกี่ยวกับ Performance และ Caching ได้ตามเกณฑ์,ความรู้เดิมที่ต้องใช้: ทบทวนความรู้พื้นฐานที่จำเป็นก่อนเรียน Performance และ Caching พร้อมคำถามตรวจความพร้อม,คำศัพท์สำคัญ: รวบรวมคำศัพท์หลักของ Performance และ Caching พร้อมความหมายและการใช้งานจริง,ความหมายและขอบเขต: นิยาม Performance และ Caching ขอบเขตงาน และสิ่งที่อยู่/ไม่อยู่ในขอบเขต,หลักการสำคัญ: แจกแจงหลักการสำคัญของ Performance และ Caching เป็นข้อ ๆ พร้อมเหตุผล,องค์ประกอบ/โครงสร้าง: แสดงองค์ประกอบหลัก ความสัมพันธ์ และลำดับการทำงานของ Performance และ Caching,ขั้นตอนการทำงาน 1: เริ่มต้นงาน Performance และ Caching: การเตรียมข้อมูล เครื่องมือ และเงื่อนไขก่อนทำ,ขั้นตอนการทำงาน 2: ขั้นดำเนินงานหลักของ Performance และ Caching พร้อมจุดตรวจสอบระหว่างทาง,ขั้นตอนการทำงาน 3: ขั้นตรวจผล บันทึกผล และส่งมอบงานของ Performance และ Caching,ตัวอย่างที่ถูกต้อง: ตัวอย่างการประยุกต์ Performance และ Caching ที่ถูกต้อง พร้อมอธิบายเหตุผลทีละส่วน,ตัวอย่างที่ผิดและเหตุผล: ตัวอย่างข้อผิดพลาดของ Performance และ Caching วิเคราะห์สาเหตุและผลกระทบ,สาธิต/กรณีตัวอย่าง: กรณีศึกษาจากสถานการณ์จริงหรือจำลองเกี่ยวกับ Performance และ Caching,ข้อผิดพลาดที่พบบ่อย: รวบรวม Common Mistake ของ Performance และ Caching และสัญญาณที่ใช้สังเกต,แนวทางแก้ปัญหา: Troubleshooting แบบเป็นลำดับสำหรับปัญหาที่เกิดระหว่างทำ Performance และ Caching,ความปลอดภัย/จริยธรรม: ข้อควรระวัง ความปลอดภัย กฎหมาย หรือจริยธรรมที่เกี่ยวข้องกับ Performance และ Caching,ภารกิจฝึกปฏิบัติ: กิจกรรมลงมือทำเกี่ยวกับ Performance และ Caching ให้ผู้เรียนสร้างหลักฐานผลงาน,ใบงานประจำหน่วย: อธิบายใบงานของหน่วย Performance และ Caching: เป้าหมาย งานที่ต้องส่ง รูปแบบ และกำหนดตรวจ,เกณฑ์ประเมินและสรุป: Rubric ประเมินความถูกต้อง กระบวนการ คุณภาพงาน และสรุป Key Takeaway ของ Performance และ Caching,คำถามทบทวนและคิดวิเคราะห์: คำถามทบทวน 3–5 ข้อและคำถามคิดวิเคราะห์ที่เชื่อม Performance และ Caching กับสถานการณ์จริง
31901-2005,การพัฒนาซอฟต์แวร์ด้วยเทคโนโลยี Back-End,17,โครงงาน Back-End API,1) อธิบาย โครงงาน Back-End API ได้ 2) วิเคราะห์/เลือกวิธีที่เหมาะสมได้ 3) ปฏิบัติงานหรือสร้างชิ้นงานเกี่ยวกับ โครงงาน Back-End API ได้ 4) ตรวจสอบและสะท้อนผลการทำงานได้,ใบงานหน่วยที่ 17: โครงงาน Back-End API,ภารกิจ 1 อธิบายแนวคิดหลักของ โครงงาน Back-End API; ภารกิจ 2 วิเคราะห์ตัวอย่าง; ภารกิจ 3 ลงมือปฏิบัติ/สร้างชิ้นงาน; ภารกิจ 4 ตรวจข้อผิดพลาด; ภารกิจ 5 สรุปสิ่งที่เรียนรู้และแนบหลักฐาน,ชื่อหน่วยและภาพรวม: อธิบายภาพรวมของ โครงงาน Back-End API และความเชื่อมโยงกับรายวิชา การพัฒนาซอฟต์แวร์ด้วยเทคโนโลยี Back-End,ผลลัพธ์การเรียนรู้: ผู้เรียนอธิบายหลักการ วิเคราะห์ตัวอย่าง และปฏิบัติงานเกี่ยวกับ โครงงาน Back-End API ได้ตามเกณฑ์,ความรู้เดิมที่ต้องใช้: ทบทวนความรู้พื้นฐานที่จำเป็นก่อนเรียน โครงงาน Back-End API พร้อมคำถามตรวจความพร้อม,คำศัพท์สำคัญ: รวบรวมคำศัพท์หลักของ โครงงาน Back-End API พร้อมความหมายและการใช้งานจริง,ความหมายและขอบเขต: นิยาม โครงงาน Back-End API ขอบเขตงาน และสิ่งที่อยู่/ไม่อยู่ในขอบเขต,หลักการสำคัญ: แจกแจงหลักการสำคัญของ โครงงาน Back-End API เป็นข้อ ๆ พร้อมเหตุผล,องค์ประกอบ/โครงสร้าง: แสดงองค์ประกอบหลัก ความสัมพันธ์ และลำดับการทำงานของ โครงงาน Back-End API,ขั้นตอนการทำงาน 1: เริ่มต้นงาน โครงงาน Back-End API: การเตรียมข้อมูล เครื่องมือ และเงื่อนไขก่อนทำ,ขั้นตอนการทำงาน 2: ขั้นดำเนินงานหลักของ โครงงาน Back-End API พร้อมจุดตรวจสอบระหว่างทาง,ขั้นตอนการทำงาน 3: ขั้นตรวจผล บันทึกผล และส่งมอบงานของ โครงงาน Back-End API,ตัวอย่างที่ถูกต้อง: ตัวอย่างการประยุกต์ โครงงาน Back-End API ที่ถูกต้อง พร้อมอธิบายเหตุผลทีละส่วน,ตัวอย่างที่ผิดและเหตุผล: ตัวอย่างข้อผิดพลาดของ โครงงาน Back-End API วิเคราะห์สาเหตุและผลกระทบ,สาธิต/กรณีตัวอย่าง: กรณีศึกษาจากสถานการณ์จริงหรือจำลองเกี่ยวกับ โครงงาน Back-End API,ข้อผิดพลาดที่พบบ่อย: รวบรวม Common Mistake ของ โครงงาน Back-End API และสัญญาณที่ใช้สังเกต,แนวทางแก้ปัญหา: Troubleshooting แบบเป็นลำดับสำหรับปัญหาที่เกิดระหว่างทำ โครงงาน Back-End API,ความปลอดภัย/จริยธรรม: ข้อควรระวัง ความปลอดภัย กฎหมาย หรือจริยธรรมที่เกี่ยวข้องกับ โครงงาน Back-End API,ภารกิจฝึกปฏิบัติ: กิจกรรมลงมือทำเกี่ยวกับ โครงงาน Back-End API ให้ผู้เรียนสร้างหลักฐานผลงาน,ใบงานประจำหน่วย: อธิบายใบงานของหน่วย โครงงาน Back-End API: เป้าหมาย งานที่ต้องส่ง รูปแบบ และกำหนดตรวจ,เกณฑ์ประเมินและสรุป: Rubric ประเมินความถูกต้อง กระบวนการ คุณภาพงาน และสรุป Key Takeaway ของ โครงงาน Back-End API,คำถามทบทวนและคิดวิเคราะห์: คำถามทบทวน 3–5 ข้อและคำถามคิดวิเคราะห์ที่เชื่อม โครงงาน Back-End API กับสถานการณ์จริง
31900-0002,การเขียนโปรแกรมคอมพิวเตอร์,1,แนวคิดการแก้ปัญหาและอัลกอริทึม,1) อธิบาย แนวคิดการแก้ปัญหาและอัลกอริทึม ได้ 2) วิเคราะห์/เลือกวิธีที่เหมาะสมได้ 3) ปฏิบัติงานหรือสร้างชิ้นงานเกี่ยวกับ แนวคิดการแก้ปัญหาและอัลกอริทึม ได้ 4) ตรวจสอบและสะท้อนผลการทำงานได้,ใบงานหน่วยที่ 1: แนวคิดการแก้ปัญหาและอัลกอริทึม,ภารกิจ 1 อธิบายแนวคิดหลักของ แนวคิดการแก้ปัญหาและอัลกอริทึม; ภารกิจ 2 วิเคราะห์ตัวอย่าง; ภารกิจ 3 ลงมือปฏิบัติ/สร้างชิ้นงาน; ภารกิจ 4 ตรวจข้อผิดพลาด; ภารกิจ 5 สรุปสิ่งที่เรียนรู้และแนบหลักฐาน,ชื่อหน่วยและภาพรวม: อธิบายภาพรวมของ แนวคิดการแก้ปัญหาและอัลกอริทึม และความเชื่อมโยงกับรายวิชา การเขียนโปรแกรมคอมพิวเตอร์,ผลลัพธ์การเรียนรู้: ผู้เรียนอธิบายหลักการ วิเคราะห์ตัวอย่าง และปฏิบัติงานเกี่ยวกับ แนวคิดการแก้ปัญหาและอัลกอริทึม ได้ตามเกณฑ์,ความรู้เดิมที่ต้องใช้: ทบทวนความรู้พื้นฐานที่จำเป็นก่อนเรียน แนวคิดการแก้ปัญหาและอัลกอริทึม พร้อมคำถามตรวจความพร้อม,คำศัพท์สำคัญ: รวบรวมคำศัพท์หลักของ แนวคิดการแก้ปัญหาและอัลกอริทึม พร้อมความหมายและการใช้งานจริง,ความหมายและขอบเขต: นิยาม แนวคิดการแก้ปัญหาและอัลกอริทึม ขอบเขตงาน และสิ่งที่อยู่/ไม่อยู่ในขอบเขต,หลักการสำคัญ: แจกแจงหลักการสำคัญของ แนวคิดการแก้ปัญหาและอัลกอริทึม เป็นข้อ ๆ พร้อมเหตุผล,องค์ประกอบ/โครงสร้าง: แสดงองค์ประกอบหลัก ความสัมพันธ์ และลำดับการทำงานของ แนวคิดการแก้ปัญหาและอัลกอริทึม,ขั้นตอนการทำงาน 1: เริ่มต้นงาน แนวคิดการแก้ปัญหาและอัลกอริทึม: การเตรียมข้อมูล เครื่องมือ และเงื่อนไขก่อนทำ,ขั้นตอนการทำงาน 2: ขั้นดำเนินงานหลักของ แนวคิดการแก้ปัญหาและอัลกอริทึม พร้อมจุดตรวจสอบระหว่างทาง,ขั้นตอนการทำงาน 3: ขั้นตรวจผล บันทึกผล และส่งมอบงานของ แนวคิดการแก้ปัญหาและอัลกอริทึม,ตัวอย่างที่ถูกต้อง: ตัวอย่างการประยุกต์ แนวคิดการแก้ปัญหาและอัลกอริทึม ที่ถูกต้อง พร้อมอธิบายเหตุผลทีละส่วน,ตัวอย่างที่ผิดและเหตุผล: ตัวอย่างข้อผิดพลาดของ แนวคิดการแก้ปัญหาและอัลกอริทึม วิเคราะห์สาเหตุและผลกระทบ,สาธิต/กรณีตัวอย่าง: กรณีศึกษาจากสถานการณ์จริงหรือจำลองเกี่ยวกับ แนวคิดการแก้ปัญหาและอัลกอริทึม,ข้อผิดพลาดที่พบบ่อย: รวบรวม Common Mistake ของ แนวคิดการแก้ปัญหาและอัลกอริทึม และสัญญาณที่ใช้สังเกต,แนวทางแก้ปัญหา: Troubleshooting แบบเป็นลำดับสำหรับปัญหาที่เกิดระหว่างทำ แนวคิดการแก้ปัญหาและอัลกอริทึม,ความปลอดภัย/จริยธรรม: ข้อควรระวัง ความปลอดภัย กฎหมาย หรือจริยธรรมที่เกี่ยวข้องกับ แนวคิดการแก้ปัญหาและอัลกอริทึม,ภารกิจฝึกปฏิบัติ: กิจกรรมลงมือทำเกี่ยวกับ แนวคิดการแก้ปัญหาและอัลกอริทึม ให้ผู้เรียนสร้างหลักฐานผลงาน,ใบงานประจำหน่วย: อธิบายใบงานของหน่วย แนวคิดการแก้ปัญหาและอัลกอริทึม: เป้าหมาย งานที่ต้องส่ง รูปแบบ และกำหนดตรวจ,เกณฑ์ประเมินและสรุป: Rubric ประเมินความถูกต้อง กระบวนการ คุณภาพงาน และสรุป Key Takeaway ของ แนวคิดการแก้ปัญหาและอัลกอริทึม,คำถามทบทวนและคิดวิเคราะห์: คำถามทบทวน 3–5 ข้อและคำถามคิดวิเคราะห์ที่เชื่อม แนวคิดการแก้ปัญหาและอัลกอริทึม กับสถานการณ์จริง
31900-0002,การเขียนโปรแกรมคอมพิวเตอร์,2,ตัวแปร ชนิดข้อมูล และนิพจน์,1) อธิบาย ตัวแปร ชนิดข้อมูล และนิพจน์ ได้ 2) วิเคราะห์/เลือกวิธีที่เหมาะสมได้ 3) ปฏิบัติงานหรือสร้างชิ้นงานเกี่ยวกับ ตัวแปร ชนิดข้อมูล และนิพจน์ ได้ 4) ตรวจสอบและสะท้อนผลการทำงานได้,ใบงานหน่วยที่ 2: ตัวแปร ชนิดข้อมูล และนิพจน์,ภารกิจ 1 อธิบายแนวคิดหลักของ ตัวแปร ชนิดข้อมูล และนิพจน์; ภารกิจ 2 วิเคราะห์ตัวอย่าง; ภารกิจ 3 ลงมือปฏิบัติ/สร้างชิ้นงาน; ภารกิจ 4 ตรวจข้อผิดพลาด; ภารกิจ 5 สรุปสิ่งที่เรียนรู้และแนบหลักฐาน,ชื่อหน่วยและภาพรวม: อธิบายภาพรวมของ ตัวแปร ชนิดข้อมูล และนิพจน์ และความเชื่อมโยงกับรายวิชา การเขียนโปรแกรมคอมพิวเตอร์,ผลลัพธ์การเรียนรู้: ผู้เรียนอธิบายหลักการ วิเคราะห์ตัวอย่าง และปฏิบัติงานเกี่ยวกับ ตัวแปร ชนิดข้อมูล และนิพจน์ ได้ตามเกณฑ์,ความรู้เดิมที่ต้องใช้: ทบทวนความรู้พื้นฐานที่จำเป็นก่อนเรียน ตัวแปร ชนิดข้อมูล และนิพจน์ พร้อมคำถามตรวจความพร้อม,คำศัพท์สำคัญ: รวบรวมคำศัพท์หลักของ ตัวแปร ชนิดข้อมูล และนิพจน์ พร้อมความหมายและการใช้งานจริง,ความหมายและขอบเขต: นิยาม ตัวแปร ชนิดข้อมูล และนิพจน์ ขอบเขตงาน และสิ่งที่อยู่/ไม่อยู่ในขอบเขต,หลักการสำคัญ: แจกแจงหลักการสำคัญของ ตัวแปร ชนิดข้อมูล และนิพจน์ เป็นข้อ ๆ พร้อมเหตุผล,องค์ประกอบ/โครงสร้าง: แสดงองค์ประกอบหลัก ความสัมพันธ์ และลำดับการทำงานของ ตัวแปร ชนิดข้อมูล และนิพจน์,ขั้นตอนการทำงาน 1: เริ่มต้นงาน ตัวแปร ชนิดข้อมูล และนิพจน์: การเตรียมข้อมูล เครื่องมือ และเงื่อนไขก่อนทำ,ขั้นตอนการทำงาน 2: ขั้นดำเนินงานหลักของ ตัวแปร ชนิดข้อมูล และนิพจน์ พร้อมจุดตรวจสอบระหว่างทาง,ขั้นตอนการทำงาน 3: ขั้นตรวจผล บันทึกผล และส่งมอบงานของ ตัวแปร ชนิดข้อมูล และนิพจน์,ตัวอย่างที่ถูกต้อง: ตัวอย่างการประยุกต์ ตัวแปร ชนิดข้อมูล และนิพจน์ ที่ถูกต้อง พร้อมอธิบายเหตุผลทีละส่วน,ตัวอย่างที่ผิดและเหตุผล: ตัวอย่างข้อผิดพลาดของ ตัวแปร ชนิดข้อมูล และนิพจน์ วิเคราะห์สาเหตุและผลกระทบ,สาธิต/กรณีตัวอย่าง: กรณีศึกษาจากสถานการณ์จริงหรือจำลองเกี่ยวกับ ตัวแปร ชนิดข้อมูล และนิพจน์,ข้อผิดพลาดที่พบบ่อย: รวบรวม Common Mistake ของ ตัวแปร ชนิดข้อมูล และนิพจน์ และสัญญาณที่ใช้สังเกต,แนวทางแก้ปัญหา: Troubleshooting แบบเป็นลำดับสำหรับปัญหาที่เกิดระหว่างทำ ตัวแปร ชนิดข้อมูล และนิพจน์,ความปลอดภัย/จริยธรรม: ข้อควรระวัง ความปลอดภัย กฎหมาย หรือจริยธรรมที่เกี่ยวข้องกับ ตัวแปร ชนิดข้อมูล และนิพจน์,ภารกิจฝึกปฏิบัติ: กิจกรรมลงมือทำเกี่ยวกับ ตัวแปร ชนิดข้อมูล และนิพจน์ ให้ผู้เรียนสร้างหลักฐานผลงาน,ใบงานประจำหน่วย: อธิบายใบงานของหน่วย ตัวแปร ชนิดข้อมูล และนิพจน์: เป้าหมาย งานที่ต้องส่ง รูปแบบ และกำหนดตรวจ,เกณฑ์ประเมินและสรุป: Rubric ประเมินความถูกต้อง กระบวนการ คุณภาพงาน และสรุป Key Takeaway ของ ตัวแปร ชนิดข้อมูล และนิพจน์,คำถามทบทวนและคิดวิเคราะห์: คำถามทบทวน 3–5 ข้อและคำถามคิดวิเคราะห์ที่เชื่อม ตัวแปร ชนิดข้อมูล และนิพจน์ กับสถานการณ์จริง
31900-0002,การเขียนโปรแกรมคอมพิวเตอร์,3,Input Output,1) อธิบาย Input Output ได้ 2) วิเคราะห์/เลือกวิธีที่เหมาะสมได้ 3) ปฏิบัติงานหรือสร้างชิ้นงานเกี่ยวกับ Input Output ได้ 4) ตรวจสอบและสะท้อนผลการทำงานได้,ใบงานหน่วยที่ 3: Input Output,ภารกิจ 1 อธิบายแนวคิดหลักของ Input Output; ภารกิจ 2 วิเคราะห์ตัวอย่าง; ภารกิจ 3 ลงมือปฏิบัติ/สร้างชิ้นงาน; ภารกิจ 4 ตรวจข้อผิดพลาด; ภารกิจ 5 สรุปสิ่งที่เรียนรู้และแนบหลักฐาน,ชื่อหน่วยและภาพรวม: อธิบายภาพรวมของ Input Output และความเชื่อมโยงกับรายวิชา การเขียนโปรแกรมคอมพิวเตอร์,ผลลัพธ์การเรียนรู้: ผู้เรียนอธิบายหลักการ วิเคราะห์ตัวอย่าง และปฏิบัติงานเกี่ยวกับ Input Output ได้ตามเกณฑ์,ความรู้เดิมที่ต้องใช้: ทบทวนความรู้พื้นฐานที่จำเป็นก่อนเรียน Input Output พร้อมคำถามตรวจความพร้อม,คำศัพท์สำคัญ: รวบรวมคำศัพท์หลักของ Input Output พร้อมความหมายและการใช้งานจริง,ความหมายและขอบเขต: นิยาม Input Output ขอบเขตงาน และสิ่งที่อยู่/ไม่อยู่ในขอบเขต,หลักการสำคัญ: แจกแจงหลักการสำคัญของ Input Output เป็นข้อ ๆ พร้อมเหตุผล,องค์ประกอบ/โครงสร้าง: แสดงองค์ประกอบหลัก ความสัมพันธ์ และลำดับการทำงานของ Input Output,ขั้นตอนการทำงาน 1: เริ่มต้นงาน Input Output: การเตรียมข้อมูล เครื่องมือ และเงื่อนไขก่อนทำ,ขั้นตอนการทำงาน 2: ขั้นดำเนินงานหลักของ Input Output พร้อมจุดตรวจสอบระหว่างทาง,ขั้นตอนการทำงาน 3: ขั้นตรวจผล บันทึกผล และส่งมอบงานของ Input Output,ตัวอย่างที่ถูกต้อง: ตัวอย่างการประยุกต์ Input Output ที่ถูกต้อง พร้อมอธิบายเหตุผลทีละส่วน,ตัวอย่างที่ผิดและเหตุผล: ตัวอย่างข้อผิดพลาดของ Input Output วิเคราะห์สาเหตุและผลกระทบ,สาธิต/กรณีตัวอย่าง: กรณีศึกษาจากสถานการณ์จริงหรือจำลองเกี่ยวกับ Input Output,ข้อผิดพลาดที่พบบ่อย: รวบรวม Common Mistake ของ Input Output และสัญญาณที่ใช้สังเกต,แนวทางแก้ปัญหา: Troubleshooting แบบเป็นลำดับสำหรับปัญหาที่เกิดระหว่างทำ Input Output,ความปลอดภัย/จริยธรรม: ข้อควรระวัง ความปลอดภัย กฎหมาย หรือจริยธรรมที่เกี่ยวข้องกับ Input Output,ภารกิจฝึกปฏิบัติ: กิจกรรมลงมือทำเกี่ยวกับ Input Output ให้ผู้เรียนสร้างหลักฐานผลงาน,ใบงานประจำหน่วย: อธิบายใบงานของหน่วย Input Output: เป้าหมาย งานที่ต้องส่ง รูปแบบ และกำหนดตรวจ,เกณฑ์ประเมินและสรุป: Rubric ประเมินความถูกต้อง กระบวนการ คุณภาพงาน และสรุป Key Takeaway ของ Input Output,คำถามทบทวนและคิดวิเคราะห์: คำถามทบทวน 3–5 ข้อและคำถามคิดวิเคราะห์ที่เชื่อม Input Output กับสถานการณ์จริง
31900-0002,การเขียนโปรแกรมคอมพิวเตอร์,4,เงื่อนไข,1) อธิบาย เงื่อนไข ได้ 2) วิเคราะห์/เลือกวิธีที่เหมาะสมได้ 3) ปฏิบัติงานหรือสร้างชิ้นงานเกี่ยวกับ เงื่อนไข ได้ 4) ตรวจสอบและสะท้อนผลการทำงานได้,ใบงานหน่วยที่ 4: เงื่อนไข,ภารกิจ 1 อธิบายแนวคิดหลักของ เงื่อนไข; ภารกิจ 2 วิเคราะห์ตัวอย่าง; ภารกิจ 3 ลงมือปฏิบัติ/สร้างชิ้นงาน; ภารกิจ 4 ตรวจข้อผิดพลาด; ภารกิจ 5 สรุปสิ่งที่เรียนรู้และแนบหลักฐาน,ชื่อหน่วยและภาพรวม: อธิบายภาพรวมของ เงื่อนไข และความเชื่อมโยงกับรายวิชา การเขียนโปรแกรมคอมพิวเตอร์,ผลลัพธ์การเรียนรู้: ผู้เรียนอธิบายหลักการ วิเคราะห์ตัวอย่าง และปฏิบัติงานเกี่ยวกับ เงื่อนไข ได้ตามเกณฑ์,ความรู้เดิมที่ต้องใช้: ทบทวนความรู้พื้นฐานที่จำเป็นก่อนเรียน เงื่อนไข พร้อมคำถามตรวจความพร้อม,คำศัพท์สำคัญ: รวบรวมคำศัพท์หลักของ เงื่อนไข พร้อมความหมายและการใช้งานจริง,ความหมายและขอบเขต: นิยาม เงื่อนไข ขอบเขตงาน และสิ่งที่อยู่/ไม่อยู่ในขอบเขต,หลักการสำคัญ: แจกแจงหลักการสำคัญของ เงื่อนไข เป็นข้อ ๆ พร้อมเหตุผล,องค์ประกอบ/โครงสร้าง: แสดงองค์ประกอบหลัก ความสัมพันธ์ และลำดับการทำงานของ เงื่อนไข,ขั้นตอนการทำงาน 1: เริ่มต้นงาน เงื่อนไข: การเตรียมข้อมูล เครื่องมือ และเงื่อนไขก่อนทำ,ขั้นตอนการทำงาน 2: ขั้นดำเนินงานหลักของ เงื่อนไข พร้อมจุดตรวจสอบระหว่างทาง,ขั้นตอนการทำงาน 3: ขั้นตรวจผล บันทึกผล และส่งมอบงานของ เงื่อนไข,ตัวอย่างที่ถูกต้อง: ตัวอย่างการประยุกต์ เงื่อนไข ที่ถูกต้อง พร้อมอธิบายเหตุผลทีละส่วน,ตัวอย่างที่ผิดและเหตุผล: ตัวอย่างข้อผิดพลาดของ เงื่อนไข วิเคราะห์สาเหตุและผลกระทบ,สาธิต/กรณีตัวอย่าง: กรณีศึกษาจากสถานการณ์จริงหรือจำลองเกี่ยวกับ เงื่อนไข,ข้อผิดพลาดที่พบบ่อย: รวบรวม Common Mistake ของ เงื่อนไข และสัญญาณที่ใช้สังเกต,แนวทางแก้ปัญหา: Troubleshooting แบบเป็นลำดับสำหรับปัญหาที่เกิดระหว่างทำ เงื่อนไข,ความปลอดภัย/จริยธรรม: ข้อควรระวัง ความปลอดภัย กฎหมาย หรือจริยธรรมที่เกี่ยวข้องกับ เงื่อนไข,ภารกิจฝึกปฏิบัติ: กิจกรรมลงมือทำเกี่ยวกับ เงื่อนไข ให้ผู้เรียนสร้างหลักฐานผลงาน,ใบงานประจำหน่วย: อธิบายใบงานของหน่วย เงื่อนไข: เป้าหมาย งานที่ต้องส่ง รูปแบบ และกำหนดตรวจ,เกณฑ์ประเมินและสรุป: Rubric ประเมินความถูกต้อง กระบวนการ คุณภาพงาน และสรุป Key Takeaway ของ เงื่อนไข,คำถามทบทวนและคิดวิเคราะห์: คำถามทบทวน 3–5 ข้อและคำถามคิดวิเคราะห์ที่เชื่อม เงื่อนไข กับสถานการณ์จริง
31900-0002,การเขียนโปรแกรมคอมพิวเตอร์,5,การวนซ้ำ,1) อธิบาย การวนซ้ำ ได้ 2) วิเคราะห์/เลือกวิธีที่เหมาะสมได้ 3) ปฏิบัติงานหรือสร้างชิ้นงานเกี่ยวกับ การวนซ้ำ ได้ 4) ตรวจสอบและสะท้อนผลการทำงานได้,ใบงานหน่วยที่ 5: การวนซ้ำ,ภารกิจ 1 อธิบายแนวคิดหลักของ การวนซ้ำ; ภารกิจ 2 วิเคราะห์ตัวอย่าง; ภารกิจ 3 ลงมือปฏิบัติ/สร้างชิ้นงาน; ภารกิจ 4 ตรวจข้อผิดพลาด; ภารกิจ 5 สรุปสิ่งที่เรียนรู้และแนบหลักฐาน,ชื่อหน่วยและภาพรวม: อธิบายภาพรวมของ การวนซ้ำ และความเชื่อมโยงกับรายวิชา การเขียนโปรแกรมคอมพิวเตอร์,ผลลัพธ์การเรียนรู้: ผู้เรียนอธิบายหลักการ วิเคราะห์ตัวอย่าง และปฏิบัติงานเกี่ยวกับ การวนซ้ำ ได้ตามเกณฑ์,ความรู้เดิมที่ต้องใช้: ทบทวนความรู้พื้นฐานที่จำเป็นก่อนเรียน การวนซ้ำ พร้อมคำถามตรวจความพร้อม,คำศัพท์สำคัญ: รวบรวมคำศัพท์หลักของ การวนซ้ำ พร้อมความหมายและการใช้งานจริง,ความหมายและขอบเขต: นิยาม การวนซ้ำ ขอบเขตงาน และสิ่งที่อยู่/ไม่อยู่ในขอบเขต,หลักการสำคัญ: แจกแจงหลักการสำคัญของ การวนซ้ำ เป็นข้อ ๆ พร้อมเหตุผล,องค์ประกอบ/โครงสร้าง: แสดงองค์ประกอบหลัก ความสัมพันธ์ และลำดับการทำงานของ การวนซ้ำ,ขั้นตอนการทำงาน 1: เริ่มต้นงาน การวนซ้ำ: การเตรียมข้อมูล เครื่องมือ และเงื่อนไขก่อนทำ,ขั้นตอนการทำงาน 2: ขั้นดำเนินงานหลักของ การวนซ้ำ พร้อมจุดตรวจสอบระหว่างทาง,ขั้นตอนการทำงาน 3: ขั้นตรวจผล บันทึกผล และส่งมอบงานของ การวนซ้ำ,ตัวอย่างที่ถูกต้อง: ตัวอย่างการประยุกต์ การวนซ้ำ ที่ถูกต้อง พร้อมอธิบายเหตุผลทีละส่วน,ตัวอย่างที่ผิดและเหตุผล: ตัวอย่างข้อผิดพลาดของ การวนซ้ำ วิเคราะห์สาเหตุและผลกระทบ,สาธิต/กรณีตัวอย่าง: กรณีศึกษาจากสถานการณ์จริงหรือจำลองเกี่ยวกับ การวนซ้ำ,ข้อผิดพลาดที่พบบ่อย: รวบรวม Common Mistake ของ การวนซ้ำ และสัญญาณที่ใช้สังเกต,แนวทางแก้ปัญหา: Troubleshooting แบบเป็นลำดับสำหรับปัญหาที่เกิดระหว่างทำ การวนซ้ำ,ความปลอดภัย/จริยธรรม: ข้อควรระวัง ความปลอดภัย กฎหมาย หรือจริยธรรมที่เกี่ยวข้องกับ การวนซ้ำ,ภารกิจฝึกปฏิบัติ: กิจกรรมลงมือทำเกี่ยวกับ การวนซ้ำ ให้ผู้เรียนสร้างหลักฐานผลงาน,ใบงานประจำหน่วย: อธิบายใบงานของหน่วย การวนซ้ำ: เป้าหมาย งานที่ต้องส่ง รูปแบบ และกำหนดตรวจ,เกณฑ์ประเมินและสรุป: Rubric ประเมินความถูกต้อง กระบวนการ คุณภาพงาน และสรุป Key Takeaway ของ การวนซ้ำ,คำถามทบทวนและคิดวิเคราะห์: คำถามทบทวน 3–5 ข้อและคำถามคิดวิเคราะห์ที่เชื่อม การวนซ้ำ กับสถานการณ์จริง
31900-0002,การเขียนโปรแกรมคอมพิวเตอร์,6,ฟังก์ชัน,1) อธิบาย ฟังก์ชัน ได้ 2) วิเคราะห์/เลือกวิธีที่เหมาะสมได้ 3) ปฏิบัติงานหรือสร้างชิ้นงานเกี่ยวกับ ฟังก์ชัน ได้ 4) ตรวจสอบและสะท้อนผลการทำงานได้,ใบงานหน่วยที่ 6: ฟังก์ชัน,ภารกิจ 1 อธิบายแนวคิดหลักของ ฟังก์ชัน; ภารกิจ 2 วิเคราะห์ตัวอย่าง; ภารกิจ 3 ลงมือปฏิบัติ/สร้างชิ้นงาน; ภารกิจ 4 ตรวจข้อผิดพลาด; ภารกิจ 5 สรุปสิ่งที่เรียนรู้และแนบหลักฐาน,ชื่อหน่วยและภาพรวม: อธิบายภาพรวมของ ฟังก์ชัน และความเชื่อมโยงกับรายวิชา การเขียนโปรแกรมคอมพิวเตอร์,ผลลัพธ์การเรียนรู้: ผู้เรียนอธิบายหลักการ วิเคราะห์ตัวอย่าง และปฏิบัติงานเกี่ยวกับ ฟังก์ชัน ได้ตามเกณฑ์,ความรู้เดิมที่ต้องใช้: ทบทวนความรู้พื้นฐานที่จำเป็นก่อนเรียน ฟังก์ชัน พร้อมคำถามตรวจความพร้อม,คำศัพท์สำคัญ: รวบรวมคำศัพท์หลักของ ฟังก์ชัน พร้อมความหมายและการใช้งานจริง,ความหมายและขอบเขต: นิยาม ฟังก์ชัน ขอบเขตงาน และสิ่งที่อยู่/ไม่อยู่ในขอบเขต,หลักการสำคัญ: แจกแจงหลักการสำคัญของ ฟังก์ชัน เป็นข้อ ๆ พร้อมเหตุผล,องค์ประกอบ/โครงสร้าง: แสดงองค์ประกอบหลัก ความสัมพันธ์ และลำดับการทำงานของ ฟังก์ชัน,ขั้นตอนการทำงาน 1: เริ่มต้นงาน ฟังก์ชัน: การเตรียมข้อมูล เครื่องมือ และเงื่อนไขก่อนทำ,ขั้นตอนการทำงาน 2: ขั้นดำเนินงานหลักของ ฟังก์ชัน พร้อมจุดตรวจสอบระหว่างทาง,ขั้นตอนการทำงาน 3: ขั้นตรวจผล บันทึกผล และส่งมอบงานของ ฟังก์ชัน,ตัวอย่างที่ถูกต้อง: ตัวอย่างการประยุกต์ ฟังก์ชัน ที่ถูกต้อง พร้อมอธิบายเหตุผลทีละส่วน,ตัวอย่างที่ผิดและเหตุผล: ตัวอย่างข้อผิดพลาดของ ฟังก์ชัน วิเคราะห์สาเหตุและผลกระทบ,สาธิต/กรณีตัวอย่าง: กรณีศึกษาจากสถานการณ์จริงหรือจำลองเกี่ยวกับ ฟังก์ชัน,ข้อผิดพลาดที่พบบ่อย: รวบรวม Common Mistake ของ ฟังก์ชัน และสัญญาณที่ใช้สังเกต,แนวทางแก้ปัญหา: Troubleshooting แบบเป็นลำดับสำหรับปัญหาที่เกิดระหว่างทำ ฟังก์ชัน,ความปลอดภัย/จริยธรรม: ข้อควรระวัง ความปลอดภัย กฎหมาย หรือจริยธรรมที่เกี่ยวข้องกับ ฟังก์ชัน,ภารกิจฝึกปฏิบัติ: กิจกรรมลงมือทำเกี่ยวกับ ฟังก์ชัน ให้ผู้เรียนสร้างหลักฐานผลงาน,ใบงานประจำหน่วย: อธิบายใบงานของหน่วย ฟังก์ชัน: เป้าหมาย งานที่ต้องส่ง รูปแบบ และกำหนดตรวจ,เกณฑ์ประเมินและสรุป: Rubric ประเมินความถูกต้อง กระบวนการ คุณภาพงาน และสรุป Key Takeaway ของ ฟังก์ชัน,คำถามทบทวนและคิดวิเคราะห์: คำถามทบทวน 3–5 ข้อและคำถามคิดวิเคราะห์ที่เชื่อม ฟังก์ชัน กับสถานการณ์จริง
31900-0002,การเขียนโปรแกรมคอมพิวเตอร์,7,List/Array,1) อธิบาย List/Array ได้ 2) วิเคราะห์/เลือกวิธีที่เหมาะสมได้ 3) ปฏิบัติงานหรือสร้างชิ้นงานเกี่ยวกับ List/Array ได้ 4) ตรวจสอบและสะท้อนผลการทำงานได้,ใบงานหน่วยที่ 7: List/Array,ภารกิจ 1 อธิบายแนวคิดหลักของ List/Array; ภารกิจ 2 วิเคราะห์ตัวอย่าง; ภารกิจ 3 ลงมือปฏิบัติ/สร้างชิ้นงาน; ภารกิจ 4 ตรวจข้อผิดพลาด; ภารกิจ 5 สรุปสิ่งที่เรียนรู้และแนบหลักฐาน,ชื่อหน่วยและภาพรวม: อธิบายภาพรวมของ List/Array และความเชื่อมโยงกับรายวิชา การเขียนโปรแกรมคอมพิวเตอร์,ผลลัพธ์การเรียนรู้: ผู้เรียนอธิบายหลักการ วิเคราะห์ตัวอย่าง และปฏิบัติงานเกี่ยวกับ List/Array ได้ตามเกณฑ์,ความรู้เดิมที่ต้องใช้: ทบทวนความรู้พื้นฐานที่จำเป็นก่อนเรียน List/Array พร้อมคำถามตรวจความพร้อม,คำศัพท์สำคัญ: รวบรวมคำศัพท์หลักของ List/Array พร้อมความหมายและการใช้งานจริง,ความหมายและขอบเขต: นิยาม List/Array ขอบเขตงาน และสิ่งที่อยู่/ไม่อยู่ในขอบเขต,หลักการสำคัญ: แจกแจงหลักการสำคัญของ List/Array เป็นข้อ ๆ พร้อมเหตุผล,องค์ประกอบ/โครงสร้าง: แสดงองค์ประกอบหลัก ความสัมพันธ์ และลำดับการทำงานของ List/Array,ขั้นตอนการทำงาน 1: เริ่มต้นงาน List/Array: การเตรียมข้อมูล เครื่องมือ และเงื่อนไขก่อนทำ,ขั้นตอนการทำงาน 2: ขั้นดำเนินงานหลักของ List/Array พร้อมจุดตรวจสอบระหว่างทาง,ขั้นตอนการทำงาน 3: ขั้นตรวจผล บันทึกผล และส่งมอบงานของ List/Array,ตัวอย่างที่ถูกต้อง: ตัวอย่างการประยุกต์ List/Array ที่ถูกต้อง พร้อมอธิบายเหตุผลทีละส่วน,ตัวอย่างที่ผิดและเหตุผล: ตัวอย่างข้อผิดพลาดของ List/Array วิเคราะห์สาเหตุและผลกระทบ,สาธิต/กรณีตัวอย่าง: กรณีศึกษาจากสถานการณ์จริงหรือจำลองเกี่ยวกับ List/Array,ข้อผิดพลาดที่พบบ่อย: รวบรวม Common Mistake ของ List/Array และสัญญาณที่ใช้สังเกต,แนวทางแก้ปัญหา: Troubleshooting แบบเป็นลำดับสำหรับปัญหาที่เกิดระหว่างทำ List/Array,ความปลอดภัย/จริยธรรม: ข้อควรระวัง ความปลอดภัย กฎหมาย หรือจริยธรรมที่เกี่ยวข้องกับ List/Array,ภารกิจฝึกปฏิบัติ: กิจกรรมลงมือทำเกี่ยวกับ List/Array ให้ผู้เรียนสร้างหลักฐานผลงาน,ใบงานประจำหน่วย: อธิบายใบงานของหน่วย List/Array: เป้าหมาย งานที่ต้องส่ง รูปแบบ และกำหนดตรวจ,เกณฑ์ประเมินและสรุป: Rubric ประเมินความถูกต้อง กระบวนการ คุณภาพงาน และสรุป Key Takeaway ของ List/Array,คำถามทบทวนและคิดวิเคราะห์: คำถามทบทวน 3–5 ข้อและคำถามคิดวิเคราะห์ที่เชื่อม List/Array กับสถานการณ์จริง
31900-0002,การเขียนโปรแกรมคอมพิวเตอร์,8,String Processing,1) อธิบาย String Processing ได้ 2) วิเคราะห์/เลือกวิธีที่เหมาะสมได้ 3) ปฏิบัติงานหรือสร้างชิ้นงานเกี่ยวกับ String Processing ได้ 4) ตรวจสอบและสะท้อนผลการทำงานได้,ใบงานหน่วยที่ 8: String Processing,ภารกิจ 1 อธิบายแนวคิดหลักของ String Processing; ภารกิจ 2 วิเคราะห์ตัวอย่าง; ภารกิจ 3 ลงมือปฏิบัติ/สร้างชิ้นงาน; ภารกิจ 4 ตรวจข้อผิดพลาด; ภารกิจ 5 สรุปสิ่งที่เรียนรู้และแนบหลักฐาน,ชื่อหน่วยและภาพรวม: อธิบายภาพรวมของ String Processing และความเชื่อมโยงกับรายวิชา การเขียนโปรแกรมคอมพิวเตอร์,ผลลัพธ์การเรียนรู้: ผู้เรียนอธิบายหลักการ วิเคราะห์ตัวอย่าง และปฏิบัติงานเกี่ยวกับ String Processing ได้ตามเกณฑ์,ความรู้เดิมที่ต้องใช้: ทบทวนความรู้พื้นฐานที่จำเป็นก่อนเรียน String Processing พร้อมคำถามตรวจความพร้อม,คำศัพท์สำคัญ: รวบรวมคำศัพท์หลักของ String Processing พร้อมความหมายและการใช้งานจริง,ความหมายและขอบเขต: นิยาม String Processing ขอบเขตงาน และสิ่งที่อยู่/ไม่อยู่ในขอบเขต,หลักการสำคัญ: แจกแจงหลักการสำคัญของ String Processing เป็นข้อ ๆ พร้อมเหตุผล,องค์ประกอบ/โครงสร้าง: แสดงองค์ประกอบหลัก ความสัมพันธ์ และลำดับการทำงานของ String Processing,ขั้นตอนการทำงาน 1: เริ่มต้นงาน String Processing: การเตรียมข้อมูล เครื่องมือ และเงื่อนไขก่อนทำ,ขั้นตอนการทำงาน 2: ขั้นดำเนินงานหลักของ String Processing พร้อมจุดตรวจสอบระหว่างทาง,ขั้นตอนการทำงาน 3: ขั้นตรวจผล บันทึกผล และส่งมอบงานของ String Processing,ตัวอย่างที่ถูกต้อง: ตัวอย่างการประยุกต์ String Processing ที่ถูกต้อง พร้อมอธิบายเหตุผลทีละส่วน,ตัวอย่างที่ผิดและเหตุผล: ตัวอย่างข้อผิดพลาดของ String Processing วิเคราะห์สาเหตุและผลกระทบ,สาธิต/กรณีตัวอย่าง: กรณีศึกษาจากสถานการณ์จริงหรือจำลองเกี่ยวกับ String Processing,ข้อผิดพลาดที่พบบ่อย: รวบรวม Common Mistake ของ String Processing และสัญญาณที่ใช้สังเกต,แนวทางแก้ปัญหา: Troubleshooting แบบเป็นลำดับสำหรับปัญหาที่เกิดระหว่างทำ String Processing,ความปลอดภัย/จริยธรรม: ข้อควรระวัง ความปลอดภัย กฎหมาย หรือจริยธรรมที่เกี่ยวข้องกับ String Processing,ภารกิจฝึกปฏิบัติ: กิจกรรมลงมือทำเกี่ยวกับ String Processing ให้ผู้เรียนสร้างหลักฐานผลงาน,ใบงานประจำหน่วย: อธิบายใบงานของหน่วย String Processing: เป้าหมาย งานที่ต้องส่ง รูปแบบ และกำหนดตรวจ,เกณฑ์ประเมินและสรุป: Rubric ประเมินความถูกต้อง กระบวนการ คุณภาพงาน และสรุป Key Takeaway ของ String Processing,คำถามทบทวนและคิดวิเคราะห์: คำถามทบทวน 3–5 ข้อและคำถามคิดวิเคราะห์ที่เชื่อม String Processing กับสถานการณ์จริง
31900-0002,การเขียนโปรแกรมคอมพิวเตอร์,9,Dictionary/Object,1) อธิบาย Dictionary/Object ได้ 2) วิเคราะห์/เลือกวิธีที่เหมาะสมได้ 3) ปฏิบัติงานหรือสร้างชิ้นงานเกี่ยวกับ Dictionary/Object ได้ 4) ตรวจสอบและสะท้อนผลการทำงานได้,ใบงานหน่วยที่ 9: Dictionary/Object,ภารกิจ 1 อธิบายแนวคิดหลักของ Dictionary/Object; ภารกิจ 2 วิเคราะห์ตัวอย่าง; ภารกิจ 3 ลงมือปฏิบัติ/สร้างชิ้นงาน; ภารกิจ 4 ตรวจข้อผิดพลาด; ภารกิจ 5 สรุปสิ่งที่เรียนรู้และแนบหลักฐาน,ชื่อหน่วยและภาพรวม: อธิบายภาพรวมของ Dictionary/Object และความเชื่อมโยงกับรายวิชา การเขียนโปรแกรมคอมพิวเตอร์,ผลลัพธ์การเรียนรู้: ผู้เรียนอธิบายหลักการ วิเคราะห์ตัวอย่าง และปฏิบัติงานเกี่ยวกับ Dictionary/Object ได้ตามเกณฑ์,ความรู้เดิมที่ต้องใช้: ทบทวนความรู้พื้นฐานที่จำเป็นก่อนเรียน Dictionary/Object พร้อมคำถามตรวจความพร้อม,คำศัพท์สำคัญ: รวบรวมคำศัพท์หลักของ Dictionary/Object พร้อมความหมายและการใช้งานจริง,ความหมายและขอบเขต: นิยาม Dictionary/Object ขอบเขตงาน และสิ่งที่อยู่/ไม่อยู่ในขอบเขต,หลักการสำคัญ: แจกแจงหลักการสำคัญของ Dictionary/Object เป็นข้อ ๆ พร้อมเหตุผล,องค์ประกอบ/โครงสร้าง: แสดงองค์ประกอบหลัก ความสัมพันธ์ และลำดับการทำงานของ Dictionary/Object,ขั้นตอนการทำงาน 1: เริ่มต้นงาน Dictionary/Object: การเตรียมข้อมูล เครื่องมือ และเงื่อนไขก่อนทำ,ขั้นตอนการทำงาน 2: ขั้นดำเนินงานหลักของ Dictionary/Object พร้อมจุดตรวจสอบระหว่างทาง,ขั้นตอนการทำงาน 3: ขั้นตรวจผล บันทึกผล และส่งมอบงานของ Dictionary/Object,ตัวอย่างที่ถูกต้อง: ตัวอย่างการประยุกต์ Dictionary/Object ที่ถูกต้อง พร้อมอธิบายเหตุผลทีละส่วน,ตัวอย่างที่ผิดและเหตุผล: ตัวอย่างข้อผิดพลาดของ Dictionary/Object วิเคราะห์สาเหตุและผลกระทบ,สาธิต/กรณีตัวอย่าง: กรณีศึกษาจากสถานการณ์จริงหรือจำลองเกี่ยวกับ Dictionary/Object,ข้อผิดพลาดที่พบบ่อย: รวบรวม Common Mistake ของ Dictionary/Object และสัญญาณที่ใช้สังเกต,แนวทางแก้ปัญหา: Troubleshooting แบบเป็นลำดับสำหรับปัญหาที่เกิดระหว่างทำ Dictionary/Object,ความปลอดภัย/จริยธรรม: ข้อควรระวัง ความปลอดภัย กฎหมาย หรือจริยธรรมที่เกี่ยวข้องกับ Dictionary/Object,ภารกิจฝึกปฏิบัติ: กิจกรรมลงมือทำเกี่ยวกับ Dictionary/Object ให้ผู้เรียนสร้างหลักฐานผลงาน,ใบงานประจำหน่วย: อธิบายใบงานของหน่วย Dictionary/Object: เป้าหมาย งานที่ต้องส่ง รูปแบบ และกำหนดตรวจ,เกณฑ์ประเมินและสรุป: Rubric ประเมินความถูกต้อง กระบวนการ คุณภาพงาน และสรุป Key Takeaway ของ Dictionary/Object,คำถามทบทวนและคิดวิเคราะห์: คำถามทบทวน 3–5 ข้อและคำถามคิดวิเคราะห์ที่เชื่อม Dictionary/Object กับสถานการณ์จริง
31900-0002,การเขียนโปรแกรมคอมพิวเตอร์,10,File I/O,1) อธิบาย File I/O ได้ 2) วิเคราะห์/เลือกวิธีที่เหมาะสมได้ 3) ปฏิบัติงานหรือสร้างชิ้นงานเกี่ยวกับ File I/O ได้ 4) ตรวจสอบและสะท้อนผลการทำงานได้,ใบงานหน่วยที่ 10: File I/O,ภารกิจ 1 อธิบายแนวคิดหลักของ File I/O; ภารกิจ 2 วิเคราะห์ตัวอย่าง; ภารกิจ 3 ลงมือปฏิบัติ/สร้างชิ้นงาน; ภารกิจ 4 ตรวจข้อผิดพลาด; ภารกิจ 5 สรุปสิ่งที่เรียนรู้และแนบหลักฐาน,ชื่อหน่วยและภาพรวม: อธิบายภาพรวมของ File I/O และความเชื่อมโยงกับรายวิชา การเขียนโปรแกรมคอมพิวเตอร์,ผลลัพธ์การเรียนรู้: ผู้เรียนอธิบายหลักการ วิเคราะห์ตัวอย่าง และปฏิบัติงานเกี่ยวกับ File I/O ได้ตามเกณฑ์,ความรู้เดิมที่ต้องใช้: ทบทวนความรู้พื้นฐานที่จำเป็นก่อนเรียน File I/O พร้อมคำถามตรวจความพร้อม,คำศัพท์สำคัญ: รวบรวมคำศัพท์หลักของ File I/O พร้อมความหมายและการใช้งานจริง,ความหมายและขอบเขต: นิยาม File I/O ขอบเขตงาน และสิ่งที่อยู่/ไม่อยู่ในขอบเขต,หลักการสำคัญ: แจกแจงหลักการสำคัญของ File I/O เป็นข้อ ๆ พร้อมเหตุผล,องค์ประกอบ/โครงสร้าง: แสดงองค์ประกอบหลัก ความสัมพันธ์ และลำดับการทำงานของ File I/O,ขั้นตอนการทำงาน 1: เริ่มต้นงาน File I/O: การเตรียมข้อมูล เครื่องมือ และเงื่อนไขก่อนทำ,ขั้นตอนการทำงาน 2: ขั้นดำเนินงานหลักของ File I/O พร้อมจุดตรวจสอบระหว่างทาง,ขั้นตอนการทำงาน 3: ขั้นตรวจผล บันทึกผล และส่งมอบงานของ File I/O,ตัวอย่างที่ถูกต้อง: ตัวอย่างการประยุกต์ File I/O ที่ถูกต้อง พร้อมอธิบายเหตุผลทีละส่วน,ตัวอย่างที่ผิดและเหตุผล: ตัวอย่างข้อผิดพลาดของ File I/O วิเคราะห์สาเหตุและผลกระทบ,สาธิต/กรณีตัวอย่าง: กรณีศึกษาจากสถานการณ์จริงหรือจำลองเกี่ยวกับ File I/O,ข้อผิดพลาดที่พบบ่อย: รวบรวม Common Mistake ของ File I/O และสัญญาณที่ใช้สังเกต,แนวทางแก้ปัญหา: Troubleshooting แบบเป็นลำดับสำหรับปัญหาที่เกิดระหว่างทำ File I/O,ความปลอดภัย/จริยธรรม: ข้อควรระวัง ความปลอดภัย กฎหมาย หรือจริยธรรมที่เกี่ยวข้องกับ File I/O,ภารกิจฝึกปฏิบัติ: กิจกรรมลงมือทำเกี่ยวกับ File I/O ให้ผู้เรียนสร้างหลักฐานผลงาน,ใบงานประจำหน่วย: อธิบายใบงานของหน่วย File I/O: เป้าหมาย งานที่ต้องส่ง รูปแบบ และกำหนดตรวจ,เกณฑ์ประเมินและสรุป: Rubric ประเมินความถูกต้อง กระบวนการ คุณภาพงาน และสรุป Key Takeaway ของ File I/O,คำถามทบทวนและคิดวิเคราะห์: คำถามทบทวน 3–5 ข้อและคำถามคิดวิเคราะห์ที่เชื่อม File I/O กับสถานการณ์จริง
31900-0002,การเขียนโปรแกรมคอมพิวเตอร์,11,Exception Handling,1) อธิบาย Exception Handling ได้ 2) วิเคราะห์/เลือกวิธีที่เหมาะสมได้ 3) ปฏิบัติงานหรือสร้างชิ้นงานเกี่ยวกับ Exception Handling ได้ 4) ตรวจสอบและสะท้อนผลการทำงานได้,ใบงานหน่วยที่ 11: Exception Handling,ภารกิจ 1 อธิบายแนวคิดหลักของ Exception Handling; ภารกิจ 2 วิเคราะห์ตัวอย่าง; ภารกิจ 3 ลงมือปฏิบัติ/สร้างชิ้นงาน; ภารกิจ 4 ตรวจข้อผิดพลาด; ภารกิจ 5 สรุปสิ่งที่เรียนรู้และแนบหลักฐาน,ชื่อหน่วยและภาพรวม: อธิบายภาพรวมของ Exception Handling และความเชื่อมโยงกับรายวิชา การเขียนโปรแกรมคอมพิวเตอร์,ผลลัพธ์การเรียนรู้: ผู้เรียนอธิบายหลักการ วิเคราะห์ตัวอย่าง และปฏิบัติงานเกี่ยวกับ Exception Handling ได้ตามเกณฑ์,ความรู้เดิมที่ต้องใช้: ทบทวนความรู้พื้นฐานที่จำเป็นก่อนเรียน Exception Handling พร้อมคำถามตรวจความพร้อม,คำศัพท์สำคัญ: รวบรวมคำศัพท์หลักของ Exception Handling พร้อมความหมายและการใช้งานจริง,ความหมายและขอบเขต: นิยาม Exception Handling ขอบเขตงาน และสิ่งที่อยู่/ไม่อยู่ในขอบเขต,หลักการสำคัญ: แจกแจงหลักการสำคัญของ Exception Handling เป็นข้อ ๆ พร้อมเหตุผล,องค์ประกอบ/โครงสร้าง: แสดงองค์ประกอบหลัก ความสัมพันธ์ และลำดับการทำงานของ Exception Handling,ขั้นตอนการทำงาน 1: เริ่มต้นงาน Exception Handling: การเตรียมข้อมูล เครื่องมือ และเงื่อนไขก่อนทำ,ขั้นตอนการทำงาน 2: ขั้นดำเนินงานหลักของ Exception Handling พร้อมจุดตรวจสอบระหว่างทาง,ขั้นตอนการทำงาน 3: ขั้นตรวจผล บันทึกผล และส่งมอบงานของ Exception Handling,ตัวอย่างที่ถูกต้อง: ตัวอย่างการประยุกต์ Exception Handling ที่ถูกต้อง พร้อมอธิบายเหตุผลทีละส่วน,ตัวอย่างที่ผิดและเหตุผล: ตัวอย่างข้อผิดพลาดของ Exception Handling วิเคราะห์สาเหตุและผลกระทบ,สาธิต/กรณีตัวอย่าง: กรณีศึกษาจากสถานการณ์จริงหรือจำลองเกี่ยวกับ Exception Handling,ข้อผิดพลาดที่พบบ่อย: รวบรวม Common Mistake ของ Exception Handling และสัญญาณที่ใช้สังเกต,แนวทางแก้ปัญหา: Troubleshooting แบบเป็นลำดับสำหรับปัญหาที่เกิดระหว่างทำ Exception Handling,ความปลอดภัย/จริยธรรม: ข้อควรระวัง ความปลอดภัย กฎหมาย หรือจริยธรรมที่เกี่ยวข้องกับ Exception Handling,ภารกิจฝึกปฏิบัติ: กิจกรรมลงมือทำเกี่ยวกับ Exception Handling ให้ผู้เรียนสร้างหลักฐานผลงาน,ใบงานประจำหน่วย: อธิบายใบงานของหน่วย Exception Handling: เป้าหมาย งานที่ต้องส่ง รูปแบบ และกำหนดตรวจ,เกณฑ์ประเมินและสรุป: Rubric ประเมินความถูกต้อง กระบวนการ คุณภาพงาน และสรุป Key Takeaway ของ Exception Handling,คำถามทบทวนและคิดวิเคราะห์: คำถามทบทวน 3–5 ข้อและคำถามคิดวิเคราะห์ที่เชื่อม Exception Handling กับสถานการณ์จริง
31900-0002,การเขียนโปรแกรมคอมพิวเตอร์,12,Modular Programming,1) อธิบาย Modular Programming ได้ 2) วิเคราะห์/เลือกวิธีที่เหมาะสมได้ 3) ปฏิบัติงานหรือสร้างชิ้นงานเกี่ยวกับ Modular Programming ได้ 4) ตรวจสอบและสะท้อนผลการทำงานได้,ใบงานหน่วยที่ 12: Modular Programming,ภารกิจ 1 อธิบายแนวคิดหลักของ Modular Programming; ภารกิจ 2 วิเคราะห์ตัวอย่าง; ภารกิจ 3 ลงมือปฏิบัติ/สร้างชิ้นงาน; ภารกิจ 4 ตรวจข้อผิดพลาด; ภารกิจ 5 สรุปสิ่งที่เรียนรู้และแนบหลักฐาน,ชื่อหน่วยและภาพรวม: อธิบายภาพรวมของ Modular Programming และความเชื่อมโยงกับรายวิชา การเขียนโปรแกรมคอมพิวเตอร์,ผลลัพธ์การเรียนรู้: ผู้เรียนอธิบายหลักการ วิเคราะห์ตัวอย่าง และปฏิบัติงานเกี่ยวกับ Modular Programming ได้ตามเกณฑ์,ความรู้เดิมที่ต้องใช้: ทบทวนความรู้พื้นฐานที่จำเป็นก่อนเรียน Modular Programming พร้อมคำถามตรวจความพร้อม,คำศัพท์สำคัญ: รวบรวมคำศัพท์หลักของ Modular Programming พร้อมความหมายและการใช้งานจริง,ความหมายและขอบเขต: นิยาม Modular Programming ขอบเขตงาน และสิ่งที่อยู่/ไม่อยู่ในขอบเขต,หลักการสำคัญ: แจกแจงหลักการสำคัญของ Modular Programming เป็นข้อ ๆ พร้อมเหตุผล,องค์ประกอบ/โครงสร้าง: แสดงองค์ประกอบหลัก ความสัมพันธ์ และลำดับการทำงานของ Modular Programming,ขั้นตอนการทำงาน 1: เริ่มต้นงาน Modular Programming: การเตรียมข้อมูล เครื่องมือ และเงื่อนไขก่อนทำ,ขั้นตอนการทำงาน 2: ขั้นดำเนินงานหลักของ Modular Programming พร้อมจุดตรวจสอบระหว่างทาง,ขั้นตอนการทำงาน 3: ขั้นตรวจผล บันทึกผล และส่งมอบงานของ Modular Programming,ตัวอย่างที่ถูกต้อง: ตัวอย่างการประยุกต์ Modular Programming ที่ถูกต้อง พร้อมอธิบายเหตุผลทีละส่วน,ตัวอย่างที่ผิดและเหตุผล: ตัวอย่างข้อผิดพลาดของ Modular Programming วิเคราะห์สาเหตุและผลกระทบ,สาธิต/กรณีตัวอย่าง: กรณีศึกษาจากสถานการณ์จริงหรือจำลองเกี่ยวกับ Modular Programming,ข้อผิดพลาดที่พบบ่อย: รวบรวม Common Mistake ของ Modular Programming และสัญญาณที่ใช้สังเกต,แนวทางแก้ปัญหา: Troubleshooting แบบเป็นลำดับสำหรับปัญหาที่เกิดระหว่างทำ Modular Programming,ความปลอดภัย/จริยธรรม: ข้อควรระวัง ความปลอดภัย กฎหมาย หรือจริยธรรมที่เกี่ยวข้องกับ Modular Programming,ภารกิจฝึกปฏิบัติ: กิจกรรมลงมือทำเกี่ยวกับ Modular Programming ให้ผู้เรียนสร้างหลักฐานผลงาน,ใบงานประจำหน่วย: อธิบายใบงานของหน่วย Modular Programming: เป้าหมาย งานที่ต้องส่ง รูปแบบ และกำหนดตรวจ,เกณฑ์ประเมินและสรุป: Rubric ประเมินความถูกต้อง กระบวนการ คุณภาพงาน และสรุป Key Takeaway ของ Modular Programming,คำถามทบทวนและคิดวิเคราะห์: คำถามทบทวน 3–5 ข้อและคำถามคิดวิเคราะห์ที่เชื่อม Modular Programming กับสถานการณ์จริง
31900-0002,การเขียนโปรแกรมคอมพิวเตอร์,13,Object-Oriented Programming,1) อธิบาย Object-Oriented Programming ได้ 2) วิเคราะห์/เลือกวิธีที่เหมาะสมได้ 3) ปฏิบัติงานหรือสร้างชิ้นงานเกี่ยวกับ Object-Oriented Programming ได้ 4) ตรวจสอบและสะท้อนผลการทำงานได้,ใบงานหน่วยที่ 13: Object-Oriented Programming,ภารกิจ 1 อธิบายแนวคิดหลักของ Object-Oriented Programming; ภารกิจ 2 วิเคราะห์ตัวอย่าง; ภารกิจ 3 ลงมือปฏิบัติ/สร้างชิ้นงาน; ภารกิจ 4 ตรวจข้อผิดพลาด; ภารกิจ 5 สรุปสิ่งที่เรียนรู้และแนบหลักฐาน,ชื่อหน่วยและภาพรวม: อธิบายภาพรวมของ Object-Oriented Programming และความเชื่อมโยงกับรายวิชา การเขียนโปรแกรมคอมพิวเตอร์,ผลลัพธ์การเรียนรู้: ผู้เรียนอธิบายหลักการ วิเคราะห์ตัวอย่าง และปฏิบัติงานเกี่ยวกับ Object-Oriented Programming ได้ตามเกณฑ์,ความรู้เดิมที่ต้องใช้: ทบทวนความรู้พื้นฐานที่จำเป็นก่อนเรียน Object-Oriented Programming พร้อมคำถามตรวจความพร้อม,คำศัพท์สำคัญ: รวบรวมคำศัพท์หลักของ Object-Oriented Programming พร้อมความหมายและการใช้งานจริง,ความหมายและขอบเขต: นิยาม Object-Oriented Programming ขอบเขตงาน และสิ่งที่อยู่/ไม่อยู่ในขอบเขต,หลักการสำคัญ: แจกแจงหลักการสำคัญของ Object-Oriented Programming เป็นข้อ ๆ พร้อมเหตุผล,องค์ประกอบ/โครงสร้าง: แสดงองค์ประกอบหลัก ความสัมพันธ์ และลำดับการทำงานของ Object-Oriented Programming,ขั้นตอนการทำงาน 1: เริ่มต้นงาน Object-Oriented Programming: การเตรียมข้อมูล เครื่องมือ และเงื่อนไขก่อนทำ,ขั้นตอนการทำงาน 2: ขั้นดำเนินงานหลักของ Object-Oriented Programming พร้อมจุดตรวจสอบระหว่างทาง,ขั้นตอนการทำงาน 3: ขั้นตรวจผล บันทึกผล และส่งมอบงานของ Object-Oriented Programming,ตัวอย่างที่ถูกต้อง: ตัวอย่างการประยุกต์ Object-Oriented Programming ที่ถูกต้อง พร้อมอธิบายเหตุผลทีละส่วน,ตัวอย่างที่ผิดและเหตุผล: ตัวอย่างข้อผิดพลาดของ Object-Oriented Programming วิเคราะห์สาเหตุและผลกระทบ,สาธิต/กรณีตัวอย่าง: กรณีศึกษาจากสถานการณ์จริงหรือจำลองเกี่ยวกับ Object-Oriented Programming,ข้อผิดพลาดที่พบบ่อย: รวบรวม Common Mistake ของ Object-Oriented Programming และสัญญาณที่ใช้สังเกต,แนวทางแก้ปัญหา: Troubleshooting แบบเป็นลำดับสำหรับปัญหาที่เกิดระหว่างทำ Object-Oriented Programming,ความปลอดภัย/จริยธรรม: ข้อควรระวัง ความปลอดภัย กฎหมาย หรือจริยธรรมที่เกี่ยวข้องกับ Object-Oriented Programming,ภารกิจฝึกปฏิบัติ: กิจกรรมลงมือทำเกี่ยวกับ Object-Oriented Programming ให้ผู้เรียนสร้างหลักฐานผลงาน,ใบงานประจำหน่วย: อธิบายใบงานของหน่วย Object-Oriented Programming: เป้าหมาย งานที่ต้องส่ง รูปแบบ และกำหนดตรวจ,เกณฑ์ประเมินและสรุป: Rubric ประเมินความถูกต้อง กระบวนการ คุณภาพงาน และสรุป Key Takeaway ของ Object-Oriented Programming,คำถามทบทวนและคิดวิเคราะห์: คำถามทบทวน 3–5 ข้อและคำถามคิดวิเคราะห์ที่เชื่อม Object-Oriented Programming กับสถานการณ์จริง
31900-0002,การเขียนโปรแกรมคอมพิวเตอร์,14,Data Structure เบื้องต้น,1) อธิบาย Data Structure เบื้องต้น ได้ 2) วิเคราะห์/เลือกวิธีที่เหมาะสมได้ 3) ปฏิบัติงานหรือสร้างชิ้นงานเกี่ยวกับ Data Structure เบื้องต้น ได้ 4) ตรวจสอบและสะท้อนผลการทำงานได้,ใบงานหน่วยที่ 14: Data Structure เบื้องต้น,ภารกิจ 1 อธิบายแนวคิดหลักของ Data Structure เบื้องต้น; ภารกิจ 2 วิเคราะห์ตัวอย่าง; ภารกิจ 3 ลงมือปฏิบัติ/สร้างชิ้นงาน; ภารกิจ 4 ตรวจข้อผิดพลาด; ภารกิจ 5 สรุปสิ่งที่เรียนรู้และแนบหลักฐาน,ชื่อหน่วยและภาพรวม: อธิบายภาพรวมของ Data Structure เบื้องต้น และความเชื่อมโยงกับรายวิชา การเขียนโปรแกรมคอมพิวเตอร์,ผลลัพธ์การเรียนรู้: ผู้เรียนอธิบายหลักการ วิเคราะห์ตัวอย่าง และปฏิบัติงานเกี่ยวกับ Data Structure เบื้องต้น ได้ตามเกณฑ์,ความรู้เดิมที่ต้องใช้: ทบทวนความรู้พื้นฐานที่จำเป็นก่อนเรียน Data Structure เบื้องต้น พร้อมคำถามตรวจความพร้อม,คำศัพท์สำคัญ: รวบรวมคำศัพท์หลักของ Data Structure เบื้องต้น พร้อมความหมายและการใช้งานจริง,ความหมายและขอบเขต: นิยาม Data Structure เบื้องต้น ขอบเขตงาน และสิ่งที่อยู่/ไม่อยู่ในขอบเขต,หลักการสำคัญ: แจกแจงหลักการสำคัญของ Data Structure เบื้องต้น เป็นข้อ ๆ พร้อมเหตุผล,องค์ประกอบ/โครงสร้าง: แสดงองค์ประกอบหลัก ความสัมพันธ์ และลำดับการทำงานของ Data Structure เบื้องต้น,ขั้นตอนการทำงาน 1: เริ่มต้นงาน Data Structure เบื้องต้น: การเตรียมข้อมูล เครื่องมือ และเงื่อนไขก่อนทำ,ขั้นตอนการทำงาน 2: ขั้นดำเนินงานหลักของ Data Structure เบื้องต้น พร้อมจุดตรวจสอบระหว่างทาง,ขั้นตอนการทำงาน 3: ขั้นตรวจผล บันทึกผล และส่งมอบงานของ Data Structure เบื้องต้น,ตัวอย่างที่ถูกต้อง: ตัวอย่างการประยุกต์ Data Structure เบื้องต้น ที่ถูกต้อง พร้อมอธิบายเหตุผลทีละส่วน,ตัวอย่างที่ผิดและเหตุผล: ตัวอย่างข้อผิดพลาดของ Data Structure เบื้องต้น วิเคราะห์สาเหตุและผลกระทบ,สาธิต/กรณีตัวอย่าง: กรณีศึกษาจากสถานการณ์จริงหรือจำลองเกี่ยวกับ Data Structure เบื้องต้น,ข้อผิดพลาดที่พบบ่อย: รวบรวม Common Mistake ของ Data Structure เบื้องต้น และสัญญาณที่ใช้สังเกต,แนวทางแก้ปัญหา: Troubleshooting แบบเป็นลำดับสำหรับปัญหาที่เกิดระหว่างทำ Data Structure เบื้องต้น,ความปลอดภัย/จริยธรรม: ข้อควรระวัง ความปลอดภัย กฎหมาย หรือจริยธรรมที่เกี่ยวข้องกับ Data Structure เบื้องต้น,ภารกิจฝึกปฏิบัติ: กิจกรรมลงมือทำเกี่ยวกับ Data Structure เบื้องต้น ให้ผู้เรียนสร้างหลักฐานผลงาน,ใบงานประจำหน่วย: อธิบายใบงานของหน่วย Data Structure เบื้องต้น: เป้าหมาย งานที่ต้องส่ง รูปแบบ และกำหนดตรวจ,เกณฑ์ประเมินและสรุป: Rubric ประเมินความถูกต้อง กระบวนการ คุณภาพงาน และสรุป Key Takeaway ของ Data Structure เบื้องต้น,คำถามทบทวนและคิดวิเคราะห์: คำถามทบทวน 3–5 ข้อและคำถามคิดวิเคราะห์ที่เชื่อม Data Structure เบื้องต้น กับสถานการณ์จริง
31900-0002,การเขียนโปรแกรมคอมพิวเตอร์,15,Debugging และ Testing,1) อธิบาย Debugging และ Testing ได้ 2) วิเคราะห์/เลือกวิธีที่เหมาะสมได้ 3) ปฏิบัติงานหรือสร้างชิ้นงานเกี่ยวกับ Debugging และ Testing ได้ 4) ตรวจสอบและสะท้อนผลการทำงานได้,ใบงานหน่วยที่ 15: Debugging และ Testing,ภารกิจ 1 อธิบายแนวคิดหลักของ Debugging และ Testing; ภารกิจ 2 วิเคราะห์ตัวอย่าง; ภารกิจ 3 ลงมือปฏิบัติ/สร้างชิ้นงาน; ภารกิจ 4 ตรวจข้อผิดพลาด; ภารกิจ 5 สรุปสิ่งที่เรียนรู้และแนบหลักฐาน,ชื่อหน่วยและภาพรวม: อธิบายภาพรวมของ Debugging และ Testing และความเชื่อมโยงกับรายวิชา การเขียนโปรแกรมคอมพิวเตอร์,ผลลัพธ์การเรียนรู้: ผู้เรียนอธิบายหลักการ วิเคราะห์ตัวอย่าง และปฏิบัติงานเกี่ยวกับ Debugging และ Testing ได้ตามเกณฑ์,ความรู้เดิมที่ต้องใช้: ทบทวนความรู้พื้นฐานที่จำเป็นก่อนเรียน Debugging และ Testing พร้อมคำถามตรวจความพร้อม,คำศัพท์สำคัญ: รวบรวมคำศัพท์หลักของ Debugging และ Testing พร้อมความหมายและการใช้งานจริง,ความหมายและขอบเขต: นิยาม Debugging และ Testing ขอบเขตงาน และสิ่งที่อยู่/ไม่อยู่ในขอบเขต,หลักการสำคัญ: แจกแจงหลักการสำคัญของ Debugging และ Testing เป็นข้อ ๆ พร้อมเหตุผล,องค์ประกอบ/โครงสร้าง: แสดงองค์ประกอบหลัก ความสัมพันธ์ และลำดับการทำงานของ Debugging และ Testing,ขั้นตอนการทำงาน 1: เริ่มต้นงาน Debugging และ Testing: การเตรียมข้อมูล เครื่องมือ และเงื่อนไขก่อนทำ,ขั้นตอนการทำงาน 2: ขั้นดำเนินงานหลักของ Debugging และ Testing พร้อมจุดตรวจสอบระหว่างทาง,ขั้นตอนการทำงาน 3: ขั้นตรวจผล บันทึกผล และส่งมอบงานของ Debugging และ Testing,ตัวอย่างที่ถูกต้อง: ตัวอย่างการประยุกต์ Debugging และ Testing ที่ถูกต้อง พร้อมอธิบายเหตุผลทีละส่วน,ตัวอย่างที่ผิดและเหตุผล: ตัวอย่างข้อผิดพลาดของ Debugging และ Testing วิเคราะห์สาเหตุและผลกระทบ,สาธิต/กรณีตัวอย่าง: กรณีศึกษาจากสถานการณ์จริงหรือจำลองเกี่ยวกับ Debugging และ Testing,ข้อผิดพลาดที่พบบ่อย: รวบรวม Common Mistake ของ Debugging และ Testing และสัญญาณที่ใช้สังเกต,แนวทางแก้ปัญหา: Troubleshooting แบบเป็นลำดับสำหรับปัญหาที่เกิดระหว่างทำ Debugging และ Testing,ความปลอดภัย/จริยธรรม: ข้อควรระวัง ความปลอดภัย กฎหมาย หรือจริยธรรมที่เกี่ยวข้องกับ Debugging และ Testing,ภารกิจฝึกปฏิบัติ: กิจกรรมลงมือทำเกี่ยวกับ Debugging และ Testing ให้ผู้เรียนสร้างหลักฐานผลงาน,ใบงานประจำหน่วย: อธิบายใบงานของหน่วย Debugging และ Testing: เป้าหมาย งานที่ต้องส่ง รูปแบบ และกำหนดตรวจ,เกณฑ์ประเมินและสรุป: Rubric ประเมินความถูกต้อง กระบวนการ คุณภาพงาน และสรุป Key Takeaway ของ Debugging และ Testing,คำถามทบทวนและคิดวิเคราะห์: คำถามทบทวน 3–5 ข้อและคำถามคิดวิเคราะห์ที่เชื่อม Debugging และ Testing กับสถานการณ์จริง
31900-0002,การเขียนโปรแกรมคอมพิวเตอร์,16,การเขียนโปรแกรมประยุกต์,1) อธิบาย การเขียนโปรแกรมประยุกต์ ได้ 2) วิเคราะห์/เลือกวิธีที่เหมาะสมได้ 3) ปฏิบัติงานหรือสร้างชิ้นงานเกี่ยวกับ การเขียนโปรแกรมประยุกต์ ได้ 4) ตรวจสอบและสะท้อนผลการทำงานได้,ใบงานหน่วยที่ 16: การเขียนโปรแกรมประยุกต์,ภารกิจ 1 อธิบายแนวคิดหลักของ การเขียนโปรแกรมประยุกต์; ภารกิจ 2 วิเคราะห์ตัวอย่าง; ภารกิจ 3 ลงมือปฏิบัติ/สร้างชิ้นงาน; ภารกิจ 4 ตรวจข้อผิดพลาด; ภารกิจ 5 สรุปสิ่งที่เรียนรู้และแนบหลักฐาน,ชื่อหน่วยและภาพรวม: อธิบายภาพรวมของ การเขียนโปรแกรมประยุกต์ และความเชื่อมโยงกับรายวิชา การเขียนโปรแกรมคอมพิวเตอร์,ผลลัพธ์การเรียนรู้: ผู้เรียนอธิบายหลักการ วิเคราะห์ตัวอย่าง และปฏิบัติงานเกี่ยวกับ การเขียนโปรแกรมประยุกต์ ได้ตามเกณฑ์,ความรู้เดิมที่ต้องใช้: ทบทวนความรู้พื้นฐานที่จำเป็นก่อนเรียน การเขียนโปรแกรมประยุกต์ พร้อมคำถามตรวจความพร้อม,คำศัพท์สำคัญ: รวบรวมคำศัพท์หลักของ การเขียนโปรแกรมประยุกต์ พร้อมความหมายและการใช้งานจริง,ความหมายและขอบเขต: นิยาม การเขียนโปรแกรมประยุกต์ ขอบเขตงาน และสิ่งที่อยู่/ไม่อยู่ในขอบเขต,หลักการสำคัญ: แจกแจงหลักการสำคัญของ การเขียนโปรแกรมประยุกต์ เป็นข้อ ๆ พร้อมเหตุผล,องค์ประกอบ/โครงสร้าง: แสดงองค์ประกอบหลัก ความสัมพันธ์ และลำดับการทำงานของ การเขียนโปรแกรมประยุกต์,ขั้นตอนการทำงาน 1: เริ่มต้นงาน การเขียนโปรแกรมประยุกต์: การเตรียมข้อมูล เครื่องมือ และเงื่อนไขก่อนทำ,ขั้นตอนการทำงาน 2: ขั้นดำเนินงานหลักของ การเขียนโปรแกรมประยุกต์ พร้อมจุดตรวจสอบระหว่างทาง,ขั้นตอนการทำงาน 3: ขั้นตรวจผล บันทึกผล และส่งมอบงานของ การเขียนโปรแกรมประยุกต์,ตัวอย่างที่ถูกต้อง: ตัวอย่างการประยุกต์ การเขียนโปรแกรมประยุกต์ ที่ถูกต้อง พร้อมอธิบายเหตุผลทีละส่วน,ตัวอย่างที่ผิดและเหตุผล: ตัวอย่างข้อผิดพลาดของ การเขียนโปรแกรมประยุกต์ วิเคราะห์สาเหตุและผลกระทบ,สาธิต/กรณีตัวอย่าง: กรณีศึกษาจากสถานการณ์จริงหรือจำลองเกี่ยวกับ การเขียนโปรแกรมประยุกต์,ข้อผิดพลาดที่พบบ่อย: รวบรวม Common Mistake ของ การเขียนโปรแกรมประยุกต์ และสัญญาณที่ใช้สังเกต,แนวทางแก้ปัญหา: Troubleshooting แบบเป็นลำดับสำหรับปัญหาที่เกิดระหว่างทำ การเขียนโปรแกรมประยุกต์,ความปลอดภัย/จริยธรรม: ข้อควรระวัง ความปลอดภัย กฎหมาย หรือจริยธรรมที่เกี่ยวข้องกับ การเขียนโปรแกรมประยุกต์,ภารกิจฝึกปฏิบัติ: กิจกรรมลงมือทำเกี่ยวกับ การเขียนโปรแกรมประยุกต์ ให้ผู้เรียนสร้างหลักฐานผลงาน,ใบงานประจำหน่วย: อธิบายใบงานของหน่วย การเขียนโปรแกรมประยุกต์: เป้าหมาย งานที่ต้องส่ง รูปแบบ และกำหนดตรวจ,เกณฑ์ประเมินและสรุป: Rubric ประเมินความถูกต้อง กระบวนการ คุณภาพงาน และสรุป Key Takeaway ของ การเขียนโปรแกรมประยุกต์,คำถามทบทวนและคิดวิเคราะห์: คำถามทบทวน 3–5 ข้อและคำถามคิดวิเคราะห์ที่เชื่อม การเขียนโปรแกรมประยุกต์ กับสถานการณ์จริง
31900-0002,การเขียนโปรแกรมคอมพิวเตอร์,17,โครงงานโปรแกรมคอมพิวเตอร์,1) อธิบาย โครงงานโปรแกรมคอมพิวเตอร์ ได้ 2) วิเคราะห์/เลือกวิธีที่เหมาะสมได้ 3) ปฏิบัติงานหรือสร้างชิ้นงานเกี่ยวกับ โครงงานโปรแกรมคอมพิวเตอร์ ได้ 4) ตรวจสอบและสะท้อนผลการทำงานได้,ใบงานหน่วยที่ 17: โครงงานโปรแกรมคอมพิวเตอร์,ภารกิจ 1 อธิบายแนวคิดหลักของ โครงงานโปรแกรมคอมพิวเตอร์; ภารกิจ 2 วิเคราะห์ตัวอย่าง; ภารกิจ 3 ลงมือปฏิบัติ/สร้างชิ้นงาน; ภารกิจ 4 ตรวจข้อผิดพลาด; ภารกิจ 5 สรุปสิ่งที่เรียนรู้และแนบหลักฐาน,ชื่อหน่วยและภาพรวม: อธิบายภาพรวมของ โครงงานโปรแกรมคอมพิวเตอร์ และความเชื่อมโยงกับรายวิชา การเขียนโปรแกรมคอมพิวเตอร์,ผลลัพธ์การเรียนรู้: ผู้เรียนอธิบายหลักการ วิเคราะห์ตัวอย่าง และปฏิบัติงานเกี่ยวกับ โครงงานโปรแกรมคอมพิวเตอร์ ได้ตามเกณฑ์,ความรู้เดิมที่ต้องใช้: ทบทวนความรู้พื้นฐานที่จำเป็นก่อนเรียน โครงงานโปรแกรมคอมพิวเตอร์ พร้อมคำถามตรวจความพร้อม,คำศัพท์สำคัญ: รวบรวมคำศัพท์หลักของ โครงงานโปรแกรมคอมพิวเตอร์ พร้อมความหมายและการใช้งานจริง,ความหมายและขอบเขต: นิยาม โครงงานโปรแกรมคอมพิวเตอร์ ขอบเขตงาน และสิ่งที่อยู่/ไม่อยู่ในขอบเขต,หลักการสำคัญ: แจกแจงหลักการสำคัญของ โครงงานโปรแกรมคอมพิวเตอร์ เป็นข้อ ๆ พร้อมเหตุผล,องค์ประกอบ/โครงสร้าง: แสดงองค์ประกอบหลัก ความสัมพันธ์ และลำดับการทำงานของ โครงงานโปรแกรมคอมพิวเตอร์,ขั้นตอนการทำงาน 1: เริ่มต้นงาน โครงงานโปรแกรมคอมพิวเตอร์: การเตรียมข้อมูล เครื่องมือ และเงื่อนไขก่อนทำ,ขั้นตอนการทำงาน 2: ขั้นดำเนินงานหลักของ โครงงานโปรแกรมคอมพิวเตอร์ พร้อมจุดตรวจสอบระหว่างทาง,ขั้นตอนการทำงาน 3: ขั้นตรวจผล บันทึกผล และส่งมอบงานของ โครงงานโปรแกรมคอมพิวเตอร์,ตัวอย่างที่ถูกต้อง: ตัวอย่างการประยุกต์ โครงงานโปรแกรมคอมพิวเตอร์ ที่ถูกต้อง พร้อมอธิบายเหตุผลทีละส่วน,ตัวอย่างที่ผิดและเหตุผล: ตัวอย่างข้อผิดพลาดของ โครงงานโปรแกรมคอมพิวเตอร์ วิเคราะห์สาเหตุและผลกระทบ,สาธิต/กรณีตัวอย่าง: กรณีศึกษาจากสถานการณ์จริงหรือจำลองเกี่ยวกับ โครงงานโปรแกรมคอมพิวเตอร์,ข้อผิดพลาดที่พบบ่อย: รวบรวม Common Mistake ของ โครงงานโปรแกรมคอมพิวเตอร์ และสัญญาณที่ใช้สังเกต,แนวทางแก้ปัญหา: Troubleshooting แบบเป็นลำดับสำหรับปัญหาที่เกิดระหว่างทำ โครงงานโปรแกรมคอมพิวเตอร์,ความปลอดภัย/จริยธรรม: ข้อควรระวัง ความปลอดภัย กฎหมาย หรือจริยธรรมที่เกี่ยวข้องกับ โครงงานโปรแกรมคอมพิวเตอร์,ภารกิจฝึกปฏิบัติ: กิจกรรมลงมือทำเกี่ยวกับ โครงงานโปรแกรมคอมพิวเตอร์ ให้ผู้เรียนสร้างหลักฐานผลงาน,ใบงานประจำหน่วย: อธิบายใบงานของหน่วย โครงงานโปรแกรมคอมพิวเตอร์: เป้าหมาย งานที่ต้องส่ง รูปแบบ และกำหนดตรวจ,เกณฑ์ประเมินและสรุป: Rubric ประเมินความถูกต้อง กระบวนการ คุณภาพงาน และสรุป Key Takeaway ของ โครงงานโปรแกรมคอมพิวเตอร์,คำถามทบทวนและคิดวิเคราะห์: คำถามทบทวน 3–5 ข้อและคำถามคิดวิเคราะห์ที่เชื่อม โครงงานโปรแกรมคอมพิวเตอร์ กับสถานการณ์จริง
31910-2018,การผลิตสื่อมัลติมีเดียสำหรับธุรกิจดิจิทัล,1,หลักการสื่อมัลติมีเดีย,1) อธิบาย หลักการสื่อมัลติมีเดีย ได้ 2) วิเคราะห์/เลือกวิธีที่เหมาะสมได้ 3) ปฏิบัติงานหรือสร้างชิ้นงานเกี่ยวกับ หลักการสื่อมัลติมีเดีย ได้ 4) ตรวจสอบและสะท้อนผลการทำงานได้,ใบงานหน่วยที่ 1: หลักการสื่อมัลติมีเดีย,ภารกิจ 1 อธิบายแนวคิดหลักของ หลักการสื่อมัลติมีเดีย; ภารกิจ 2 วิเคราะห์ตัวอย่าง; ภารกิจ 3 ลงมือปฏิบัติ/สร้างชิ้นงาน; ภารกิจ 4 ตรวจข้อผิดพลาด; ภารกิจ 5 สรุปสิ่งที่เรียนรู้และแนบหลักฐาน,ชื่อหน่วยและภาพรวม: อธิบายภาพรวมของ หลักการสื่อมัลติมีเดีย และความเชื่อมโยงกับรายวิชา การผลิตสื่อมัลติมีเดียสำหรับธุรกิจดิจิทัล,ผลลัพธ์การเรียนรู้: ผู้เรียนอธิบายหลักการ วิเคราะห์ตัวอย่าง และปฏิบัติงานเกี่ยวกับ หลักการสื่อมัลติมีเดีย ได้ตามเกณฑ์,ความรู้เดิมที่ต้องใช้: ทบทวนความรู้พื้นฐานที่จำเป็นก่อนเรียน หลักการสื่อมัลติมีเดีย พร้อมคำถามตรวจความพร้อม,คำศัพท์สำคัญ: รวบรวมคำศัพท์หลักของ หลักการสื่อมัลติมีเดีย พร้อมความหมายและการใช้งานจริง,ความหมายและขอบเขต: นิยาม หลักการสื่อมัลติมีเดีย ขอบเขตงาน และสิ่งที่อยู่/ไม่อยู่ในขอบเขต,หลักการสำคัญ: แจกแจงหลักการสำคัญของ หลักการสื่อมัลติมีเดีย เป็นข้อ ๆ พร้อมเหตุผล,องค์ประกอบ/โครงสร้าง: แสดงองค์ประกอบหลัก ความสัมพันธ์ และลำดับการทำงานของ หลักการสื่อมัลติมีเดีย,ขั้นตอนการทำงาน 1: เริ่มต้นงาน หลักการสื่อมัลติมีเดีย: การเตรียมข้อมูล เครื่องมือ และเงื่อนไขก่อนทำ,ขั้นตอนการทำงาน 2: ขั้นดำเนินงานหลักของ หลักการสื่อมัลติมีเดีย พร้อมจุดตรวจสอบระหว่างทาง,ขั้นตอนการทำงาน 3: ขั้นตรวจผล บันทึกผล และส่งมอบงานของ หลักการสื่อมัลติมีเดีย,ตัวอย่างที่ถูกต้อง: ตัวอย่างการประยุกต์ หลักการสื่อมัลติมีเดีย ที่ถูกต้อง พร้อมอธิบายเหตุผลทีละส่วน,ตัวอย่างที่ผิดและเหตุผล: ตัวอย่างข้อผิดพลาดของ หลักการสื่อมัลติมีเดีย วิเคราะห์สาเหตุและผลกระทบ,สาธิต/กรณีตัวอย่าง: กรณีศึกษาจากสถานการณ์จริงหรือจำลองเกี่ยวกับ หลักการสื่อมัลติมีเดีย,ข้อผิดพลาดที่พบบ่อย: รวบรวม Common Mistake ของ หลักการสื่อมัลติมีเดีย และสัญญาณที่ใช้สังเกต,แนวทางแก้ปัญหา: Troubleshooting แบบเป็นลำดับสำหรับปัญหาที่เกิดระหว่างทำ หลักการสื่อมัลติมีเดีย,ความปลอดภัย/จริยธรรม: ข้อควรระวัง ความปลอดภัย กฎหมาย หรือจริยธรรมที่เกี่ยวข้องกับ หลักการสื่อมัลติมีเดีย,ภารกิจฝึกปฏิบัติ: กิจกรรมลงมือทำเกี่ยวกับ หลักการสื่อมัลติมีเดีย ให้ผู้เรียนสร้างหลักฐานผลงาน,ใบงานประจำหน่วย: อธิบายใบงานของหน่วย หลักการสื่อมัลติมีเดีย: เป้าหมาย งานที่ต้องส่ง รูปแบบ และกำหนดตรวจ,เกณฑ์ประเมินและสรุป: Rubric ประเมินความถูกต้อง กระบวนการ คุณภาพงาน และสรุป Key Takeaway ของ หลักการสื่อมัลติมีเดีย,คำถามทบทวนและคิดวิเคราะห์: คำถามทบทวน 3–5 ข้อและคำถามคิดวิเคราะห์ที่เชื่อม หลักการสื่อมัลติมีเดีย กับสถานการณ์จริง
31910-2018,การผลิตสื่อมัลติมีเดียสำหรับธุรกิจดิจิทัล,2,การวางแผนสื่อเพื่อธุรกิจ,1) อธิบาย การวางแผนสื่อเพื่อธุรกิจ ได้ 2) วิเคราะห์/เลือกวิธีที่เหมาะสมได้ 3) ปฏิบัติงานหรือสร้างชิ้นงานเกี่ยวกับ การวางแผนสื่อเพื่อธุรกิจ ได้ 4) ตรวจสอบและสะท้อนผลการทำงานได้,ใบงานหน่วยที่ 2: การวางแผนสื่อเพื่อธุรกิจ,ภารกิจ 1 อธิบายแนวคิดหลักของ การวางแผนสื่อเพื่อธุรกิจ; ภารกิจ 2 วิเคราะห์ตัวอย่าง; ภารกิจ 3 ลงมือปฏิบัติ/สร้างชิ้นงาน; ภารกิจ 4 ตรวจข้อผิดพลาด; ภารกิจ 5 สรุปสิ่งที่เรียนรู้และแนบหลักฐาน,ชื่อหน่วยและภาพรวม: อธิบายภาพรวมของ การวางแผนสื่อเพื่อธุรกิจ และความเชื่อมโยงกับรายวิชา การผลิตสื่อมัลติมีเดียสำหรับธุรกิจดิจิทัล,ผลลัพธ์การเรียนรู้: ผู้เรียนอธิบายหลักการ วิเคราะห์ตัวอย่าง และปฏิบัติงานเกี่ยวกับ การวางแผนสื่อเพื่อธุรกิจ ได้ตามเกณฑ์,ความรู้เดิมที่ต้องใช้: ทบทวนความรู้พื้นฐานที่จำเป็นก่อนเรียน การวางแผนสื่อเพื่อธุรกิจ พร้อมคำถามตรวจความพร้อม,คำศัพท์สำคัญ: รวบรวมคำศัพท์หลักของ การวางแผนสื่อเพื่อธุรกิจ พร้อมความหมายและการใช้งานจริง,ความหมายและขอบเขต: นิยาม การวางแผนสื่อเพื่อธุรกิจ ขอบเขตงาน และสิ่งที่อยู่/ไม่อยู่ในขอบเขต,หลักการสำคัญ: แจกแจงหลักการสำคัญของ การวางแผนสื่อเพื่อธุรกิจ เป็นข้อ ๆ พร้อมเหตุผล,องค์ประกอบ/โครงสร้าง: แสดงองค์ประกอบหลัก ความสัมพันธ์ และลำดับการทำงานของ การวางแผนสื่อเพื่อธุรกิจ,ขั้นตอนการทำงาน 1: เริ่มต้นงาน การวางแผนสื่อเพื่อธุรกิจ: การเตรียมข้อมูล เครื่องมือ และเงื่อนไขก่อนทำ,ขั้นตอนการทำงาน 2: ขั้นดำเนินงานหลักของ การวางแผนสื่อเพื่อธุรกิจ พร้อมจุดตรวจสอบระหว่างทาง,ขั้นตอนการทำงาน 3: ขั้นตรวจผล บันทึกผล และส่งมอบงานของ การวางแผนสื่อเพื่อธุรกิจ,ตัวอย่างที่ถูกต้อง: ตัวอย่างการประยุกต์ การวางแผนสื่อเพื่อธุรกิจ ที่ถูกต้อง พร้อมอธิบายเหตุผลทีละส่วน,ตัวอย่างที่ผิดและเหตุผล: ตัวอย่างข้อผิดพลาดของ การวางแผนสื่อเพื่อธุรกิจ วิเคราะห์สาเหตุและผลกระทบ,สาธิต/กรณีตัวอย่าง: กรณีศึกษาจากสถานการณ์จริงหรือจำลองเกี่ยวกับ การวางแผนสื่อเพื่อธุรกิจ,ข้อผิดพลาดที่พบบ่อย: รวบรวม Common Mistake ของ การวางแผนสื่อเพื่อธุรกิจ และสัญญาณที่ใช้สังเกต,แนวทางแก้ปัญหา: Troubleshooting แบบเป็นลำดับสำหรับปัญหาที่เกิดระหว่างทำ การวางแผนสื่อเพื่อธุรกิจ,ความปลอดภัย/จริยธรรม: ข้อควรระวัง ความปลอดภัย กฎหมาย หรือจริยธรรมที่เกี่ยวข้องกับ การวางแผนสื่อเพื่อธุรกิจ,ภารกิจฝึกปฏิบัติ: กิจกรรมลงมือทำเกี่ยวกับ การวางแผนสื่อเพื่อธุรกิจ ให้ผู้เรียนสร้างหลักฐานผลงาน,ใบงานประจำหน่วย: อธิบายใบงานของหน่วย การวางแผนสื่อเพื่อธุรกิจ: เป้าหมาย งานที่ต้องส่ง รูปแบบ และกำหนดตรวจ,เกณฑ์ประเมินและสรุป: Rubric ประเมินความถูกต้อง กระบวนการ คุณภาพงาน และสรุป Key Takeaway ของ การวางแผนสื่อเพื่อธุรกิจ,คำถามทบทวนและคิดวิเคราะห์: คำถามทบทวน 3–5 ข้อและคำถามคิดวิเคราะห์ที่เชื่อม การวางแผนสื่อเพื่อธุรกิจ กับสถานการณ์จริง
31910-2018,การผลิตสื่อมัลติมีเดียสำหรับธุรกิจดิจิทัล,3,Storytelling และ Storyboard,1) อธิบาย Storytelling และ Storyboard ได้ 2) วิเคราะห์/เลือกวิธีที่เหมาะสมได้ 3) ปฏิบัติงานหรือสร้างชิ้นงานเกี่ยวกับ Storytelling และ Storyboard ได้ 4) ตรวจสอบและสะท้อนผลการทำงานได้,ใบงานหน่วยที่ 3: Storytelling และ Storyboard,ภารกิจ 1 อธิบายแนวคิดหลักของ Storytelling และ Storyboard; ภารกิจ 2 วิเคราะห์ตัวอย่าง; ภารกิจ 3 ลงมือปฏิบัติ/สร้างชิ้นงาน; ภารกิจ 4 ตรวจข้อผิดพลาด; ภารกิจ 5 สรุปสิ่งที่เรียนรู้และแนบหลักฐาน,ชื่อหน่วยและภาพรวม: อธิบายภาพรวมของ Storytelling และ Storyboard และความเชื่อมโยงกับรายวิชา การผลิตสื่อมัลติมีเดียสำหรับธุรกิจดิจิทัล,ผลลัพธ์การเรียนรู้: ผู้เรียนอธิบายหลักการ วิเคราะห์ตัวอย่าง และปฏิบัติงานเกี่ยวกับ Storytelling และ Storyboard ได้ตามเกณฑ์,ความรู้เดิมที่ต้องใช้: ทบทวนความรู้พื้นฐานที่จำเป็นก่อนเรียน Storytelling และ Storyboard พร้อมคำถามตรวจความพร้อม,คำศัพท์สำคัญ: รวบรวมคำศัพท์หลักของ Storytelling และ Storyboard พร้อมความหมายและการใช้งานจริง,ความหมายและขอบเขต: นิยาม Storytelling และ Storyboard ขอบเขตงาน และสิ่งที่อยู่/ไม่อยู่ในขอบเขต,หลักการสำคัญ: แจกแจงหลักการสำคัญของ Storytelling และ Storyboard เป็นข้อ ๆ พร้อมเหตุผล,องค์ประกอบ/โครงสร้าง: แสดงองค์ประกอบหลัก ความสัมพันธ์ และลำดับการทำงานของ Storytelling และ Storyboard,ขั้นตอนการทำงาน 1: เริ่มต้นงาน Storytelling และ Storyboard: การเตรียมข้อมูล เครื่องมือ และเงื่อนไขก่อนทำ,ขั้นตอนการทำงาน 2: ขั้นดำเนินงานหลักของ Storytelling และ Storyboard พร้อมจุดตรวจสอบระหว่างทาง,ขั้นตอนการทำงาน 3: ขั้นตรวจผล บันทึกผล และส่งมอบงานของ Storytelling และ Storyboard,ตัวอย่างที่ถูกต้อง: ตัวอย่างการประยุกต์ Storytelling และ Storyboard ที่ถูกต้อง พร้อมอธิบายเหตุผลทีละส่วน,ตัวอย่างที่ผิดและเหตุผล: ตัวอย่างข้อผิดพลาดของ Storytelling และ Storyboard วิเคราะห์สาเหตุและผลกระทบ,สาธิต/กรณีตัวอย่าง: กรณีศึกษาจากสถานการณ์จริงหรือจำลองเกี่ยวกับ Storytelling และ Storyboard,ข้อผิดพลาดที่พบบ่อย: รวบรวม Common Mistake ของ Storytelling และ Storyboard และสัญญาณที่ใช้สังเกต,แนวทางแก้ปัญหา: Troubleshooting แบบเป็นลำดับสำหรับปัญหาที่เกิดระหว่างทำ Storytelling และ Storyboard,ความปลอดภัย/จริยธรรม: ข้อควรระวัง ความปลอดภัย กฎหมาย หรือจริยธรรมที่เกี่ยวข้องกับ Storytelling และ Storyboard,ภารกิจฝึกปฏิบัติ: กิจกรรมลงมือทำเกี่ยวกับ Storytelling และ Storyboard ให้ผู้เรียนสร้างหลักฐานผลงาน,ใบงานประจำหน่วย: อธิบายใบงานของหน่วย Storytelling และ Storyboard: เป้าหมาย งานที่ต้องส่ง รูปแบบ และกำหนดตรวจ,เกณฑ์ประเมินและสรุป: Rubric ประเมินความถูกต้อง กระบวนการ คุณภาพงาน และสรุป Key Takeaway ของ Storytelling และ Storyboard,คำถามทบทวนและคิดวิเคราะห์: คำถามทบทวน 3–5 ข้อและคำถามคิดวิเคราะห์ที่เชื่อม Storytelling และ Storyboard กับสถานการณ์จริง
31910-2018,การผลิตสื่อมัลติมีเดียสำหรับธุรกิจดิจิทัล,4,องค์ประกอบภาพ,1) อธิบาย องค์ประกอบภาพ ได้ 2) วิเคราะห์/เลือกวิธีที่เหมาะสมได้ 3) ปฏิบัติงานหรือสร้างชิ้นงานเกี่ยวกับ องค์ประกอบภาพ ได้ 4) ตรวจสอบและสะท้อนผลการทำงานได้,ใบงานหน่วยที่ 4: องค์ประกอบภาพ,ภารกิจ 1 อธิบายแนวคิดหลักของ องค์ประกอบภาพ; ภารกิจ 2 วิเคราะห์ตัวอย่าง; ภารกิจ 3 ลงมือปฏิบัติ/สร้างชิ้นงาน; ภารกิจ 4 ตรวจข้อผิดพลาด; ภารกิจ 5 สรุปสิ่งที่เรียนรู้และแนบหลักฐาน,ชื่อหน่วยและภาพรวม: อธิบายภาพรวมของ องค์ประกอบภาพ และความเชื่อมโยงกับรายวิชา การผลิตสื่อมัลติมีเดียสำหรับธุรกิจดิจิทัล,ผลลัพธ์การเรียนรู้: ผู้เรียนอธิบายหลักการ วิเคราะห์ตัวอย่าง และปฏิบัติงานเกี่ยวกับ องค์ประกอบภาพ ได้ตามเกณฑ์,ความรู้เดิมที่ต้องใช้: ทบทวนความรู้พื้นฐานที่จำเป็นก่อนเรียน องค์ประกอบภาพ พร้อมคำถามตรวจความพร้อม,คำศัพท์สำคัญ: รวบรวมคำศัพท์หลักของ องค์ประกอบภาพ พร้อมความหมายและการใช้งานจริง,ความหมายและขอบเขต: นิยาม องค์ประกอบภาพ ขอบเขตงาน และสิ่งที่อยู่/ไม่อยู่ในขอบเขต,หลักการสำคัญ: แจกแจงหลักการสำคัญของ องค์ประกอบภาพ เป็นข้อ ๆ พร้อมเหตุผล,องค์ประกอบ/โครงสร้าง: แสดงองค์ประกอบหลัก ความสัมพันธ์ และลำดับการทำงานของ องค์ประกอบภาพ,ขั้นตอนการทำงาน 1: เริ่มต้นงาน องค์ประกอบภาพ: การเตรียมข้อมูล เครื่องมือ และเงื่อนไขก่อนทำ,ขั้นตอนการทำงาน 2: ขั้นดำเนินงานหลักของ องค์ประกอบภาพ พร้อมจุดตรวจสอบระหว่างทาง,ขั้นตอนการทำงาน 3: ขั้นตรวจผล บันทึกผล และส่งมอบงานของ องค์ประกอบภาพ,ตัวอย่างที่ถูกต้อง: ตัวอย่างการประยุกต์ องค์ประกอบภาพ ที่ถูกต้อง พร้อมอธิบายเหตุผลทีละส่วน,ตัวอย่างที่ผิดและเหตุผล: ตัวอย่างข้อผิดพลาดของ องค์ประกอบภาพ วิเคราะห์สาเหตุและผลกระทบ,สาธิต/กรณีตัวอย่าง: กรณีศึกษาจากสถานการณ์จริงหรือจำลองเกี่ยวกับ องค์ประกอบภาพ,ข้อผิดพลาดที่พบบ่อย: รวบรวม Common Mistake ของ องค์ประกอบภาพ และสัญญาณที่ใช้สังเกต,แนวทางแก้ปัญหา: Troubleshooting แบบเป็นลำดับสำหรับปัญหาที่เกิดระหว่างทำ องค์ประกอบภาพ,ความปลอดภัย/จริยธรรม: ข้อควรระวัง ความปลอดภัย กฎหมาย หรือจริยธรรมที่เกี่ยวข้องกับ องค์ประกอบภาพ,ภารกิจฝึกปฏิบัติ: กิจกรรมลงมือทำเกี่ยวกับ องค์ประกอบภาพ ให้ผู้เรียนสร้างหลักฐานผลงาน,ใบงานประจำหน่วย: อธิบายใบงานของหน่วย องค์ประกอบภาพ: เป้าหมาย งานที่ต้องส่ง รูปแบบ และกำหนดตรวจ,เกณฑ์ประเมินและสรุป: Rubric ประเมินความถูกต้อง กระบวนการ คุณภาพงาน และสรุป Key Takeaway ของ องค์ประกอบภาพ,คำถามทบทวนและคิดวิเคราะห์: คำถามทบทวน 3–5 ข้อและคำถามคิดวิเคราะห์ที่เชื่อม องค์ประกอบภาพ กับสถานการณ์จริง
31910-2018,การผลิตสื่อมัลติมีเดียสำหรับธุรกิจดิจิทัล,5,การถ่ายภาพดิจิทัล,1) อธิบาย การถ่ายภาพดิจิทัล ได้ 2) วิเคราะห์/เลือกวิธีที่เหมาะสมได้ 3) ปฏิบัติงานหรือสร้างชิ้นงานเกี่ยวกับ การถ่ายภาพดิจิทัล ได้ 4) ตรวจสอบและสะท้อนผลการทำงานได้,ใบงานหน่วยที่ 5: การถ่ายภาพดิจิทัล,ภารกิจ 1 อธิบายแนวคิดหลักของ การถ่ายภาพดิจิทัล; ภารกิจ 2 วิเคราะห์ตัวอย่าง; ภารกิจ 3 ลงมือปฏิบัติ/สร้างชิ้นงาน; ภารกิจ 4 ตรวจข้อผิดพลาด; ภารกิจ 5 สรุปสิ่งที่เรียนรู้และแนบหลักฐาน,ชื่อหน่วยและภาพรวม: อธิบายภาพรวมของ การถ่ายภาพดิจิทัล และความเชื่อมโยงกับรายวิชา การผลิตสื่อมัลติมีเดียสำหรับธุรกิจดิจิทัล,ผลลัพธ์การเรียนรู้: ผู้เรียนอธิบายหลักการ วิเคราะห์ตัวอย่าง และปฏิบัติงานเกี่ยวกับ การถ่ายภาพดิจิทัล ได้ตามเกณฑ์,ความรู้เดิมที่ต้องใช้: ทบทวนความรู้พื้นฐานที่จำเป็นก่อนเรียน การถ่ายภาพดิจิทัล พร้อมคำถามตรวจความพร้อม,คำศัพท์สำคัญ: รวบรวมคำศัพท์หลักของ การถ่ายภาพดิจิทัล พร้อมความหมายและการใช้งานจริง,ความหมายและขอบเขต: นิยาม การถ่ายภาพดิจิทัล ขอบเขตงาน และสิ่งที่อยู่/ไม่อยู่ในขอบเขต,หลักการสำคัญ: แจกแจงหลักการสำคัญของ การถ่ายภาพดิจิทัล เป็นข้อ ๆ พร้อมเหตุผล,องค์ประกอบ/โครงสร้าง: แสดงองค์ประกอบหลัก ความสัมพันธ์ และลำดับการทำงานของ การถ่ายภาพดิจิทัล,ขั้นตอนการทำงาน 1: เริ่มต้นงาน การถ่ายภาพดิจิทัล: การเตรียมข้อมูล เครื่องมือ และเงื่อนไขก่อนทำ,ขั้นตอนการทำงาน 2: ขั้นดำเนินงานหลักของ การถ่ายภาพดิจิทัล พร้อมจุดตรวจสอบระหว่างทาง,ขั้นตอนการทำงาน 3: ขั้นตรวจผล บันทึกผล และส่งมอบงานของ การถ่ายภาพดิจิทัล,ตัวอย่างที่ถูกต้อง: ตัวอย่างการประยุกต์ การถ่ายภาพดิจิทัล ที่ถูกต้อง พร้อมอธิบายเหตุผลทีละส่วน,ตัวอย่างที่ผิดและเหตุผล: ตัวอย่างข้อผิดพลาดของ การถ่ายภาพดิจิทัล วิเคราะห์สาเหตุและผลกระทบ,สาธิต/กรณีตัวอย่าง: กรณีศึกษาจากสถานการณ์จริงหรือจำลองเกี่ยวกับ การถ่ายภาพดิจิทัล,ข้อผิดพลาดที่พบบ่อย: รวบรวม Common Mistake ของ การถ่ายภาพดิจิทัล และสัญญาณที่ใช้สังเกต,แนวทางแก้ปัญหา: Troubleshooting แบบเป็นลำดับสำหรับปัญหาที่เกิดระหว่างทำ การถ่ายภาพดิจิทัล,ความปลอดภัย/จริยธรรม: ข้อควรระวัง ความปลอดภัย กฎหมาย หรือจริยธรรมที่เกี่ยวข้องกับ การถ่ายภาพดิจิทัล,ภารกิจฝึกปฏิบัติ: กิจกรรมลงมือทำเกี่ยวกับ การถ่ายภาพดิจิทัล ให้ผู้เรียนสร้างหลักฐานผลงาน,ใบงานประจำหน่วย: อธิบายใบงานของหน่วย การถ่ายภาพดิจิทัล: เป้าหมาย งานที่ต้องส่ง รูปแบบ และกำหนดตรวจ,เกณฑ์ประเมินและสรุป: Rubric ประเมินความถูกต้อง กระบวนการ คุณภาพงาน และสรุป Key Takeaway ของ การถ่ายภาพดิจิทัล,คำถามทบทวนและคิดวิเคราะห์: คำถามทบทวน 3–5 ข้อและคำถามคิดวิเคราะห์ที่เชื่อม การถ่ายภาพดิจิทัล กับสถานการณ์จริง
31910-2018,การผลิตสื่อมัลติมีเดียสำหรับธุรกิจดิจิทัล,6,การแต่งภาพ,1) อธิบาย การแต่งภาพ ได้ 2) วิเคราะห์/เลือกวิธีที่เหมาะสมได้ 3) ปฏิบัติงานหรือสร้างชิ้นงานเกี่ยวกับ การแต่งภาพ ได้ 4) ตรวจสอบและสะท้อนผลการทำงานได้,ใบงานหน่วยที่ 6: การแต่งภาพ,ภารกิจ 1 อธิบายแนวคิดหลักของ การแต่งภาพ; ภารกิจ 2 วิเคราะห์ตัวอย่าง; ภารกิจ 3 ลงมือปฏิบัติ/สร้างชิ้นงาน; ภารกิจ 4 ตรวจข้อผิดพลาด; ภารกิจ 5 สรุปสิ่งที่เรียนรู้และแนบหลักฐาน,ชื่อหน่วยและภาพรวม: อธิบายภาพรวมของ การแต่งภาพ และความเชื่อมโยงกับรายวิชา การผลิตสื่อมัลติมีเดียสำหรับธุรกิจดิจิทัล,ผลลัพธ์การเรียนรู้: ผู้เรียนอธิบายหลักการ วิเคราะห์ตัวอย่าง และปฏิบัติงานเกี่ยวกับ การแต่งภาพ ได้ตามเกณฑ์,ความรู้เดิมที่ต้องใช้: ทบทวนความรู้พื้นฐานที่จำเป็นก่อนเรียน การแต่งภาพ พร้อมคำถามตรวจความพร้อม,คำศัพท์สำคัญ: รวบรวมคำศัพท์หลักของ การแต่งภาพ พร้อมความหมายและการใช้งานจริง,ความหมายและขอบเขต: นิยาม การแต่งภาพ ขอบเขตงาน และสิ่งที่อยู่/ไม่อยู่ในขอบเขต,หลักการสำคัญ: แจกแจงหลักการสำคัญของ การแต่งภาพ เป็นข้อ ๆ พร้อมเหตุผล,องค์ประกอบ/โครงสร้าง: แสดงองค์ประกอบหลัก ความสัมพันธ์ และลำดับการทำงานของ การแต่งภาพ,ขั้นตอนการทำงาน 1: เริ่มต้นงาน การแต่งภาพ: การเตรียมข้อมูล เครื่องมือ และเงื่อนไขก่อนทำ,ขั้นตอนการทำงาน 2: ขั้นดำเนินงานหลักของ การแต่งภาพ พร้อมจุดตรวจสอบระหว่างทาง,ขั้นตอนการทำงาน 3: ขั้นตรวจผล บันทึกผล และส่งมอบงานของ การแต่งภาพ,ตัวอย่างที่ถูกต้อง: ตัวอย่างการประยุกต์ การแต่งภาพ ที่ถูกต้อง พร้อมอธิบายเหตุผลทีละส่วน,ตัวอย่างที่ผิดและเหตุผล: ตัวอย่างข้อผิดพลาดของ การแต่งภาพ วิเคราะห์สาเหตุและผลกระทบ,สาธิต/กรณีตัวอย่าง: กรณีศึกษาจากสถานการณ์จริงหรือจำลองเกี่ยวกับ การแต่งภาพ,ข้อผิดพลาดที่พบบ่อย: รวบรวม Common Mistake ของ การแต่งภาพ และสัญญาณที่ใช้สังเกต,แนวทางแก้ปัญหา: Troubleshooting แบบเป็นลำดับสำหรับปัญหาที่เกิดระหว่างทำ การแต่งภาพ,ความปลอดภัย/จริยธรรม: ข้อควรระวัง ความปลอดภัย กฎหมาย หรือจริยธรรมที่เกี่ยวข้องกับ การแต่งภาพ,ภารกิจฝึกปฏิบัติ: กิจกรรมลงมือทำเกี่ยวกับ การแต่งภาพ ให้ผู้เรียนสร้างหลักฐานผลงาน,ใบงานประจำหน่วย: อธิบายใบงานของหน่วย การแต่งภาพ: เป้าหมาย งานที่ต้องส่ง รูปแบบ และกำหนดตรวจ,เกณฑ์ประเมินและสรุป: Rubric ประเมินความถูกต้อง กระบวนการ คุณภาพงาน และสรุป Key Takeaway ของ การแต่งภาพ,คำถามทบทวนและคิดวิเคราะห์: คำถามทบทวน 3–5 ข้อและคำถามคิดวิเคราะห์ที่เชื่อม การแต่งภาพ กับสถานการณ์จริง
31910-2018,การผลิตสื่อมัลติมีเดียสำหรับธุรกิจดิจิทัล,7,หลักเสียงดิจิทัล,1) อธิบาย หลักเสียงดิจิทัล ได้ 2) วิเคราะห์/เลือกวิธีที่เหมาะสมได้ 3) ปฏิบัติงานหรือสร้างชิ้นงานเกี่ยวกับ หลักเสียงดิจิทัล ได้ 4) ตรวจสอบและสะท้อนผลการทำงานได้,ใบงานหน่วยที่ 7: หลักเสียงดิจิทัล,ภารกิจ 1 อธิบายแนวคิดหลักของ หลักเสียงดิจิทัล; ภารกิจ 2 วิเคราะห์ตัวอย่าง; ภารกิจ 3 ลงมือปฏิบัติ/สร้างชิ้นงาน; ภารกิจ 4 ตรวจข้อผิดพลาด; ภารกิจ 5 สรุปสิ่งที่เรียนรู้และแนบหลักฐาน,ชื่อหน่วยและภาพรวม: อธิบายภาพรวมของ หลักเสียงดิจิทัล และความเชื่อมโยงกับรายวิชา การผลิตสื่อมัลติมีเดียสำหรับธุรกิจดิจิทัล,ผลลัพธ์การเรียนรู้: ผู้เรียนอธิบายหลักการ วิเคราะห์ตัวอย่าง และปฏิบัติงานเกี่ยวกับ หลักเสียงดิจิทัล ได้ตามเกณฑ์,ความรู้เดิมที่ต้องใช้: ทบทวนความรู้พื้นฐานที่จำเป็นก่อนเรียน หลักเสียงดิจิทัล พร้อมคำถามตรวจความพร้อม,คำศัพท์สำคัญ: รวบรวมคำศัพท์หลักของ หลักเสียงดิจิทัล พร้อมความหมายและการใช้งานจริง,ความหมายและขอบเขต: นิยาม หลักเสียงดิจิทัล ขอบเขตงาน และสิ่งที่อยู่/ไม่อยู่ในขอบเขต,หลักการสำคัญ: แจกแจงหลักการสำคัญของ หลักเสียงดิจิทัล เป็นข้อ ๆ พร้อมเหตุผล,องค์ประกอบ/โครงสร้าง: แสดงองค์ประกอบหลัก ความสัมพันธ์ และลำดับการทำงานของ หลักเสียงดิจิทัล,ขั้นตอนการทำงาน 1: เริ่มต้นงาน หลักเสียงดิจิทัล: การเตรียมข้อมูล เครื่องมือ และเงื่อนไขก่อนทำ,ขั้นตอนการทำงาน 2: ขั้นดำเนินงานหลักของ หลักเสียงดิจิทัล พร้อมจุดตรวจสอบระหว่างทาง,ขั้นตอนการทำงาน 3: ขั้นตรวจผล บันทึกผล และส่งมอบงานของ หลักเสียงดิจิทัล,ตัวอย่างที่ถูกต้อง: ตัวอย่างการประยุกต์ หลักเสียงดิจิทัล ที่ถูกต้อง พร้อมอธิบายเหตุผลทีละส่วน,ตัวอย่างที่ผิดและเหตุผล: ตัวอย่างข้อผิดพลาดของ หลักเสียงดิจิทัล วิเคราะห์สาเหตุและผลกระทบ,สาธิต/กรณีตัวอย่าง: กรณีศึกษาจากสถานการณ์จริงหรือจำลองเกี่ยวกับ หลักเสียงดิจิทัล,ข้อผิดพลาดที่พบบ่อย: รวบรวม Common Mistake ของ หลักเสียงดิจิทัล และสัญญาณที่ใช้สังเกต,แนวทางแก้ปัญหา: Troubleshooting แบบเป็นลำดับสำหรับปัญหาที่เกิดระหว่างทำ หลักเสียงดิจิทัล,ความปลอดภัย/จริยธรรม: ข้อควรระวัง ความปลอดภัย กฎหมาย หรือจริยธรรมที่เกี่ยวข้องกับ หลักเสียงดิจิทัล,ภารกิจฝึกปฏิบัติ: กิจกรรมลงมือทำเกี่ยวกับ หลักเสียงดิจิทัล ให้ผู้เรียนสร้างหลักฐานผลงาน,ใบงานประจำหน่วย: อธิบายใบงานของหน่วย หลักเสียงดิจิทัล: เป้าหมาย งานที่ต้องส่ง รูปแบบ และกำหนดตรวจ,เกณฑ์ประเมินและสรุป: Rubric ประเมินความถูกต้อง กระบวนการ คุณภาพงาน และสรุป Key Takeaway ของ หลักเสียงดิจิทัล,คำถามทบทวนและคิดวิเคราะห์: คำถามทบทวน 3–5 ข้อและคำถามคิดวิเคราะห์ที่เชื่อม หลักเสียงดิจิทัล กับสถานการณ์จริง
31910-2018,การผลิตสื่อมัลติมีเดียสำหรับธุรกิจดิจิทัล,8,การบันทึกและตัดต่อเสียง,1) อธิบาย การบันทึกและตัดต่อเสียง ได้ 2) วิเคราะห์/เลือกวิธีที่เหมาะสมได้ 3) ปฏิบัติงานหรือสร้างชิ้นงานเกี่ยวกับ การบันทึกและตัดต่อเสียง ได้ 4) ตรวจสอบและสะท้อนผลการทำงานได้,ใบงานหน่วยที่ 8: การบันทึกและตัดต่อเสียง,ภารกิจ 1 อธิบายแนวคิดหลักของ การบันทึกและตัดต่อเสียง; ภารกิจ 2 วิเคราะห์ตัวอย่าง; ภารกิจ 3 ลงมือปฏิบัติ/สร้างชิ้นงาน; ภารกิจ 4 ตรวจข้อผิดพลาด; ภารกิจ 5 สรุปสิ่งที่เรียนรู้และแนบหลักฐาน,ชื่อหน่วยและภาพรวม: อธิบายภาพรวมของ การบันทึกและตัดต่อเสียง และความเชื่อมโยงกับรายวิชา การผลิตสื่อมัลติมีเดียสำหรับธุรกิจดิจิทัล,ผลลัพธ์การเรียนรู้: ผู้เรียนอธิบายหลักการ วิเคราะห์ตัวอย่าง และปฏิบัติงานเกี่ยวกับ การบันทึกและตัดต่อเสียง ได้ตามเกณฑ์,ความรู้เดิมที่ต้องใช้: ทบทวนความรู้พื้นฐานที่จำเป็นก่อนเรียน การบันทึกและตัดต่อเสียง พร้อมคำถามตรวจความพร้อม,คำศัพท์สำคัญ: รวบรวมคำศัพท์หลักของ การบันทึกและตัดต่อเสียง พร้อมความหมายและการใช้งานจริง,ความหมายและขอบเขต: นิยาม การบันทึกและตัดต่อเสียง ขอบเขตงาน และสิ่งที่อยู่/ไม่อยู่ในขอบเขต,หลักการสำคัญ: แจกแจงหลักการสำคัญของ การบันทึกและตัดต่อเสียง เป็นข้อ ๆ พร้อมเหตุผล,องค์ประกอบ/โครงสร้าง: แสดงองค์ประกอบหลัก ความสัมพันธ์ และลำดับการทำงานของ การบันทึกและตัดต่อเสียง,ขั้นตอนการทำงาน 1: เริ่มต้นงาน การบันทึกและตัดต่อเสียง: การเตรียมข้อมูล เครื่องมือ และเงื่อนไขก่อนทำ,ขั้นตอนการทำงาน 2: ขั้นดำเนินงานหลักของ การบันทึกและตัดต่อเสียง พร้อมจุดตรวจสอบระหว่างทาง,ขั้นตอนการทำงาน 3: ขั้นตรวจผล บันทึกผล และส่งมอบงานของ การบันทึกและตัดต่อเสียง,ตัวอย่างที่ถูกต้อง: ตัวอย่างการประยุกต์ การบันทึกและตัดต่อเสียง ที่ถูกต้อง พร้อมอธิบายเหตุผลทีละส่วน,ตัวอย่างที่ผิดและเหตุผล: ตัวอย่างข้อผิดพลาดของ การบันทึกและตัดต่อเสียง วิเคราะห์สาเหตุและผลกระทบ,สาธิต/กรณีตัวอย่าง: กรณีศึกษาจากสถานการณ์จริงหรือจำลองเกี่ยวกับ การบันทึกและตัดต่อเสียง,ข้อผิดพลาดที่พบบ่อย: รวบรวม Common Mistake ของ การบันทึกและตัดต่อเสียง และสัญญาณที่ใช้สังเกต,แนวทางแก้ปัญหา: Troubleshooting แบบเป็นลำดับสำหรับปัญหาที่เกิดระหว่างทำ การบันทึกและตัดต่อเสียง,ความปลอดภัย/จริยธรรม: ข้อควรระวัง ความปลอดภัย กฎหมาย หรือจริยธรรมที่เกี่ยวข้องกับ การบันทึกและตัดต่อเสียง,ภารกิจฝึกปฏิบัติ: กิจกรรมลงมือทำเกี่ยวกับ การบันทึกและตัดต่อเสียง ให้ผู้เรียนสร้างหลักฐานผลงาน,ใบงานประจำหน่วย: อธิบายใบงานของหน่วย การบันทึกและตัดต่อเสียง: เป้าหมาย งานที่ต้องส่ง รูปแบบ และกำหนดตรวจ,เกณฑ์ประเมินและสรุป: Rubric ประเมินความถูกต้อง กระบวนการ คุณภาพงาน และสรุป Key Takeaway ของ การบันทึกและตัดต่อเสียง,คำถามทบทวนและคิดวิเคราะห์: คำถามทบทวน 3–5 ข้อและคำถามคิดวิเคราะห์ที่เชื่อม การบันทึกและตัดต่อเสียง กับสถานการณ์จริง
31910-2018,การผลิตสื่อมัลติมีเดียสำหรับธุรกิจดิจิทัล,9,หลักวิดีโอ,1) อธิบาย หลักวิดีโอ ได้ 2) วิเคราะห์/เลือกวิธีที่เหมาะสมได้ 3) ปฏิบัติงานหรือสร้างชิ้นงานเกี่ยวกับ หลักวิดีโอ ได้ 4) ตรวจสอบและสะท้อนผลการทำงานได้,ใบงานหน่วยที่ 9: หลักวิดีโอ,ภารกิจ 1 อธิบายแนวคิดหลักของ หลักวิดีโอ; ภารกิจ 2 วิเคราะห์ตัวอย่าง; ภารกิจ 3 ลงมือปฏิบัติ/สร้างชิ้นงาน; ภารกิจ 4 ตรวจข้อผิดพลาด; ภารกิจ 5 สรุปสิ่งที่เรียนรู้และแนบหลักฐาน,ชื่อหน่วยและภาพรวม: อธิบายภาพรวมของ หลักวิดีโอ และความเชื่อมโยงกับรายวิชา การผลิตสื่อมัลติมีเดียสำหรับธุรกิจดิจิทัล,ผลลัพธ์การเรียนรู้: ผู้เรียนอธิบายหลักการ วิเคราะห์ตัวอย่าง และปฏิบัติงานเกี่ยวกับ หลักวิดีโอ ได้ตามเกณฑ์,ความรู้เดิมที่ต้องใช้: ทบทวนความรู้พื้นฐานที่จำเป็นก่อนเรียน หลักวิดีโอ พร้อมคำถามตรวจความพร้อม,คำศัพท์สำคัญ: รวบรวมคำศัพท์หลักของ หลักวิดีโอ พร้อมความหมายและการใช้งานจริง,ความหมายและขอบเขต: นิยาม หลักวิดีโอ ขอบเขตงาน และสิ่งที่อยู่/ไม่อยู่ในขอบเขต,หลักการสำคัญ: แจกแจงหลักการสำคัญของ หลักวิดีโอ เป็นข้อ ๆ พร้อมเหตุผล,องค์ประกอบ/โครงสร้าง: แสดงองค์ประกอบหลัก ความสัมพันธ์ และลำดับการทำงานของ หลักวิดีโอ,ขั้นตอนการทำงาน 1: เริ่มต้นงาน หลักวิดีโอ: การเตรียมข้อมูล เครื่องมือ และเงื่อนไขก่อนทำ,ขั้นตอนการทำงาน 2: ขั้นดำเนินงานหลักของ หลักวิดีโอ พร้อมจุดตรวจสอบระหว่างทาง,ขั้นตอนการทำงาน 3: ขั้นตรวจผล บันทึกผล และส่งมอบงานของ หลักวิดีโอ,ตัวอย่างที่ถูกต้อง: ตัวอย่างการประยุกต์ หลักวิดีโอ ที่ถูกต้อง พร้อมอธิบายเหตุผลทีละส่วน,ตัวอย่างที่ผิดและเหตุผล: ตัวอย่างข้อผิดพลาดของ หลักวิดีโอ วิเคราะห์สาเหตุและผลกระทบ,สาธิต/กรณีตัวอย่าง: กรณีศึกษาจากสถานการณ์จริงหรือจำลองเกี่ยวกับ หลักวิดีโอ,ข้อผิดพลาดที่พบบ่อย: รวบรวม Common Mistake ของ หลักวิดีโอ และสัญญาณที่ใช้สังเกต,แนวทางแก้ปัญหา: Troubleshooting แบบเป็นลำดับสำหรับปัญหาที่เกิดระหว่างทำ หลักวิดีโอ,ความปลอดภัย/จริยธรรม: ข้อควรระวัง ความปลอดภัย กฎหมาย หรือจริยธรรมที่เกี่ยวข้องกับ หลักวิดีโอ,ภารกิจฝึกปฏิบัติ: กิจกรรมลงมือทำเกี่ยวกับ หลักวิดีโอ ให้ผู้เรียนสร้างหลักฐานผลงาน,ใบงานประจำหน่วย: อธิบายใบงานของหน่วย หลักวิดีโอ: เป้าหมาย งานที่ต้องส่ง รูปแบบ และกำหนดตรวจ,เกณฑ์ประเมินและสรุป: Rubric ประเมินความถูกต้อง กระบวนการ คุณภาพงาน และสรุป Key Takeaway ของ หลักวิดีโอ,คำถามทบทวนและคิดวิเคราะห์: คำถามทบทวน 3–5 ข้อและคำถามคิดวิเคราะห์ที่เชื่อม หลักวิดีโอ กับสถานการณ์จริง
31910-2018,การผลิตสื่อมัลติมีเดียสำหรับธุรกิจดิจิทัล,10,การถ่ายวิดีโอ,1) อธิบาย การถ่ายวิดีโอ ได้ 2) วิเคราะห์/เลือกวิธีที่เหมาะสมได้ 3) ปฏิบัติงานหรือสร้างชิ้นงานเกี่ยวกับ การถ่ายวิดีโอ ได้ 4) ตรวจสอบและสะท้อนผลการทำงานได้,ใบงานหน่วยที่ 10: การถ่ายวิดีโอ,ภารกิจ 1 อธิบายแนวคิดหลักของ การถ่ายวิดีโอ; ภารกิจ 2 วิเคราะห์ตัวอย่าง; ภารกิจ 3 ลงมือปฏิบัติ/สร้างชิ้นงาน; ภารกิจ 4 ตรวจข้อผิดพลาด; ภารกิจ 5 สรุปสิ่งที่เรียนรู้และแนบหลักฐาน,ชื่อหน่วยและภาพรวม: อธิบายภาพรวมของ การถ่ายวิดีโอ และความเชื่อมโยงกับรายวิชา การผลิตสื่อมัลติมีเดียสำหรับธุรกิจดิจิทัล,ผลลัพธ์การเรียนรู้: ผู้เรียนอธิบายหลักการ วิเคราะห์ตัวอย่าง และปฏิบัติงานเกี่ยวกับ การถ่ายวิดีโอ ได้ตามเกณฑ์,ความรู้เดิมที่ต้องใช้: ทบทวนความรู้พื้นฐานที่จำเป็นก่อนเรียน การถ่ายวิดีโอ พร้อมคำถามตรวจความพร้อม,คำศัพท์สำคัญ: รวบรวมคำศัพท์หลักของ การถ่ายวิดีโอ พร้อมความหมายและการใช้งานจริง,ความหมายและขอบเขต: นิยาม การถ่ายวิดีโอ ขอบเขตงาน และสิ่งที่อยู่/ไม่อยู่ในขอบเขต,หลักการสำคัญ: แจกแจงหลักการสำคัญของ การถ่ายวิดีโอ เป็นข้อ ๆ พร้อมเหตุผล,องค์ประกอบ/โครงสร้าง: แสดงองค์ประกอบหลัก ความสัมพันธ์ และลำดับการทำงานของ การถ่ายวิดีโอ,ขั้นตอนการทำงาน 1: เริ่มต้นงาน การถ่ายวิดีโอ: การเตรียมข้อมูล เครื่องมือ และเงื่อนไขก่อนทำ,ขั้นตอนการทำงาน 2: ขั้นดำเนินงานหลักของ การถ่ายวิดีโอ พร้อมจุดตรวจสอบระหว่างทาง,ขั้นตอนการทำงาน 3: ขั้นตรวจผล บันทึกผล และส่งมอบงานของ การถ่ายวิดีโอ,ตัวอย่างที่ถูกต้อง: ตัวอย่างการประยุกต์ การถ่ายวิดีโอ ที่ถูกต้อง พร้อมอธิบายเหตุผลทีละส่วน,ตัวอย่างที่ผิดและเหตุผล: ตัวอย่างข้อผิดพลาดของ การถ่ายวิดีโอ วิเคราะห์สาเหตุและผลกระทบ,สาธิต/กรณีตัวอย่าง: กรณีศึกษาจากสถานการณ์จริงหรือจำลองเกี่ยวกับ การถ่ายวิดีโอ,ข้อผิดพลาดที่พบบ่อย: รวบรวม Common Mistake ของ การถ่ายวิดีโอ และสัญญาณที่ใช้สังเกต,แนวทางแก้ปัญหา: Troubleshooting แบบเป็นลำดับสำหรับปัญหาที่เกิดระหว่างทำ การถ่ายวิดีโอ,ความปลอดภัย/จริยธรรม: ข้อควรระวัง ความปลอดภัย กฎหมาย หรือจริยธรรมที่เกี่ยวข้องกับ การถ่ายวิดีโอ,ภารกิจฝึกปฏิบัติ: กิจกรรมลงมือทำเกี่ยวกับ การถ่ายวิดีโอ ให้ผู้เรียนสร้างหลักฐานผลงาน,ใบงานประจำหน่วย: อธิบายใบงานของหน่วย การถ่ายวิดีโอ: เป้าหมาย งานที่ต้องส่ง รูปแบบ และกำหนดตรวจ,เกณฑ์ประเมินและสรุป: Rubric ประเมินความถูกต้อง กระบวนการ คุณภาพงาน และสรุป Key Takeaway ของ การถ่ายวิดีโอ,คำถามทบทวนและคิดวิเคราะห์: คำถามทบทวน 3–5 ข้อและคำถามคิดวิเคราะห์ที่เชื่อม การถ่ายวิดีโอ กับสถานการณ์จริง
31910-2018,การผลิตสื่อมัลติมีเดียสำหรับธุรกิจดิจิทัล,11,การตัดต่อวิดีโอ,1) อธิบาย การตัดต่อวิดีโอ ได้ 2) วิเคราะห์/เลือกวิธีที่เหมาะสมได้ 3) ปฏิบัติงานหรือสร้างชิ้นงานเกี่ยวกับ การตัดต่อวิดีโอ ได้ 4) ตรวจสอบและสะท้อนผลการทำงานได้,ใบงานหน่วยที่ 11: การตัดต่อวิดีโอ,ภารกิจ 1 อธิบายแนวคิดหลักของ การตัดต่อวิดีโอ; ภารกิจ 2 วิเคราะห์ตัวอย่าง; ภารกิจ 3 ลงมือปฏิบัติ/สร้างชิ้นงาน; ภารกิจ 4 ตรวจข้อผิดพลาด; ภารกิจ 5 สรุปสิ่งที่เรียนรู้และแนบหลักฐาน,ชื่อหน่วยและภาพรวม: อธิบายภาพรวมของ การตัดต่อวิดีโอ และความเชื่อมโยงกับรายวิชา การผลิตสื่อมัลติมีเดียสำหรับธุรกิจดิจิทัล,ผลลัพธ์การเรียนรู้: ผู้เรียนอธิบายหลักการ วิเคราะห์ตัวอย่าง และปฏิบัติงานเกี่ยวกับ การตัดต่อวิดีโอ ได้ตามเกณฑ์,ความรู้เดิมที่ต้องใช้: ทบทวนความรู้พื้นฐานที่จำเป็นก่อนเรียน การตัดต่อวิดีโอ พร้อมคำถามตรวจความพร้อม,คำศัพท์สำคัญ: รวบรวมคำศัพท์หลักของ การตัดต่อวิดีโอ พร้อมความหมายและการใช้งานจริง,ความหมายและขอบเขต: นิยาม การตัดต่อวิดีโอ ขอบเขตงาน และสิ่งที่อยู่/ไม่อยู่ในขอบเขต,หลักการสำคัญ: แจกแจงหลักการสำคัญของ การตัดต่อวิดีโอ เป็นข้อ ๆ พร้อมเหตุผล,องค์ประกอบ/โครงสร้าง: แสดงองค์ประกอบหลัก ความสัมพันธ์ และลำดับการทำงานของ การตัดต่อวิดีโอ,ขั้นตอนการทำงาน 1: เริ่มต้นงาน การตัดต่อวิดีโอ: การเตรียมข้อมูล เครื่องมือ และเงื่อนไขก่อนทำ,ขั้นตอนการทำงาน 2: ขั้นดำเนินงานหลักของ การตัดต่อวิดีโอ พร้อมจุดตรวจสอบระหว่างทาง,ขั้นตอนการทำงาน 3: ขั้นตรวจผล บันทึกผล และส่งมอบงานของ การตัดต่อวิดีโอ,ตัวอย่างที่ถูกต้อง: ตัวอย่างการประยุกต์ การตัดต่อวิดีโอ ที่ถูกต้อง พร้อมอธิบายเหตุผลทีละส่วน,ตัวอย่างที่ผิดและเหตุผล: ตัวอย่างข้อผิดพลาดของ การตัดต่อวิดีโอ วิเคราะห์สาเหตุและผลกระทบ,สาธิต/กรณีตัวอย่าง: กรณีศึกษาจากสถานการณ์จริงหรือจำลองเกี่ยวกับ การตัดต่อวิดีโอ,ข้อผิดพลาดที่พบบ่อย: รวบรวม Common Mistake ของ การตัดต่อวิดีโอ และสัญญาณที่ใช้สังเกต,แนวทางแก้ปัญหา: Troubleshooting แบบเป็นลำดับสำหรับปัญหาที่เกิดระหว่างทำ การตัดต่อวิดีโอ,ความปลอดภัย/จริยธรรม: ข้อควรระวัง ความปลอดภัย กฎหมาย หรือจริยธรรมที่เกี่ยวข้องกับ การตัดต่อวิดีโอ,ภารกิจฝึกปฏิบัติ: กิจกรรมลงมือทำเกี่ยวกับ การตัดต่อวิดีโอ ให้ผู้เรียนสร้างหลักฐานผลงาน,ใบงานประจำหน่วย: อธิบายใบงานของหน่วย การตัดต่อวิดีโอ: เป้าหมาย งานที่ต้องส่ง รูปแบบ และกำหนดตรวจ,เกณฑ์ประเมินและสรุป: Rubric ประเมินความถูกต้อง กระบวนการ คุณภาพงาน และสรุป Key Takeaway ของ การตัดต่อวิดีโอ,คำถามทบทวนและคิดวิเคราะห์: คำถามทบทวน 3–5 ข้อและคำถามคิดวิเคราะห์ที่เชื่อม การตัดต่อวิดีโอ กับสถานการณ์จริง
31910-2018,การผลิตสื่อมัลติมีเดียสำหรับธุรกิจดิจิทัล,12,Motion Graphic เบื้องต้น,1) อธิบาย Motion Graphic เบื้องต้น ได้ 2) วิเคราะห์/เลือกวิธีที่เหมาะสมได้ 3) ปฏิบัติงานหรือสร้างชิ้นงานเกี่ยวกับ Motion Graphic เบื้องต้น ได้ 4) ตรวจสอบและสะท้อนผลการทำงานได้,ใบงานหน่วยที่ 12: Motion Graphic เบื้องต้น,ภารกิจ 1 อธิบายแนวคิดหลักของ Motion Graphic เบื้องต้น; ภารกิจ 2 วิเคราะห์ตัวอย่าง; ภารกิจ 3 ลงมือปฏิบัติ/สร้างชิ้นงาน; ภารกิจ 4 ตรวจข้อผิดพลาด; ภารกิจ 5 สรุปสิ่งที่เรียนรู้และแนบหลักฐาน,ชื่อหน่วยและภาพรวม: อธิบายภาพรวมของ Motion Graphic เบื้องต้น และความเชื่อมโยงกับรายวิชา การผลิตสื่อมัลติมีเดียสำหรับธุรกิจดิจิทัล,ผลลัพธ์การเรียนรู้: ผู้เรียนอธิบายหลักการ วิเคราะห์ตัวอย่าง และปฏิบัติงานเกี่ยวกับ Motion Graphic เบื้องต้น ได้ตามเกณฑ์,ความรู้เดิมที่ต้องใช้: ทบทวนความรู้พื้นฐานที่จำเป็นก่อนเรียน Motion Graphic เบื้องต้น พร้อมคำถามตรวจความพร้อม,คำศัพท์สำคัญ: รวบรวมคำศัพท์หลักของ Motion Graphic เบื้องต้น พร้อมความหมายและการใช้งานจริง,ความหมายและขอบเขต: นิยาม Motion Graphic เบื้องต้น ขอบเขตงาน และสิ่งที่อยู่/ไม่อยู่ในขอบเขต,หลักการสำคัญ: แจกแจงหลักการสำคัญของ Motion Graphic เบื้องต้น เป็นข้อ ๆ พร้อมเหตุผล,องค์ประกอบ/โครงสร้าง: แสดงองค์ประกอบหลัก ความสัมพันธ์ และลำดับการทำงานของ Motion Graphic เบื้องต้น,ขั้นตอนการทำงาน 1: เริ่มต้นงาน Motion Graphic เบื้องต้น: การเตรียมข้อมูล เครื่องมือ และเงื่อนไขก่อนทำ,ขั้นตอนการทำงาน 2: ขั้นดำเนินงานหลักของ Motion Graphic เบื้องต้น พร้อมจุดตรวจสอบระหว่างทาง,ขั้นตอนการทำงาน 3: ขั้นตรวจผล บันทึกผล และส่งมอบงานของ Motion Graphic เบื้องต้น,ตัวอย่างที่ถูกต้อง: ตัวอย่างการประยุกต์ Motion Graphic เบื้องต้น ที่ถูกต้อง พร้อมอธิบายเหตุผลทีละส่วน,ตัวอย่างที่ผิดและเหตุผล: ตัวอย่างข้อผิดพลาดของ Motion Graphic เบื้องต้น วิเคราะห์สาเหตุและผลกระทบ,สาธิต/กรณีตัวอย่าง: กรณีศึกษาจากสถานการณ์จริงหรือจำลองเกี่ยวกับ Motion Graphic เบื้องต้น,ข้อผิดพลาดที่พบบ่อย: รวบรวม Common Mistake ของ Motion Graphic เบื้องต้น และสัญญาณที่ใช้สังเกต,แนวทางแก้ปัญหา: Troubleshooting แบบเป็นลำดับสำหรับปัญหาที่เกิดระหว่างทำ Motion Graphic เบื้องต้น,ความปลอดภัย/จริยธรรม: ข้อควรระวัง ความปลอดภัย กฎหมาย หรือจริยธรรมที่เกี่ยวข้องกับ Motion Graphic เบื้องต้น,ภารกิจฝึกปฏิบัติ: กิจกรรมลงมือทำเกี่ยวกับ Motion Graphic เบื้องต้น ให้ผู้เรียนสร้างหลักฐานผลงาน,ใบงานประจำหน่วย: อธิบายใบงานของหน่วย Motion Graphic เบื้องต้น: เป้าหมาย งานที่ต้องส่ง รูปแบบ และกำหนดตรวจ,เกณฑ์ประเมินและสรุป: Rubric ประเมินความถูกต้อง กระบวนการ คุณภาพงาน และสรุป Key Takeaway ของ Motion Graphic เบื้องต้น,คำถามทบทวนและคิดวิเคราะห์: คำถามทบทวน 3–5 ข้อและคำถามคิดวิเคราะห์ที่เชื่อม Motion Graphic เบื้องต้น กับสถานการณ์จริง
31910-2018,การผลิตสื่อมัลติมีเดียสำหรับธุรกิจดิจิทัล,13,สื่อสำหรับ Social Media,1) อธิบาย สื่อสำหรับ Social Media ได้ 2) วิเคราะห์/เลือกวิธีที่เหมาะสมได้ 3) ปฏิบัติงานหรือสร้างชิ้นงานเกี่ยวกับ สื่อสำหรับ Social Media ได้ 4) ตรวจสอบและสะท้อนผลการทำงานได้,ใบงานหน่วยที่ 13: สื่อสำหรับ Social Media,ภารกิจ 1 อธิบายแนวคิดหลักของ สื่อสำหรับ Social Media; ภารกิจ 2 วิเคราะห์ตัวอย่าง; ภารกิจ 3 ลงมือปฏิบัติ/สร้างชิ้นงาน; ภารกิจ 4 ตรวจข้อผิดพลาด; ภารกิจ 5 สรุปสิ่งที่เรียนรู้และแนบหลักฐาน,ชื่อหน่วยและภาพรวม: อธิบายภาพรวมของ สื่อสำหรับ Social Media และความเชื่อมโยงกับรายวิชา การผลิตสื่อมัลติมีเดียสำหรับธุรกิจดิจิทัล,ผลลัพธ์การเรียนรู้: ผู้เรียนอธิบายหลักการ วิเคราะห์ตัวอย่าง และปฏิบัติงานเกี่ยวกับ สื่อสำหรับ Social Media ได้ตามเกณฑ์,ความรู้เดิมที่ต้องใช้: ทบทวนความรู้พื้นฐานที่จำเป็นก่อนเรียน สื่อสำหรับ Social Media พร้อมคำถามตรวจความพร้อม,คำศัพท์สำคัญ: รวบรวมคำศัพท์หลักของ สื่อสำหรับ Social Media พร้อมความหมายและการใช้งานจริง,ความหมายและขอบเขต: นิยาม สื่อสำหรับ Social Media ขอบเขตงาน และสิ่งที่อยู่/ไม่อยู่ในขอบเขต,หลักการสำคัญ: แจกแจงหลักการสำคัญของ สื่อสำหรับ Social Media เป็นข้อ ๆ พร้อมเหตุผล,องค์ประกอบ/โครงสร้าง: แสดงองค์ประกอบหลัก ความสัมพันธ์ และลำดับการทำงานของ สื่อสำหรับ Social Media,ขั้นตอนการทำงาน 1: เริ่มต้นงาน สื่อสำหรับ Social Media: การเตรียมข้อมูล เครื่องมือ และเงื่อนไขก่อนทำ,ขั้นตอนการทำงาน 2: ขั้นดำเนินงานหลักของ สื่อสำหรับ Social Media พร้อมจุดตรวจสอบระหว่างทาง,ขั้นตอนการทำงาน 3: ขั้นตรวจผล บันทึกผล และส่งมอบงานของ สื่อสำหรับ Social Media,ตัวอย่างที่ถูกต้อง: ตัวอย่างการประยุกต์ สื่อสำหรับ Social Media ที่ถูกต้อง พร้อมอธิบายเหตุผลทีละส่วน,ตัวอย่างที่ผิดและเหตุผล: ตัวอย่างข้อผิดพลาดของ สื่อสำหรับ Social Media วิเคราะห์สาเหตุและผลกระทบ,สาธิต/กรณีตัวอย่าง: กรณีศึกษาจากสถานการณ์จริงหรือจำลองเกี่ยวกับ สื่อสำหรับ Social Media,ข้อผิดพลาดที่พบบ่อย: รวบรวม Common Mistake ของ สื่อสำหรับ Social Media และสัญญาณที่ใช้สังเกต,แนวทางแก้ปัญหา: Troubleshooting แบบเป็นลำดับสำหรับปัญหาที่เกิดระหว่างทำ สื่อสำหรับ Social Media,ความปลอดภัย/จริยธรรม: ข้อควรระวัง ความปลอดภัย กฎหมาย หรือจริยธรรมที่เกี่ยวข้องกับ สื่อสำหรับ Social Media,ภารกิจฝึกปฏิบัติ: กิจกรรมลงมือทำเกี่ยวกับ สื่อสำหรับ Social Media ให้ผู้เรียนสร้างหลักฐานผลงาน,ใบงานประจำหน่วย: อธิบายใบงานของหน่วย สื่อสำหรับ Social Media: เป้าหมาย งานที่ต้องส่ง รูปแบบ และกำหนดตรวจ,เกณฑ์ประเมินและสรุป: Rubric ประเมินความถูกต้อง กระบวนการ คุณภาพงาน และสรุป Key Takeaway ของ สื่อสำหรับ Social Media,คำถามทบทวนและคิดวิเคราะห์: คำถามทบทวน 3–5 ข้อและคำถามคิดวิเคราะห์ที่เชื่อม สื่อสำหรับ Social Media กับสถานการณ์จริง
31910-2018,การผลิตสื่อมัลติมีเดียสำหรับธุรกิจดิจิทัล,14,Branding ในสื่อดิจิทัล,1) อธิบาย Branding ในสื่อดิจิทัล ได้ 2) วิเคราะห์/เลือกวิธีที่เหมาะสมได้ 3) ปฏิบัติงานหรือสร้างชิ้นงานเกี่ยวกับ Branding ในสื่อดิจิทัล ได้ 4) ตรวจสอบและสะท้อนผลการทำงานได้,ใบงานหน่วยที่ 14: Branding ในสื่อดิจิทัล,ภารกิจ 1 อธิบายแนวคิดหลักของ Branding ในสื่อดิจิทัล; ภารกิจ 2 วิเคราะห์ตัวอย่าง; ภารกิจ 3 ลงมือปฏิบัติ/สร้างชิ้นงาน; ภารกิจ 4 ตรวจข้อผิดพลาด; ภารกิจ 5 สรุปสิ่งที่เรียนรู้และแนบหลักฐาน,ชื่อหน่วยและภาพรวม: อธิบายภาพรวมของ Branding ในสื่อดิจิทัล และความเชื่อมโยงกับรายวิชา การผลิตสื่อมัลติมีเดียสำหรับธุรกิจดิจิทัล,ผลลัพธ์การเรียนรู้: ผู้เรียนอธิบายหลักการ วิเคราะห์ตัวอย่าง และปฏิบัติงานเกี่ยวกับ Branding ในสื่อดิจิทัล ได้ตามเกณฑ์,ความรู้เดิมที่ต้องใช้: ทบทวนความรู้พื้นฐานที่จำเป็นก่อนเรียน Branding ในสื่อดิจิทัล พร้อมคำถามตรวจความพร้อม,คำศัพท์สำคัญ: รวบรวมคำศัพท์หลักของ Branding ในสื่อดิจิทัล พร้อมความหมายและการใช้งานจริง,ความหมายและขอบเขต: นิยาม Branding ในสื่อดิจิทัล ขอบเขตงาน และสิ่งที่อยู่/ไม่อยู่ในขอบเขต,หลักการสำคัญ: แจกแจงหลักการสำคัญของ Branding ในสื่อดิจิทัล เป็นข้อ ๆ พร้อมเหตุผล,องค์ประกอบ/โครงสร้าง: แสดงองค์ประกอบหลัก ความสัมพันธ์ และลำดับการทำงานของ Branding ในสื่อดิจิทัล,ขั้นตอนการทำงาน 1: เริ่มต้นงาน Branding ในสื่อดิจิทัล: การเตรียมข้อมูล เครื่องมือ และเงื่อนไขก่อนทำ,ขั้นตอนการทำงาน 2: ขั้นดำเนินงานหลักของ Branding ในสื่อดิจิทัล พร้อมจุดตรวจสอบระหว่างทาง,ขั้นตอนการทำงาน 3: ขั้นตรวจผล บันทึกผล และส่งมอบงานของ Branding ในสื่อดิจิทัล,ตัวอย่างที่ถูกต้อง: ตัวอย่างการประยุกต์ Branding ในสื่อดิจิทัล ที่ถูกต้อง พร้อมอธิบายเหตุผลทีละส่วน,ตัวอย่างที่ผิดและเหตุผล: ตัวอย่างข้อผิดพลาดของ Branding ในสื่อดิจิทัล วิเคราะห์สาเหตุและผลกระทบ,สาธิต/กรณีตัวอย่าง: กรณีศึกษาจากสถานการณ์จริงหรือจำลองเกี่ยวกับ Branding ในสื่อดิจิทัล,ข้อผิดพลาดที่พบบ่อย: รวบรวม Common Mistake ของ Branding ในสื่อดิจิทัล และสัญญาณที่ใช้สังเกต,แนวทางแก้ปัญหา: Troubleshooting แบบเป็นลำดับสำหรับปัญหาที่เกิดระหว่างทำ Branding ในสื่อดิจิทัล,ความปลอดภัย/จริยธรรม: ข้อควรระวัง ความปลอดภัย กฎหมาย หรือจริยธรรมที่เกี่ยวข้องกับ Branding ในสื่อดิจิทัล,ภารกิจฝึกปฏิบัติ: กิจกรรมลงมือทำเกี่ยวกับ Branding ในสื่อดิจิทัล ให้ผู้เรียนสร้างหลักฐานผลงาน,ใบงานประจำหน่วย: อธิบายใบงานของหน่วย Branding ในสื่อดิจิทัล: เป้าหมาย งานที่ต้องส่ง รูปแบบ และกำหนดตรวจ,เกณฑ์ประเมินและสรุป: Rubric ประเมินความถูกต้อง กระบวนการ คุณภาพงาน และสรุป Key Takeaway ของ Branding ในสื่อดิจิทัล,คำถามทบทวนและคิดวิเคราะห์: คำถามทบทวน 3–5 ข้อและคำถามคิดวิเคราะห์ที่เชื่อม Branding ในสื่อดิจิทัล กับสถานการณ์จริง
31910-2018,การผลิตสื่อมัลติมีเดียสำหรับธุรกิจดิจิทัล,15,ลิขสิทธิ์และจริยธรรม,1) อธิบาย ลิขสิทธิ์และจริยธรรม ได้ 2) วิเคราะห์/เลือกวิธีที่เหมาะสมได้ 3) ปฏิบัติงานหรือสร้างชิ้นงานเกี่ยวกับ ลิขสิทธิ์และจริยธรรม ได้ 4) ตรวจสอบและสะท้อนผลการทำงานได้,ใบงานหน่วยที่ 15: ลิขสิทธิ์และจริยธรรม,ภารกิจ 1 อธิบายแนวคิดหลักของ ลิขสิทธิ์และจริยธรรม; ภารกิจ 2 วิเคราะห์ตัวอย่าง; ภารกิจ 3 ลงมือปฏิบัติ/สร้างชิ้นงาน; ภารกิจ 4 ตรวจข้อผิดพลาด; ภารกิจ 5 สรุปสิ่งที่เรียนรู้และแนบหลักฐาน,ชื่อหน่วยและภาพรวม: อธิบายภาพรวมของ ลิขสิทธิ์และจริยธรรม และความเชื่อมโยงกับรายวิชา การผลิตสื่อมัลติมีเดียสำหรับธุรกิจดิจิทัล,ผลลัพธ์การเรียนรู้: ผู้เรียนอธิบายหลักการ วิเคราะห์ตัวอย่าง และปฏิบัติงานเกี่ยวกับ ลิขสิทธิ์และจริยธรรม ได้ตามเกณฑ์,ความรู้เดิมที่ต้องใช้: ทบทวนความรู้พื้นฐานที่จำเป็นก่อนเรียน ลิขสิทธิ์และจริยธรรม พร้อมคำถามตรวจความพร้อม,คำศัพท์สำคัญ: รวบรวมคำศัพท์หลักของ ลิขสิทธิ์และจริยธรรม พร้อมความหมายและการใช้งานจริง,ความหมายและขอบเขต: นิยาม ลิขสิทธิ์และจริยธรรม ขอบเขตงาน และสิ่งที่อยู่/ไม่อยู่ในขอบเขต,หลักการสำคัญ: แจกแจงหลักการสำคัญของ ลิขสิทธิ์และจริยธรรม เป็นข้อ ๆ พร้อมเหตุผล,องค์ประกอบ/โครงสร้าง: แสดงองค์ประกอบหลัก ความสัมพันธ์ และลำดับการทำงานของ ลิขสิทธิ์และจริยธรรม,ขั้นตอนการทำงาน 1: เริ่มต้นงาน ลิขสิทธิ์และจริยธรรม: การเตรียมข้อมูล เครื่องมือ และเงื่อนไขก่อนทำ,ขั้นตอนการทำงาน 2: ขั้นดำเนินงานหลักของ ลิขสิทธิ์และจริยธรรม พร้อมจุดตรวจสอบระหว่างทาง,ขั้นตอนการทำงาน 3: ขั้นตรวจผล บันทึกผล และส่งมอบงานของ ลิขสิทธิ์และจริยธรรม,ตัวอย่างที่ถูกต้อง: ตัวอย่างการประยุกต์ ลิขสิทธิ์และจริยธรรม ที่ถูกต้อง พร้อมอธิบายเหตุผลทีละส่วน,ตัวอย่างที่ผิดและเหตุผล: ตัวอย่างข้อผิดพลาดของ ลิขสิทธิ์และจริยธรรม วิเคราะห์สาเหตุและผลกระทบ,สาธิต/กรณีตัวอย่าง: กรณีศึกษาจากสถานการณ์จริงหรือจำลองเกี่ยวกับ ลิขสิทธิ์และจริยธรรม,ข้อผิดพลาดที่พบบ่อย: รวบรวม Common Mistake ของ ลิขสิทธิ์และจริยธรรม และสัญญาณที่ใช้สังเกต,แนวทางแก้ปัญหา: Troubleshooting แบบเป็นลำดับสำหรับปัญหาที่เกิดระหว่างทำ ลิขสิทธิ์และจริยธรรม,ความปลอดภัย/จริยธรรม: ข้อควรระวัง ความปลอดภัย กฎหมาย หรือจริยธรรมที่เกี่ยวข้องกับ ลิขสิทธิ์และจริยธรรม,ภารกิจฝึกปฏิบัติ: กิจกรรมลงมือทำเกี่ยวกับ ลิขสิทธิ์และจริยธรรม ให้ผู้เรียนสร้างหลักฐานผลงาน,ใบงานประจำหน่วย: อธิบายใบงานของหน่วย ลิขสิทธิ์และจริยธรรม: เป้าหมาย งานที่ต้องส่ง รูปแบบ และกำหนดตรวจ,เกณฑ์ประเมินและสรุป: Rubric ประเมินความถูกต้อง กระบวนการ คุณภาพงาน และสรุป Key Takeaway ของ ลิขสิทธิ์และจริยธรรม,คำถามทบทวนและคิดวิเคราะห์: คำถามทบทวน 3–5 ข้อและคำถามคิดวิเคราะห์ที่เชื่อม ลิขสิทธิ์และจริยธรรม กับสถานการณ์จริง
31910-2018,การผลิตสื่อมัลติมีเดียสำหรับธุรกิจดิจิทัล,16,การวัดผลสื่อ,1) อธิบาย การวัดผลสื่อ ได้ 2) วิเคราะห์/เลือกวิธีที่เหมาะสมได้ 3) ปฏิบัติงานหรือสร้างชิ้นงานเกี่ยวกับ การวัดผลสื่อ ได้ 4) ตรวจสอบและสะท้อนผลการทำงานได้,ใบงานหน่วยที่ 16: การวัดผลสื่อ,ภารกิจ 1 อธิบายแนวคิดหลักของ การวัดผลสื่อ; ภารกิจ 2 วิเคราะห์ตัวอย่าง; ภารกิจ 3 ลงมือปฏิบัติ/สร้างชิ้นงาน; ภารกิจ 4 ตรวจข้อผิดพลาด; ภารกิจ 5 สรุปสิ่งที่เรียนรู้และแนบหลักฐาน,ชื่อหน่วยและภาพรวม: อธิบายภาพรวมของ การวัดผลสื่อ และความเชื่อมโยงกับรายวิชา การผลิตสื่อมัลติมีเดียสำหรับธุรกิจดิจิทัล,ผลลัพธ์การเรียนรู้: ผู้เรียนอธิบายหลักการ วิเคราะห์ตัวอย่าง และปฏิบัติงานเกี่ยวกับ การวัดผลสื่อ ได้ตามเกณฑ์,ความรู้เดิมที่ต้องใช้: ทบทวนความรู้พื้นฐานที่จำเป็นก่อนเรียน การวัดผลสื่อ พร้อมคำถามตรวจความพร้อม,คำศัพท์สำคัญ: รวบรวมคำศัพท์หลักของ การวัดผลสื่อ พร้อมความหมายและการใช้งานจริง,ความหมายและขอบเขต: นิยาม การวัดผลสื่อ ขอบเขตงาน และสิ่งที่อยู่/ไม่อยู่ในขอบเขต,หลักการสำคัญ: แจกแจงหลักการสำคัญของ การวัดผลสื่อ เป็นข้อ ๆ พร้อมเหตุผล,องค์ประกอบ/โครงสร้าง: แสดงองค์ประกอบหลัก ความสัมพันธ์ และลำดับการทำงานของ การวัดผลสื่อ,ขั้นตอนการทำงาน 1: เริ่มต้นงาน การวัดผลสื่อ: การเตรียมข้อมูล เครื่องมือ และเงื่อนไขก่อนทำ,ขั้นตอนการทำงาน 2: ขั้นดำเนินงานหลักของ การวัดผลสื่อ พร้อมจุดตรวจสอบระหว่างทาง,ขั้นตอนการทำงาน 3: ขั้นตรวจผล บันทึกผล และส่งมอบงานของ การวัดผลสื่อ,ตัวอย่างที่ถูกต้อง: ตัวอย่างการประยุกต์ การวัดผลสื่อ ที่ถูกต้อง พร้อมอธิบายเหตุผลทีละส่วน,ตัวอย่างที่ผิดและเหตุผล: ตัวอย่างข้อผิดพลาดของ การวัดผลสื่อ วิเคราะห์สาเหตุและผลกระทบ,สาธิต/กรณีตัวอย่าง: กรณีศึกษาจากสถานการณ์จริงหรือจำลองเกี่ยวกับ การวัดผลสื่อ,ข้อผิดพลาดที่พบบ่อย: รวบรวม Common Mistake ของ การวัดผลสื่อ และสัญญาณที่ใช้สังเกต,แนวทางแก้ปัญหา: Troubleshooting แบบเป็นลำดับสำหรับปัญหาที่เกิดระหว่างทำ การวัดผลสื่อ,ความปลอดภัย/จริยธรรม: ข้อควรระวัง ความปลอดภัย กฎหมาย หรือจริยธรรมที่เกี่ยวข้องกับ การวัดผลสื่อ,ภารกิจฝึกปฏิบัติ: กิจกรรมลงมือทำเกี่ยวกับ การวัดผลสื่อ ให้ผู้เรียนสร้างหลักฐานผลงาน,ใบงานประจำหน่วย: อธิบายใบงานของหน่วย การวัดผลสื่อ: เป้าหมาย งานที่ต้องส่ง รูปแบบ และกำหนดตรวจ,เกณฑ์ประเมินและสรุป: Rubric ประเมินความถูกต้อง กระบวนการ คุณภาพงาน และสรุป Key Takeaway ของ การวัดผลสื่อ,คำถามทบทวนและคิดวิเคราะห์: คำถามทบทวน 3–5 ข้อและคำถามคิดวิเคราะห์ที่เชื่อม การวัดผลสื่อ กับสถานการณ์จริง
31910-2018,การผลิตสื่อมัลติมีเดียสำหรับธุรกิจดิจิทัล,17,โครงงานสื่อมัลติมีเดียธุรกิจ,1) อธิบาย โครงงานสื่อมัลติมีเดียธุรกิจ ได้ 2) วิเคราะห์/เลือกวิธีที่เหมาะสมได้ 3) ปฏิบัติงานหรือสร้างชิ้นงานเกี่ยวกับ โครงงานสื่อมัลติมีเดียธุรกิจ ได้ 4) ตรวจสอบและสะท้อนผลการทำงานได้,ใบงานหน่วยที่ 17: โครงงานสื่อมัลติมีเดียธุรกิจ,ภารกิจ 1 อธิบายแนวคิดหลักของ โครงงานสื่อมัลติมีเดียธุรกิจ; ภารกิจ 2 วิเคราะห์ตัวอย่าง; ภารกิจ 3 ลงมือปฏิบัติ/สร้างชิ้นงาน; ภารกิจ 4 ตรวจข้อผิดพลาด; ภารกิจ 5 สรุปสิ่งที่เรียนรู้และแนบหลักฐาน,ชื่อหน่วยและภาพรวม: อธิบายภาพรวมของ โครงงานสื่อมัลติมีเดียธุรกิจ และความเชื่อมโยงกับรายวิชา การผลิตสื่อมัลติมีเดียสำหรับธุรกิจดิจิทัล,ผลลัพธ์การเรียนรู้: ผู้เรียนอธิบายหลักการ วิเคราะห์ตัวอย่าง และปฏิบัติงานเกี่ยวกับ โครงงานสื่อมัลติมีเดียธุรกิจ ได้ตามเกณฑ์,ความรู้เดิมที่ต้องใช้: ทบทวนความรู้พื้นฐานที่จำเป็นก่อนเรียน โครงงานสื่อมัลติมีเดียธุรกิจ พร้อมคำถามตรวจความพร้อม,คำศัพท์สำคัญ: รวบรวมคำศัพท์หลักของ โครงงานสื่อมัลติมีเดียธุรกิจ พร้อมความหมายและการใช้งานจริง,ความหมายและขอบเขต: นิยาม โครงงานสื่อมัลติมีเดียธุรกิจ ขอบเขตงาน และสิ่งที่อยู่/ไม่อยู่ในขอบเขต,หลักการสำคัญ: แจกแจงหลักการสำคัญของ โครงงานสื่อมัลติมีเดียธุรกิจ เป็นข้อ ๆ พร้อมเหตุผล,องค์ประกอบ/โครงสร้าง: แสดงองค์ประกอบหลัก ความสัมพันธ์ และลำดับการทำงานของ โครงงานสื่อมัลติมีเดียธุรกิจ,ขั้นตอนการทำงาน 1: เริ่มต้นงาน โครงงานสื่อมัลติมีเดียธุรกิจ: การเตรียมข้อมูล เครื่องมือ และเงื่อนไขก่อนทำ,ขั้นตอนการทำงาน 2: ขั้นดำเนินงานหลักของ โครงงานสื่อมัลติมีเดียธุรกิจ พร้อมจุดตรวจสอบระหว่างทาง,ขั้นตอนการทำงาน 3: ขั้นตรวจผล บันทึกผล และส่งมอบงานของ โครงงานสื่อมัลติมีเดียธุรกิจ,ตัวอย่างที่ถูกต้อง: ตัวอย่างการประยุกต์ โครงงานสื่อมัลติมีเดียธุรกิจ ที่ถูกต้อง พร้อมอธิบายเหตุผลทีละส่วน,ตัวอย่างที่ผิดและเหตุผล: ตัวอย่างข้อผิดพลาดของ โครงงานสื่อมัลติมีเดียธุรกิจ วิเคราะห์สาเหตุและผลกระทบ,สาธิต/กรณีตัวอย่าง: กรณีศึกษาจากสถานการณ์จริงหรือจำลองเกี่ยวกับ โครงงานสื่อมัลติมีเดียธุรกิจ,ข้อผิดพลาดที่พบบ่อย: รวบรวม Common Mistake ของ โครงงานสื่อมัลติมีเดียธุรกิจ และสัญญาณที่ใช้สังเกต,แนวทางแก้ปัญหา: Troubleshooting แบบเป็นลำดับสำหรับปัญหาที่เกิดระหว่างทำ โครงงานสื่อมัลติมีเดียธุรกิจ,ความปลอดภัย/จริยธรรม: ข้อควรระวัง ความปลอดภัย กฎหมาย หรือจริยธรรมที่เกี่ยวข้องกับ โครงงานสื่อมัลติมีเดียธุรกิจ,ภารกิจฝึกปฏิบัติ: กิจกรรมลงมือทำเกี่ยวกับ โครงงานสื่อมัลติมีเดียธุรกิจ ให้ผู้เรียนสร้างหลักฐานผลงาน,ใบงานประจำหน่วย: อธิบายใบงานของหน่วย โครงงานสื่อมัลติมีเดียธุรกิจ: เป้าหมาย งานที่ต้องส่ง รูปแบบ และกำหนดตรวจ,เกณฑ์ประเมินและสรุป: Rubric ประเมินความถูกต้อง กระบวนการ คุณภาพงาน และสรุป Key Takeaway ของ โครงงานสื่อมัลติมีเดียธุรกิจ,คำถามทบทวนและคิดวิเคราะห์: คำถามทบทวน 3–5 ข้อและคำถามคิดวิเคราะห์ที่เชื่อม โครงงานสื่อมัลติมีเดียธุรกิจ กับสถานการณ์จริง
31910-2004,หลักการคิดเชิงออกแบบและนวัตกรรมธุรกิจดิจิทัล,1,แนวคิด Design Thinking,1) อธิบาย แนวคิด Design Thinking ได้ 2) วิเคราะห์/เลือกวิธีที่เหมาะสมได้ 3) ปฏิบัติงานหรือสร้างชิ้นงานเกี่ยวกับ แนวคิด Design Thinking ได้ 4) ตรวจสอบและสะท้อนผลการทำงานได้,ใบงานหน่วยที่ 1: แนวคิด Design Thinking,ภารกิจ 1 อธิบายแนวคิดหลักของ แนวคิด Design Thinking; ภารกิจ 2 วิเคราะห์ตัวอย่าง; ภารกิจ 3 ลงมือปฏิบัติ/สร้างชิ้นงาน; ภารกิจ 4 ตรวจข้อผิดพลาด; ภารกิจ 5 สรุปสิ่งที่เรียนรู้และแนบหลักฐาน,ชื่อหน่วยและภาพรวม: อธิบายภาพรวมของ แนวคิด Design Thinking และความเชื่อมโยงกับรายวิชา หลักการคิดเชิงออกแบบและนวัตกรรมธุรกิจดิจิทัล,ผลลัพธ์การเรียนรู้: ผู้เรียนอธิบายหลักการ วิเคราะห์ตัวอย่าง และปฏิบัติงานเกี่ยวกับ แนวคิด Design Thinking ได้ตามเกณฑ์,ความรู้เดิมที่ต้องใช้: ทบทวนความรู้พื้นฐานที่จำเป็นก่อนเรียน แนวคิด Design Thinking พร้อมคำถามตรวจความพร้อม,คำศัพท์สำคัญ: รวบรวมคำศัพท์หลักของ แนวคิด Design Thinking พร้อมความหมายและการใช้งานจริง,ความหมายและขอบเขต: นิยาม แนวคิด Design Thinking ขอบเขตงาน และสิ่งที่อยู่/ไม่อยู่ในขอบเขต,หลักการสำคัญ: แจกแจงหลักการสำคัญของ แนวคิด Design Thinking เป็นข้อ ๆ พร้อมเหตุผล,องค์ประกอบ/โครงสร้าง: แสดงองค์ประกอบหลัก ความสัมพันธ์ และลำดับการทำงานของ แนวคิด Design Thinking,ขั้นตอนการทำงาน 1: เริ่มต้นงาน แนวคิด Design Thinking: การเตรียมข้อมูล เครื่องมือ และเงื่อนไขก่อนทำ,ขั้นตอนการทำงาน 2: ขั้นดำเนินงานหลักของ แนวคิด Design Thinking พร้อมจุดตรวจสอบระหว่างทาง,ขั้นตอนการทำงาน 3: ขั้นตรวจผล บันทึกผล และส่งมอบงานของ แนวคิด Design Thinking,ตัวอย่างที่ถูกต้อง: ตัวอย่างการประยุกต์ แนวคิด Design Thinking ที่ถูกต้อง พร้อมอธิบายเหตุผลทีละส่วน,ตัวอย่างที่ผิดและเหตุผล: ตัวอย่างข้อผิดพลาดของ แนวคิด Design Thinking วิเคราะห์สาเหตุและผลกระทบ,สาธิต/กรณีตัวอย่าง: กรณีศึกษาจากสถานการณ์จริงหรือจำลองเกี่ยวกับ แนวคิด Design Thinking,ข้อผิดพลาดที่พบบ่อย: รวบรวม Common Mistake ของ แนวคิด Design Thinking และสัญญาณที่ใช้สังเกต,แนวทางแก้ปัญหา: Troubleshooting แบบเป็นลำดับสำหรับปัญหาที่เกิดระหว่างทำ แนวคิด Design Thinking,ความปลอดภัย/จริยธรรม: ข้อควรระวัง ความปลอดภัย กฎหมาย หรือจริยธรรมที่เกี่ยวข้องกับ แนวคิด Design Thinking,ภารกิจฝึกปฏิบัติ: กิจกรรมลงมือทำเกี่ยวกับ แนวคิด Design Thinking ให้ผู้เรียนสร้างหลักฐานผลงาน,ใบงานประจำหน่วย: อธิบายใบงานของหน่วย แนวคิด Design Thinking: เป้าหมาย งานที่ต้องส่ง รูปแบบ และกำหนดตรวจ,เกณฑ์ประเมินและสรุป: Rubric ประเมินความถูกต้อง กระบวนการ คุณภาพงาน และสรุป Key Takeaway ของ แนวคิด Design Thinking,คำถามทบทวนและคิดวิเคราะห์: คำถามทบทวน 3–5 ข้อและคำถามคิดวิเคราะห์ที่เชื่อม แนวคิด Design Thinking กับสถานการณ์จริง
31910-2004,หลักการคิดเชิงออกแบบและนวัตกรรมธุรกิจดิจิทัล,2,Empathize,1) อธิบาย Empathize ได้ 2) วิเคราะห์/เลือกวิธีที่เหมาะสมได้ 3) ปฏิบัติงานหรือสร้างชิ้นงานเกี่ยวกับ Empathize ได้ 4) ตรวจสอบและสะท้อนผลการทำงานได้,ใบงานหน่วยที่ 2: Empathize,ภารกิจ 1 อธิบายแนวคิดหลักของ Empathize; ภารกิจ 2 วิเคราะห์ตัวอย่าง; ภารกิจ 3 ลงมือปฏิบัติ/สร้างชิ้นงาน; ภารกิจ 4 ตรวจข้อผิดพลาด; ภารกิจ 5 สรุปสิ่งที่เรียนรู้และแนบหลักฐาน,ชื่อหน่วยและภาพรวม: อธิบายภาพรวมของ Empathize และความเชื่อมโยงกับรายวิชา หลักการคิดเชิงออกแบบและนวัตกรรมธุรกิจดิจิทัล,ผลลัพธ์การเรียนรู้: ผู้เรียนอธิบายหลักการ วิเคราะห์ตัวอย่าง และปฏิบัติงานเกี่ยวกับ Empathize ได้ตามเกณฑ์,ความรู้เดิมที่ต้องใช้: ทบทวนความรู้พื้นฐานที่จำเป็นก่อนเรียน Empathize พร้อมคำถามตรวจความพร้อม,คำศัพท์สำคัญ: รวบรวมคำศัพท์หลักของ Empathize พร้อมความหมายและการใช้งานจริง,ความหมายและขอบเขต: นิยาม Empathize ขอบเขตงาน และสิ่งที่อยู่/ไม่อยู่ในขอบเขต,หลักการสำคัญ: แจกแจงหลักการสำคัญของ Empathize เป็นข้อ ๆ พร้อมเหตุผล,องค์ประกอบ/โครงสร้าง: แสดงองค์ประกอบหลัก ความสัมพันธ์ และลำดับการทำงานของ Empathize,ขั้นตอนการทำงาน 1: เริ่มต้นงาน Empathize: การเตรียมข้อมูล เครื่องมือ และเงื่อนไขก่อนทำ,ขั้นตอนการทำงาน 2: ขั้นดำเนินงานหลักของ Empathize พร้อมจุดตรวจสอบระหว่างทาง,ขั้นตอนการทำงาน 3: ขั้นตรวจผล บันทึกผล และส่งมอบงานของ Empathize,ตัวอย่างที่ถูกต้อง: ตัวอย่างการประยุกต์ Empathize ที่ถูกต้อง พร้อมอธิบายเหตุผลทีละส่วน,ตัวอย่างที่ผิดและเหตุผล: ตัวอย่างข้อผิดพลาดของ Empathize วิเคราะห์สาเหตุและผลกระทบ,สาธิต/กรณีตัวอย่าง: กรณีศึกษาจากสถานการณ์จริงหรือจำลองเกี่ยวกับ Empathize,ข้อผิดพลาดที่พบบ่อย: รวบรวม Common Mistake ของ Empathize และสัญญาณที่ใช้สังเกต,แนวทางแก้ปัญหา: Troubleshooting แบบเป็นลำดับสำหรับปัญหาที่เกิดระหว่างทำ Empathize,ความปลอดภัย/จริยธรรม: ข้อควรระวัง ความปลอดภัย กฎหมาย หรือจริยธรรมที่เกี่ยวข้องกับ Empathize,ภารกิจฝึกปฏิบัติ: กิจกรรมลงมือทำเกี่ยวกับ Empathize ให้ผู้เรียนสร้างหลักฐานผลงาน,ใบงานประจำหน่วย: อธิบายใบงานของหน่วย Empathize: เป้าหมาย งานที่ต้องส่ง รูปแบบ และกำหนดตรวจ,เกณฑ์ประเมินและสรุป: Rubric ประเมินความถูกต้อง กระบวนการ คุณภาพงาน และสรุป Key Takeaway ของ Empathize,คำถามทบทวนและคิดวิเคราะห์: คำถามทบทวน 3–5 ข้อและคำถามคิดวิเคราะห์ที่เชื่อม Empathize กับสถานการณ์จริง
31910-2004,หลักการคิดเชิงออกแบบและนวัตกรรมธุรกิจดิจิทัล,3,การเก็บ Insight,1) อธิบาย การเก็บ Insight ได้ 2) วิเคราะห์/เลือกวิธีที่เหมาะสมได้ 3) ปฏิบัติงานหรือสร้างชิ้นงานเกี่ยวกับ การเก็บ Insight ได้ 4) ตรวจสอบและสะท้อนผลการทำงานได้,ใบงานหน่วยที่ 3: การเก็บ Insight,ภารกิจ 1 อธิบายแนวคิดหลักของ การเก็บ Insight; ภารกิจ 2 วิเคราะห์ตัวอย่าง; ภารกิจ 3 ลงมือปฏิบัติ/สร้างชิ้นงาน; ภารกิจ 4 ตรวจข้อผิดพลาด; ภารกิจ 5 สรุปสิ่งที่เรียนรู้และแนบหลักฐาน,ชื่อหน่วยและภาพรวม: อธิบายภาพรวมของ การเก็บ Insight และความเชื่อมโยงกับรายวิชา หลักการคิดเชิงออกแบบและนวัตกรรมธุรกิจดิจิทัล,ผลลัพธ์การเรียนรู้: ผู้เรียนอธิบายหลักการ วิเคราะห์ตัวอย่าง และปฏิบัติงานเกี่ยวกับ การเก็บ Insight ได้ตามเกณฑ์,ความรู้เดิมที่ต้องใช้: ทบทวนความรู้พื้นฐานที่จำเป็นก่อนเรียน การเก็บ Insight พร้อมคำถามตรวจความพร้อม,คำศัพท์สำคัญ: รวบรวมคำศัพท์หลักของ การเก็บ Insight พร้อมความหมายและการใช้งานจริง,ความหมายและขอบเขต: นิยาม การเก็บ Insight ขอบเขตงาน และสิ่งที่อยู่/ไม่อยู่ในขอบเขต,หลักการสำคัญ: แจกแจงหลักการสำคัญของ การเก็บ Insight เป็นข้อ ๆ พร้อมเหตุผล,องค์ประกอบ/โครงสร้าง: แสดงองค์ประกอบหลัก ความสัมพันธ์ และลำดับการทำงานของ การเก็บ Insight,ขั้นตอนการทำงาน 1: เริ่มต้นงาน การเก็บ Insight: การเตรียมข้อมูล เครื่องมือ และเงื่อนไขก่อนทำ,ขั้นตอนการทำงาน 2: ขั้นดำเนินงานหลักของ การเก็บ Insight พร้อมจุดตรวจสอบระหว่างทาง,ขั้นตอนการทำงาน 3: ขั้นตรวจผล บันทึกผล และส่งมอบงานของ การเก็บ Insight,ตัวอย่างที่ถูกต้อง: ตัวอย่างการประยุกต์ การเก็บ Insight ที่ถูกต้อง พร้อมอธิบายเหตุผลทีละส่วน,ตัวอย่างที่ผิดและเหตุผล: ตัวอย่างข้อผิดพลาดของ การเก็บ Insight วิเคราะห์สาเหตุและผลกระทบ,สาธิต/กรณีตัวอย่าง: กรณีศึกษาจากสถานการณ์จริงหรือจำลองเกี่ยวกับ การเก็บ Insight,ข้อผิดพลาดที่พบบ่อย: รวบรวม Common Mistake ของ การเก็บ Insight และสัญญาณที่ใช้สังเกต,แนวทางแก้ปัญหา: Troubleshooting แบบเป็นลำดับสำหรับปัญหาที่เกิดระหว่างทำ การเก็บ Insight,ความปลอดภัย/จริยธรรม: ข้อควรระวัง ความปลอดภัย กฎหมาย หรือจริยธรรมที่เกี่ยวข้องกับ การเก็บ Insight,ภารกิจฝึกปฏิบัติ: กิจกรรมลงมือทำเกี่ยวกับ การเก็บ Insight ให้ผู้เรียนสร้างหลักฐานผลงาน,ใบงานประจำหน่วย: อธิบายใบงานของหน่วย การเก็บ Insight: เป้าหมาย งานที่ต้องส่ง รูปแบบ และกำหนดตรวจ,เกณฑ์ประเมินและสรุป: Rubric ประเมินความถูกต้อง กระบวนการ คุณภาพงาน และสรุป Key Takeaway ของ การเก็บ Insight,คำถามทบทวนและคิดวิเคราะห์: คำถามทบทวน 3–5 ข้อและคำถามคิดวิเคราะห์ที่เชื่อม การเก็บ Insight กับสถานการณ์จริง
31910-2004,หลักการคิดเชิงออกแบบและนวัตกรรมธุรกิจดิจิทัล,4,Define Problem,1) อธิบาย Define Problem ได้ 2) วิเคราะห์/เลือกวิธีที่เหมาะสมได้ 3) ปฏิบัติงานหรือสร้างชิ้นงานเกี่ยวกับ Define Problem ได้ 4) ตรวจสอบและสะท้อนผลการทำงานได้,ใบงานหน่วยที่ 4: Define Problem,ภารกิจ 1 อธิบายแนวคิดหลักของ Define Problem; ภารกิจ 2 วิเคราะห์ตัวอย่าง; ภารกิจ 3 ลงมือปฏิบัติ/สร้างชิ้นงาน; ภารกิจ 4 ตรวจข้อผิดพลาด; ภารกิจ 5 สรุปสิ่งที่เรียนรู้และแนบหลักฐาน,ชื่อหน่วยและภาพรวม: อธิบายภาพรวมของ Define Problem และความเชื่อมโยงกับรายวิชา หลักการคิดเชิงออกแบบและนวัตกรรมธุรกิจดิจิทัล,ผลลัพธ์การเรียนรู้: ผู้เรียนอธิบายหลักการ วิเคราะห์ตัวอย่าง และปฏิบัติงานเกี่ยวกับ Define Problem ได้ตามเกณฑ์,ความรู้เดิมที่ต้องใช้: ทบทวนความรู้พื้นฐานที่จำเป็นก่อนเรียน Define Problem พร้อมคำถามตรวจความพร้อม,คำศัพท์สำคัญ: รวบรวมคำศัพท์หลักของ Define Problem พร้อมความหมายและการใช้งานจริง,ความหมายและขอบเขต: นิยาม Define Problem ขอบเขตงาน และสิ่งที่อยู่/ไม่อยู่ในขอบเขต,หลักการสำคัญ: แจกแจงหลักการสำคัญของ Define Problem เป็นข้อ ๆ พร้อมเหตุผล,องค์ประกอบ/โครงสร้าง: แสดงองค์ประกอบหลัก ความสัมพันธ์ และลำดับการทำงานของ Define Problem,ขั้นตอนการทำงาน 1: เริ่มต้นงาน Define Problem: การเตรียมข้อมูล เครื่องมือ และเงื่อนไขก่อนทำ,ขั้นตอนการทำงาน 2: ขั้นดำเนินงานหลักของ Define Problem พร้อมจุดตรวจสอบระหว่างทาง,ขั้นตอนการทำงาน 3: ขั้นตรวจผล บันทึกผล และส่งมอบงานของ Define Problem,ตัวอย่างที่ถูกต้อง: ตัวอย่างการประยุกต์ Define Problem ที่ถูกต้อง พร้อมอธิบายเหตุผลทีละส่วน,ตัวอย่างที่ผิดและเหตุผล: ตัวอย่างข้อผิดพลาดของ Define Problem วิเคราะห์สาเหตุและผลกระทบ,สาธิต/กรณีตัวอย่าง: กรณีศึกษาจากสถานการณ์จริงหรือจำลองเกี่ยวกับ Define Problem,ข้อผิดพลาดที่พบบ่อย: รวบรวม Common Mistake ของ Define Problem และสัญญาณที่ใช้สังเกต,แนวทางแก้ปัญหา: Troubleshooting แบบเป็นลำดับสำหรับปัญหาที่เกิดระหว่างทำ Define Problem,ความปลอดภัย/จริยธรรม: ข้อควรระวัง ความปลอดภัย กฎหมาย หรือจริยธรรมที่เกี่ยวข้องกับ Define Problem,ภารกิจฝึกปฏิบัติ: กิจกรรมลงมือทำเกี่ยวกับ Define Problem ให้ผู้เรียนสร้างหลักฐานผลงาน,ใบงานประจำหน่วย: อธิบายใบงานของหน่วย Define Problem: เป้าหมาย งานที่ต้องส่ง รูปแบบ และกำหนดตรวจ,เกณฑ์ประเมินและสรุป: Rubric ประเมินความถูกต้อง กระบวนการ คุณภาพงาน และสรุป Key Takeaway ของ Define Problem,คำถามทบทวนและคิดวิเคราะห์: คำถามทบทวน 3–5 ข้อและคำถามคิดวิเคราะห์ที่เชื่อม Define Problem กับสถานการณ์จริง
31910-2004,หลักการคิดเชิงออกแบบและนวัตกรรมธุรกิจดิจิทัล,5,How Might We,1) อธิบาย How Might We ได้ 2) วิเคราะห์/เลือกวิธีที่เหมาะสมได้ 3) ปฏิบัติงานหรือสร้างชิ้นงานเกี่ยวกับ How Might We ได้ 4) ตรวจสอบและสะท้อนผลการทำงานได้,ใบงานหน่วยที่ 5: How Might We,ภารกิจ 1 อธิบายแนวคิดหลักของ How Might We; ภารกิจ 2 วิเคราะห์ตัวอย่าง; ภารกิจ 3 ลงมือปฏิบัติ/สร้างชิ้นงาน; ภารกิจ 4 ตรวจข้อผิดพลาด; ภารกิจ 5 สรุปสิ่งที่เรียนรู้และแนบหลักฐาน,ชื่อหน่วยและภาพรวม: อธิบายภาพรวมของ How Might We และความเชื่อมโยงกับรายวิชา หลักการคิดเชิงออกแบบและนวัตกรรมธุรกิจดิจิทัล,ผลลัพธ์การเรียนรู้: ผู้เรียนอธิบายหลักการ วิเคราะห์ตัวอย่าง และปฏิบัติงานเกี่ยวกับ How Might We ได้ตามเกณฑ์,ความรู้เดิมที่ต้องใช้: ทบทวนความรู้พื้นฐานที่จำเป็นก่อนเรียน How Might We พร้อมคำถามตรวจความพร้อม,คำศัพท์สำคัญ: รวบรวมคำศัพท์หลักของ How Might We พร้อมความหมายและการใช้งานจริง,ความหมายและขอบเขต: นิยาม How Might We ขอบเขตงาน และสิ่งที่อยู่/ไม่อยู่ในขอบเขต,หลักการสำคัญ: แจกแจงหลักการสำคัญของ How Might We เป็นข้อ ๆ พร้อมเหตุผล,องค์ประกอบ/โครงสร้าง: แสดงองค์ประกอบหลัก ความสัมพันธ์ และลำดับการทำงานของ How Might We,ขั้นตอนการทำงาน 1: เริ่มต้นงาน How Might We: การเตรียมข้อมูล เครื่องมือ และเงื่อนไขก่อนทำ,ขั้นตอนการทำงาน 2: ขั้นดำเนินงานหลักของ How Might We พร้อมจุดตรวจสอบระหว่างทาง,ขั้นตอนการทำงาน 3: ขั้นตรวจผล บันทึกผล และส่งมอบงานของ How Might We,ตัวอย่างที่ถูกต้อง: ตัวอย่างการประยุกต์ How Might We ที่ถูกต้อง พร้อมอธิบายเหตุผลทีละส่วน,ตัวอย่างที่ผิดและเหตุผล: ตัวอย่างข้อผิดพลาดของ How Might We วิเคราะห์สาเหตุและผลกระทบ,สาธิต/กรณีตัวอย่าง: กรณีศึกษาจากสถานการณ์จริงหรือจำลองเกี่ยวกับ How Might We,ข้อผิดพลาดที่พบบ่อย: รวบรวม Common Mistake ของ How Might We และสัญญาณที่ใช้สังเกต,แนวทางแก้ปัญหา: Troubleshooting แบบเป็นลำดับสำหรับปัญหาที่เกิดระหว่างทำ How Might We,ความปลอดภัย/จริยธรรม: ข้อควรระวัง ความปลอดภัย กฎหมาย หรือจริยธรรมที่เกี่ยวข้องกับ How Might We,ภารกิจฝึกปฏิบัติ: กิจกรรมลงมือทำเกี่ยวกับ How Might We ให้ผู้เรียนสร้างหลักฐานผลงาน,ใบงานประจำหน่วย: อธิบายใบงานของหน่วย How Might We: เป้าหมาย งานที่ต้องส่ง รูปแบบ และกำหนดตรวจ,เกณฑ์ประเมินและสรุป: Rubric ประเมินความถูกต้อง กระบวนการ คุณภาพงาน และสรุป Key Takeaway ของ How Might We,คำถามทบทวนและคิดวิเคราะห์: คำถามทบทวน 3–5 ข้อและคำถามคิดวิเคราะห์ที่เชื่อม How Might We กับสถานการณ์จริง
31910-2004,หลักการคิดเชิงออกแบบและนวัตกรรมธุรกิจดิจิทัล,6,Ideation,1) อธิบาย Ideation ได้ 2) วิเคราะห์/เลือกวิธีที่เหมาะสมได้ 3) ปฏิบัติงานหรือสร้างชิ้นงานเกี่ยวกับ Ideation ได้ 4) ตรวจสอบและสะท้อนผลการทำงานได้,ใบงานหน่วยที่ 6: Ideation,ภารกิจ 1 อธิบายแนวคิดหลักของ Ideation; ภารกิจ 2 วิเคราะห์ตัวอย่าง; ภารกิจ 3 ลงมือปฏิบัติ/สร้างชิ้นงาน; ภารกิจ 4 ตรวจข้อผิดพลาด; ภารกิจ 5 สรุปสิ่งที่เรียนรู้และแนบหลักฐาน,ชื่อหน่วยและภาพรวม: อธิบายภาพรวมของ Ideation และความเชื่อมโยงกับรายวิชา หลักการคิดเชิงออกแบบและนวัตกรรมธุรกิจดิจิทัล,ผลลัพธ์การเรียนรู้: ผู้เรียนอธิบายหลักการ วิเคราะห์ตัวอย่าง และปฏิบัติงานเกี่ยวกับ Ideation ได้ตามเกณฑ์,ความรู้เดิมที่ต้องใช้: ทบทวนความรู้พื้นฐานที่จำเป็นก่อนเรียน Ideation พร้อมคำถามตรวจความพร้อม,คำศัพท์สำคัญ: รวบรวมคำศัพท์หลักของ Ideation พร้อมความหมายและการใช้งานจริง,ความหมายและขอบเขต: นิยาม Ideation ขอบเขตงาน และสิ่งที่อยู่/ไม่อยู่ในขอบเขต,หลักการสำคัญ: แจกแจงหลักการสำคัญของ Ideation เป็นข้อ ๆ พร้อมเหตุผล,องค์ประกอบ/โครงสร้าง: แสดงองค์ประกอบหลัก ความสัมพันธ์ และลำดับการทำงานของ Ideation,ขั้นตอนการทำงาน 1: เริ่มต้นงาน Ideation: การเตรียมข้อมูล เครื่องมือ และเงื่อนไขก่อนทำ,ขั้นตอนการทำงาน 2: ขั้นดำเนินงานหลักของ Ideation พร้อมจุดตรวจสอบระหว่างทาง,ขั้นตอนการทำงาน 3: ขั้นตรวจผล บันทึกผล และส่งมอบงานของ Ideation,ตัวอย่างที่ถูกต้อง: ตัวอย่างการประยุกต์ Ideation ที่ถูกต้อง พร้อมอธิบายเหตุผลทีละส่วน,ตัวอย่างที่ผิดและเหตุผล: ตัวอย่างข้อผิดพลาดของ Ideation วิเคราะห์สาเหตุและผลกระทบ,สาธิต/กรณีตัวอย่าง: กรณีศึกษาจากสถานการณ์จริงหรือจำลองเกี่ยวกับ Ideation,ข้อผิดพลาดที่พบบ่อย: รวบรวม Common Mistake ของ Ideation และสัญญาณที่ใช้สังเกต,แนวทางแก้ปัญหา: Troubleshooting แบบเป็นลำดับสำหรับปัญหาที่เกิดระหว่างทำ Ideation,ความปลอดภัย/จริยธรรม: ข้อควรระวัง ความปลอดภัย กฎหมาย หรือจริยธรรมที่เกี่ยวข้องกับ Ideation,ภารกิจฝึกปฏิบัติ: กิจกรรมลงมือทำเกี่ยวกับ Ideation ให้ผู้เรียนสร้างหลักฐานผลงาน,ใบงานประจำหน่วย: อธิบายใบงานของหน่วย Ideation: เป้าหมาย งานที่ต้องส่ง รูปแบบ และกำหนดตรวจ,เกณฑ์ประเมินและสรุป: Rubric ประเมินความถูกต้อง กระบวนการ คุณภาพงาน และสรุป Key Takeaway ของ Ideation,คำถามทบทวนและคิดวิเคราะห์: คำถามทบทวน 3–5 ข้อและคำถามคิดวิเคราะห์ที่เชื่อม Ideation กับสถานการณ์จริง
31910-2004,หลักการคิดเชิงออกแบบและนวัตกรรมธุรกิจดิจิทัล,7,Brainstorming Technique,1) อธิบาย Brainstorming Technique ได้ 2) วิเคราะห์/เลือกวิธีที่เหมาะสมได้ 3) ปฏิบัติงานหรือสร้างชิ้นงานเกี่ยวกับ Brainstorming Technique ได้ 4) ตรวจสอบและสะท้อนผลการทำงานได้,ใบงานหน่วยที่ 7: Brainstorming Technique,ภารกิจ 1 อธิบายแนวคิดหลักของ Brainstorming Technique; ภารกิจ 2 วิเคราะห์ตัวอย่าง; ภารกิจ 3 ลงมือปฏิบัติ/สร้างชิ้นงาน; ภารกิจ 4 ตรวจข้อผิดพลาด; ภารกิจ 5 สรุปสิ่งที่เรียนรู้และแนบหลักฐาน,ชื่อหน่วยและภาพรวม: อธิบายภาพรวมของ Brainstorming Technique และความเชื่อมโยงกับรายวิชา หลักการคิดเชิงออกแบบและนวัตกรรมธุรกิจดิจิทัล,ผลลัพธ์การเรียนรู้: ผู้เรียนอธิบายหลักการ วิเคราะห์ตัวอย่าง และปฏิบัติงานเกี่ยวกับ Brainstorming Technique ได้ตามเกณฑ์,ความรู้เดิมที่ต้องใช้: ทบทวนความรู้พื้นฐานที่จำเป็นก่อนเรียน Brainstorming Technique พร้อมคำถามตรวจความพร้อม,คำศัพท์สำคัญ: รวบรวมคำศัพท์หลักของ Brainstorming Technique พร้อมความหมายและการใช้งานจริง,ความหมายและขอบเขต: นิยาม Brainstorming Technique ขอบเขตงาน และสิ่งที่อยู่/ไม่อยู่ในขอบเขต,หลักการสำคัญ: แจกแจงหลักการสำคัญของ Brainstorming Technique เป็นข้อ ๆ พร้อมเหตุผล,องค์ประกอบ/โครงสร้าง: แสดงองค์ประกอบหลัก ความสัมพันธ์ และลำดับการทำงานของ Brainstorming Technique,ขั้นตอนการทำงาน 1: เริ่มต้นงาน Brainstorming Technique: การเตรียมข้อมูล เครื่องมือ และเงื่อนไขก่อนทำ,ขั้นตอนการทำงาน 2: ขั้นดำเนินงานหลักของ Brainstorming Technique พร้อมจุดตรวจสอบระหว่างทาง,ขั้นตอนการทำงาน 3: ขั้นตรวจผล บันทึกผล และส่งมอบงานของ Brainstorming Technique,ตัวอย่างที่ถูกต้อง: ตัวอย่างการประยุกต์ Brainstorming Technique ที่ถูกต้อง พร้อมอธิบายเหตุผลทีละส่วน,ตัวอย่างที่ผิดและเหตุผล: ตัวอย่างข้อผิดพลาดของ Brainstorming Technique วิเคราะห์สาเหตุและผลกระทบ,สาธิต/กรณีตัวอย่าง: กรณีศึกษาจากสถานการณ์จริงหรือจำลองเกี่ยวกับ Brainstorming Technique,ข้อผิดพลาดที่พบบ่อย: รวบรวม Common Mistake ของ Brainstorming Technique และสัญญาณที่ใช้สังเกต,แนวทางแก้ปัญหา: Troubleshooting แบบเป็นลำดับสำหรับปัญหาที่เกิดระหว่างทำ Brainstorming Technique,ความปลอดภัย/จริยธรรม: ข้อควรระวัง ความปลอดภัย กฎหมาย หรือจริยธรรมที่เกี่ยวข้องกับ Brainstorming Technique,ภารกิจฝึกปฏิบัติ: กิจกรรมลงมือทำเกี่ยวกับ Brainstorming Technique ให้ผู้เรียนสร้างหลักฐานผลงาน,ใบงานประจำหน่วย: อธิบายใบงานของหน่วย Brainstorming Technique: เป้าหมาย งานที่ต้องส่ง รูปแบบ และกำหนดตรวจ,เกณฑ์ประเมินและสรุป: Rubric ประเมินความถูกต้อง กระบวนการ คุณภาพงาน และสรุป Key Takeaway ของ Brainstorming Technique,คำถามทบทวนและคิดวิเคราะห์: คำถามทบทวน 3–5 ข้อและคำถามคิดวิเคราะห์ที่เชื่อม Brainstorming Technique กับสถานการณ์จริง
31910-2004,หลักการคิดเชิงออกแบบและนวัตกรรมธุรกิจดิจิทัล,8,คัดเลือกแนวคิด,1) อธิบาย คัดเลือกแนวคิด ได้ 2) วิเคราะห์/เลือกวิธีที่เหมาะสมได้ 3) ปฏิบัติงานหรือสร้างชิ้นงานเกี่ยวกับ คัดเลือกแนวคิด ได้ 4) ตรวจสอบและสะท้อนผลการทำงานได้,ใบงานหน่วยที่ 8: คัดเลือกแนวคิด,ภารกิจ 1 อธิบายแนวคิดหลักของ คัดเลือกแนวคิด; ภารกิจ 2 วิเคราะห์ตัวอย่าง; ภารกิจ 3 ลงมือปฏิบัติ/สร้างชิ้นงาน; ภารกิจ 4 ตรวจข้อผิดพลาด; ภารกิจ 5 สรุปสิ่งที่เรียนรู้และแนบหลักฐาน,ชื่อหน่วยและภาพรวม: อธิบายภาพรวมของ คัดเลือกแนวคิด และความเชื่อมโยงกับรายวิชา หลักการคิดเชิงออกแบบและนวัตกรรมธุรกิจดิจิทัล,ผลลัพธ์การเรียนรู้: ผู้เรียนอธิบายหลักการ วิเคราะห์ตัวอย่าง และปฏิบัติงานเกี่ยวกับ คัดเลือกแนวคิด ได้ตามเกณฑ์,ความรู้เดิมที่ต้องใช้: ทบทวนความรู้พื้นฐานที่จำเป็นก่อนเรียน คัดเลือกแนวคิด พร้อมคำถามตรวจความพร้อม,คำศัพท์สำคัญ: รวบรวมคำศัพท์หลักของ คัดเลือกแนวคิด พร้อมความหมายและการใช้งานจริง,ความหมายและขอบเขต: นิยาม คัดเลือกแนวคิด ขอบเขตงาน และสิ่งที่อยู่/ไม่อยู่ในขอบเขต,หลักการสำคัญ: แจกแจงหลักการสำคัญของ คัดเลือกแนวคิด เป็นข้อ ๆ พร้อมเหตุผล,องค์ประกอบ/โครงสร้าง: แสดงองค์ประกอบหลัก ความสัมพันธ์ และลำดับการทำงานของ คัดเลือกแนวคิด,ขั้นตอนการทำงาน 1: เริ่มต้นงาน คัดเลือกแนวคิด: การเตรียมข้อมูล เครื่องมือ และเงื่อนไขก่อนทำ,ขั้นตอนการทำงาน 2: ขั้นดำเนินงานหลักของ คัดเลือกแนวคิด พร้อมจุดตรวจสอบระหว่างทาง,ขั้นตอนการทำงาน 3: ขั้นตรวจผล บันทึกผล และส่งมอบงานของ คัดเลือกแนวคิด,ตัวอย่างที่ถูกต้อง: ตัวอย่างการประยุกต์ คัดเลือกแนวคิด ที่ถูกต้อง พร้อมอธิบายเหตุผลทีละส่วน,ตัวอย่างที่ผิดและเหตุผล: ตัวอย่างข้อผิดพลาดของ คัดเลือกแนวคิด วิเคราะห์สาเหตุและผลกระทบ,สาธิต/กรณีตัวอย่าง: กรณีศึกษาจากสถานการณ์จริงหรือจำลองเกี่ยวกับ คัดเลือกแนวคิด,ข้อผิดพลาดที่พบบ่อย: รวบรวม Common Mistake ของ คัดเลือกแนวคิด และสัญญาณที่ใช้สังเกต,แนวทางแก้ปัญหา: Troubleshooting แบบเป็นลำดับสำหรับปัญหาที่เกิดระหว่างทำ คัดเลือกแนวคิด,ความปลอดภัย/จริยธรรม: ข้อควรระวัง ความปลอดภัย กฎหมาย หรือจริยธรรมที่เกี่ยวข้องกับ คัดเลือกแนวคิด,ภารกิจฝึกปฏิบัติ: กิจกรรมลงมือทำเกี่ยวกับ คัดเลือกแนวคิด ให้ผู้เรียนสร้างหลักฐานผลงาน,ใบงานประจำหน่วย: อธิบายใบงานของหน่วย คัดเลือกแนวคิด: เป้าหมาย งานที่ต้องส่ง รูปแบบ และกำหนดตรวจ,เกณฑ์ประเมินและสรุป: Rubric ประเมินความถูกต้อง กระบวนการ คุณภาพงาน และสรุป Key Takeaway ของ คัดเลือกแนวคิด,คำถามทบทวนและคิดวิเคราะห์: คำถามทบทวน 3–5 ข้อและคำถามคิดวิเคราะห์ที่เชื่อม คัดเลือกแนวคิด กับสถานการณ์จริง
31910-2004,หลักการคิดเชิงออกแบบและนวัตกรรมธุรกิจดิจิทัล,9,Prototype,1) อธิบาย Prototype ได้ 2) วิเคราะห์/เลือกวิธีที่เหมาะสมได้ 3) ปฏิบัติงานหรือสร้างชิ้นงานเกี่ยวกับ Prototype ได้ 4) ตรวจสอบและสะท้อนผลการทำงานได้,ใบงานหน่วยที่ 9: Prototype,ภารกิจ 1 อธิบายแนวคิดหลักของ Prototype; ภารกิจ 2 วิเคราะห์ตัวอย่าง; ภารกิจ 3 ลงมือปฏิบัติ/สร้างชิ้นงาน; ภารกิจ 4 ตรวจข้อผิดพลาด; ภารกิจ 5 สรุปสิ่งที่เรียนรู้และแนบหลักฐาน,ชื่อหน่วยและภาพรวม: อธิบายภาพรวมของ Prototype และความเชื่อมโยงกับรายวิชา หลักการคิดเชิงออกแบบและนวัตกรรมธุรกิจดิจิทัล,ผลลัพธ์การเรียนรู้: ผู้เรียนอธิบายหลักการ วิเคราะห์ตัวอย่าง และปฏิบัติงานเกี่ยวกับ Prototype ได้ตามเกณฑ์,ความรู้เดิมที่ต้องใช้: ทบทวนความรู้พื้นฐานที่จำเป็นก่อนเรียน Prototype พร้อมคำถามตรวจความพร้อม,คำศัพท์สำคัญ: รวบรวมคำศัพท์หลักของ Prototype พร้อมความหมายและการใช้งานจริง,ความหมายและขอบเขต: นิยาม Prototype ขอบเขตงาน และสิ่งที่อยู่/ไม่อยู่ในขอบเขต,หลักการสำคัญ: แจกแจงหลักการสำคัญของ Prototype เป็นข้อ ๆ พร้อมเหตุผล,องค์ประกอบ/โครงสร้าง: แสดงองค์ประกอบหลัก ความสัมพันธ์ และลำดับการทำงานของ Prototype,ขั้นตอนการทำงาน 1: เริ่มต้นงาน Prototype: การเตรียมข้อมูล เครื่องมือ และเงื่อนไขก่อนทำ,ขั้นตอนการทำงาน 2: ขั้นดำเนินงานหลักของ Prototype พร้อมจุดตรวจสอบระหว่างทาง,ขั้นตอนการทำงาน 3: ขั้นตรวจผล บันทึกผล และส่งมอบงานของ Prototype,ตัวอย่างที่ถูกต้อง: ตัวอย่างการประยุกต์ Prototype ที่ถูกต้อง พร้อมอธิบายเหตุผลทีละส่วน,ตัวอย่างที่ผิดและเหตุผล: ตัวอย่างข้อผิดพลาดของ Prototype วิเคราะห์สาเหตุและผลกระทบ,สาธิต/กรณีตัวอย่าง: กรณีศึกษาจากสถานการณ์จริงหรือจำลองเกี่ยวกับ Prototype,ข้อผิดพลาดที่พบบ่อย: รวบรวม Common Mistake ของ Prototype และสัญญาณที่ใช้สังเกต,แนวทางแก้ปัญหา: Troubleshooting แบบเป็นลำดับสำหรับปัญหาที่เกิดระหว่างทำ Prototype,ความปลอดภัย/จริยธรรม: ข้อควรระวัง ความปลอดภัย กฎหมาย หรือจริยธรรมที่เกี่ยวข้องกับ Prototype,ภารกิจฝึกปฏิบัติ: กิจกรรมลงมือทำเกี่ยวกับ Prototype ให้ผู้เรียนสร้างหลักฐานผลงาน,ใบงานประจำหน่วย: อธิบายใบงานของหน่วย Prototype: เป้าหมาย งานที่ต้องส่ง รูปแบบ และกำหนดตรวจ,เกณฑ์ประเมินและสรุป: Rubric ประเมินความถูกต้อง กระบวนการ คุณภาพงาน และสรุป Key Takeaway ของ Prototype,คำถามทบทวนและคิดวิเคราะห์: คำถามทบทวน 3–5 ข้อและคำถามคิดวิเคราะห์ที่เชื่อม Prototype กับสถานการณ์จริง
31910-2004,หลักการคิดเชิงออกแบบและนวัตกรรมธุรกิจดิจิทัล,10,Test,1) อธิบาย Test ได้ 2) วิเคราะห์/เลือกวิธีที่เหมาะสมได้ 3) ปฏิบัติงานหรือสร้างชิ้นงานเกี่ยวกับ Test ได้ 4) ตรวจสอบและสะท้อนผลการทำงานได้,ใบงานหน่วยที่ 10: Test,ภารกิจ 1 อธิบายแนวคิดหลักของ Test; ภารกิจ 2 วิเคราะห์ตัวอย่าง; ภารกิจ 3 ลงมือปฏิบัติ/สร้างชิ้นงาน; ภารกิจ 4 ตรวจข้อผิดพลาด; ภารกิจ 5 สรุปสิ่งที่เรียนรู้และแนบหลักฐาน,ชื่อหน่วยและภาพรวม: อธิบายภาพรวมของ Test และความเชื่อมโยงกับรายวิชา หลักการคิดเชิงออกแบบและนวัตกรรมธุรกิจดิจิทัล,ผลลัพธ์การเรียนรู้: ผู้เรียนอธิบายหลักการ วิเคราะห์ตัวอย่าง และปฏิบัติงานเกี่ยวกับ Test ได้ตามเกณฑ์,ความรู้เดิมที่ต้องใช้: ทบทวนความรู้พื้นฐานที่จำเป็นก่อนเรียน Test พร้อมคำถามตรวจความพร้อม,คำศัพท์สำคัญ: รวบรวมคำศัพท์หลักของ Test พร้อมความหมายและการใช้งานจริง,ความหมายและขอบเขต: นิยาม Test ขอบเขตงาน และสิ่งที่อยู่/ไม่อยู่ในขอบเขต,หลักการสำคัญ: แจกแจงหลักการสำคัญของ Test เป็นข้อ ๆ พร้อมเหตุผล,องค์ประกอบ/โครงสร้าง: แสดงองค์ประกอบหลัก ความสัมพันธ์ และลำดับการทำงานของ Test,ขั้นตอนการทำงาน 1: เริ่มต้นงาน Test: การเตรียมข้อมูล เครื่องมือ และเงื่อนไขก่อนทำ,ขั้นตอนการทำงาน 2: ขั้นดำเนินงานหลักของ Test พร้อมจุดตรวจสอบระหว่างทาง,ขั้นตอนการทำงาน 3: ขั้นตรวจผล บันทึกผล และส่งมอบงานของ Test,ตัวอย่างที่ถูกต้อง: ตัวอย่างการประยุกต์ Test ที่ถูกต้อง พร้อมอธิบายเหตุผลทีละส่วน,ตัวอย่างที่ผิดและเหตุผล: ตัวอย่างข้อผิดพลาดของ Test วิเคราะห์สาเหตุและผลกระทบ,สาธิต/กรณีตัวอย่าง: กรณีศึกษาจากสถานการณ์จริงหรือจำลองเกี่ยวกับ Test,ข้อผิดพลาดที่พบบ่อย: รวบรวม Common Mistake ของ Test และสัญญาณที่ใช้สังเกต,แนวทางแก้ปัญหา: Troubleshooting แบบเป็นลำดับสำหรับปัญหาที่เกิดระหว่างทำ Test,ความปลอดภัย/จริยธรรม: ข้อควรระวัง ความปลอดภัย กฎหมาย หรือจริยธรรมที่เกี่ยวข้องกับ Test,ภารกิจฝึกปฏิบัติ: กิจกรรมลงมือทำเกี่ยวกับ Test ให้ผู้เรียนสร้างหลักฐานผลงาน,ใบงานประจำหน่วย: อธิบายใบงานของหน่วย Test: เป้าหมาย งานที่ต้องส่ง รูปแบบ และกำหนดตรวจ,เกณฑ์ประเมินและสรุป: Rubric ประเมินความถูกต้อง กระบวนการ คุณภาพงาน และสรุป Key Takeaway ของ Test,คำถามทบทวนและคิดวิเคราะห์: คำถามทบทวน 3–5 ข้อและคำถามคิดวิเคราะห์ที่เชื่อม Test กับสถานการณ์จริง
31910-2004,หลักการคิดเชิงออกแบบและนวัตกรรมธุรกิจดิจิทัล,11,Business Model Canvas,1) อธิบาย Business Model Canvas ได้ 2) วิเคราะห์/เลือกวิธีที่เหมาะสมได้ 3) ปฏิบัติงานหรือสร้างชิ้นงานเกี่ยวกับ Business Model Canvas ได้ 4) ตรวจสอบและสะท้อนผลการทำงานได้,ใบงานหน่วยที่ 11: Business Model Canvas,ภารกิจ 1 อธิบายแนวคิดหลักของ Business Model Canvas; ภารกิจ 2 วิเคราะห์ตัวอย่าง; ภารกิจ 3 ลงมือปฏิบัติ/สร้างชิ้นงาน; ภารกิจ 4 ตรวจข้อผิดพลาด; ภารกิจ 5 สรุปสิ่งที่เรียนรู้และแนบหลักฐาน,ชื่อหน่วยและภาพรวม: อธิบายภาพรวมของ Business Model Canvas และความเชื่อมโยงกับรายวิชา หลักการคิดเชิงออกแบบและนวัตกรรมธุรกิจดิจิทัล,ผลลัพธ์การเรียนรู้: ผู้เรียนอธิบายหลักการ วิเคราะห์ตัวอย่าง และปฏิบัติงานเกี่ยวกับ Business Model Canvas ได้ตามเกณฑ์,ความรู้เดิมที่ต้องใช้: ทบทวนความรู้พื้นฐานที่จำเป็นก่อนเรียน Business Model Canvas พร้อมคำถามตรวจความพร้อม,คำศัพท์สำคัญ: รวบรวมคำศัพท์หลักของ Business Model Canvas พร้อมความหมายและการใช้งานจริง,ความหมายและขอบเขต: นิยาม Business Model Canvas ขอบเขตงาน และสิ่งที่อยู่/ไม่อยู่ในขอบเขต,หลักการสำคัญ: แจกแจงหลักการสำคัญของ Business Model Canvas เป็นข้อ ๆ พร้อมเหตุผล,องค์ประกอบ/โครงสร้าง: แสดงองค์ประกอบหลัก ความสัมพันธ์ และลำดับการทำงานของ Business Model Canvas,ขั้นตอนการทำงาน 1: เริ่มต้นงาน Business Model Canvas: การเตรียมข้อมูล เครื่องมือ และเงื่อนไขก่อนทำ,ขั้นตอนการทำงาน 2: ขั้นดำเนินงานหลักของ Business Model Canvas พร้อมจุดตรวจสอบระหว่างทาง,ขั้นตอนการทำงาน 3: ขั้นตรวจผล บันทึกผล และส่งมอบงานของ Business Model Canvas,ตัวอย่างที่ถูกต้อง: ตัวอย่างการประยุกต์ Business Model Canvas ที่ถูกต้อง พร้อมอธิบายเหตุผลทีละส่วน,ตัวอย่างที่ผิดและเหตุผล: ตัวอย่างข้อผิดพลาดของ Business Model Canvas วิเคราะห์สาเหตุและผลกระทบ,สาธิต/กรณีตัวอย่าง: กรณีศึกษาจากสถานการณ์จริงหรือจำลองเกี่ยวกับ Business Model Canvas,ข้อผิดพลาดที่พบบ่อย: รวบรวม Common Mistake ของ Business Model Canvas และสัญญาณที่ใช้สังเกต,แนวทางแก้ปัญหา: Troubleshooting แบบเป็นลำดับสำหรับปัญหาที่เกิดระหว่างทำ Business Model Canvas,ความปลอดภัย/จริยธรรม: ข้อควรระวัง ความปลอดภัย กฎหมาย หรือจริยธรรมที่เกี่ยวข้องกับ Business Model Canvas,ภารกิจฝึกปฏิบัติ: กิจกรรมลงมือทำเกี่ยวกับ Business Model Canvas ให้ผู้เรียนสร้างหลักฐานผลงาน,ใบงานประจำหน่วย: อธิบายใบงานของหน่วย Business Model Canvas: เป้าหมาย งานที่ต้องส่ง รูปแบบ และกำหนดตรวจ,เกณฑ์ประเมินและสรุป: Rubric ประเมินความถูกต้อง กระบวนการ คุณภาพงาน และสรุป Key Takeaway ของ Business Model Canvas,คำถามทบทวนและคิดวิเคราะห์: คำถามทบทวน 3–5 ข้อและคำถามคิดวิเคราะห์ที่เชื่อม Business Model Canvas กับสถานการณ์จริง
31910-2004,หลักการคิดเชิงออกแบบและนวัตกรรมธุรกิจดิจิทัล,12,Value Proposition,1) อธิบาย Value Proposition ได้ 2) วิเคราะห์/เลือกวิธีที่เหมาะสมได้ 3) ปฏิบัติงานหรือสร้างชิ้นงานเกี่ยวกับ Value Proposition ได้ 4) ตรวจสอบและสะท้อนผลการทำงานได้,ใบงานหน่วยที่ 12: Value Proposition,ภารกิจ 1 อธิบายแนวคิดหลักของ Value Proposition; ภารกิจ 2 วิเคราะห์ตัวอย่าง; ภารกิจ 3 ลงมือปฏิบัติ/สร้างชิ้นงาน; ภารกิจ 4 ตรวจข้อผิดพลาด; ภารกิจ 5 สรุปสิ่งที่เรียนรู้และแนบหลักฐาน,ชื่อหน่วยและภาพรวม: อธิบายภาพรวมของ Value Proposition และความเชื่อมโยงกับรายวิชา หลักการคิดเชิงออกแบบและนวัตกรรมธุรกิจดิจิทัล,ผลลัพธ์การเรียนรู้: ผู้เรียนอธิบายหลักการ วิเคราะห์ตัวอย่าง และปฏิบัติงานเกี่ยวกับ Value Proposition ได้ตามเกณฑ์,ความรู้เดิมที่ต้องใช้: ทบทวนความรู้พื้นฐานที่จำเป็นก่อนเรียน Value Proposition พร้อมคำถามตรวจความพร้อม,คำศัพท์สำคัญ: รวบรวมคำศัพท์หลักของ Value Proposition พร้อมความหมายและการใช้งานจริง,ความหมายและขอบเขต: นิยาม Value Proposition ขอบเขตงาน และสิ่งที่อยู่/ไม่อยู่ในขอบเขต,หลักการสำคัญ: แจกแจงหลักการสำคัญของ Value Proposition เป็นข้อ ๆ พร้อมเหตุผล,องค์ประกอบ/โครงสร้าง: แสดงองค์ประกอบหลัก ความสัมพันธ์ และลำดับการทำงานของ Value Proposition,ขั้นตอนการทำงาน 1: เริ่มต้นงาน Value Proposition: การเตรียมข้อมูล เครื่องมือ และเงื่อนไขก่อนทำ,ขั้นตอนการทำงาน 2: ขั้นดำเนินงานหลักของ Value Proposition พร้อมจุดตรวจสอบระหว่างทาง,ขั้นตอนการทำงาน 3: ขั้นตรวจผล บันทึกผล และส่งมอบงานของ Value Proposition,ตัวอย่างที่ถูกต้อง: ตัวอย่างการประยุกต์ Value Proposition ที่ถูกต้อง พร้อมอธิบายเหตุผลทีละส่วน,ตัวอย่างที่ผิดและเหตุผล: ตัวอย่างข้อผิดพลาดของ Value Proposition วิเคราะห์สาเหตุและผลกระทบ,สาธิต/กรณีตัวอย่าง: กรณีศึกษาจากสถานการณ์จริงหรือจำลองเกี่ยวกับ Value Proposition,ข้อผิดพลาดที่พบบ่อย: รวบรวม Common Mistake ของ Value Proposition และสัญญาณที่ใช้สังเกต,แนวทางแก้ปัญหา: Troubleshooting แบบเป็นลำดับสำหรับปัญหาที่เกิดระหว่างทำ Value Proposition,ความปลอดภัย/จริยธรรม: ข้อควรระวัง ความปลอดภัย กฎหมาย หรือจริยธรรมที่เกี่ยวข้องกับ Value Proposition,ภารกิจฝึกปฏิบัติ: กิจกรรมลงมือทำเกี่ยวกับ Value Proposition ให้ผู้เรียนสร้างหลักฐานผลงาน,ใบงานประจำหน่วย: อธิบายใบงานของหน่วย Value Proposition: เป้าหมาย งานที่ต้องส่ง รูปแบบ และกำหนดตรวจ,เกณฑ์ประเมินและสรุป: Rubric ประเมินความถูกต้อง กระบวนการ คุณภาพงาน และสรุป Key Takeaway ของ Value Proposition,คำถามทบทวนและคิดวิเคราะห์: คำถามทบทวน 3–5 ข้อและคำถามคิดวิเคราะห์ที่เชื่อม Value Proposition กับสถานการณ์จริง
31910-2004,หลักการคิดเชิงออกแบบและนวัตกรรมธุรกิจดิจิทัล,13,Customer Journey,1) อธิบาย Customer Journey ได้ 2) วิเคราะห์/เลือกวิธีที่เหมาะสมได้ 3) ปฏิบัติงานหรือสร้างชิ้นงานเกี่ยวกับ Customer Journey ได้ 4) ตรวจสอบและสะท้อนผลการทำงานได้,ใบงานหน่วยที่ 13: Customer Journey,ภารกิจ 1 อธิบายแนวคิดหลักของ Customer Journey; ภารกิจ 2 วิเคราะห์ตัวอย่าง; ภารกิจ 3 ลงมือปฏิบัติ/สร้างชิ้นงาน; ภารกิจ 4 ตรวจข้อผิดพลาด; ภารกิจ 5 สรุปสิ่งที่เรียนรู้และแนบหลักฐาน,ชื่อหน่วยและภาพรวม: อธิบายภาพรวมของ Customer Journey และความเชื่อมโยงกับรายวิชา หลักการคิดเชิงออกแบบและนวัตกรรมธุรกิจดิจิทัล,ผลลัพธ์การเรียนรู้: ผู้เรียนอธิบายหลักการ วิเคราะห์ตัวอย่าง และปฏิบัติงานเกี่ยวกับ Customer Journey ได้ตามเกณฑ์,ความรู้เดิมที่ต้องใช้: ทบทวนความรู้พื้นฐานที่จำเป็นก่อนเรียน Customer Journey พร้อมคำถามตรวจความพร้อม,คำศัพท์สำคัญ: รวบรวมคำศัพท์หลักของ Customer Journey พร้อมความหมายและการใช้งานจริง,ความหมายและขอบเขต: นิยาม Customer Journey ขอบเขตงาน และสิ่งที่อยู่/ไม่อยู่ในขอบเขต,หลักการสำคัญ: แจกแจงหลักการสำคัญของ Customer Journey เป็นข้อ ๆ พร้อมเหตุผล,องค์ประกอบ/โครงสร้าง: แสดงองค์ประกอบหลัก ความสัมพันธ์ และลำดับการทำงานของ Customer Journey,ขั้นตอนการทำงาน 1: เริ่มต้นงาน Customer Journey: การเตรียมข้อมูล เครื่องมือ และเงื่อนไขก่อนทำ,ขั้นตอนการทำงาน 2: ขั้นดำเนินงานหลักของ Customer Journey พร้อมจุดตรวจสอบระหว่างทาง,ขั้นตอนการทำงาน 3: ขั้นตรวจผล บันทึกผล และส่งมอบงานของ Customer Journey,ตัวอย่างที่ถูกต้อง: ตัวอย่างการประยุกต์ Customer Journey ที่ถูกต้อง พร้อมอธิบายเหตุผลทีละส่วน,ตัวอย่างที่ผิดและเหตุผล: ตัวอย่างข้อผิดพลาดของ Customer Journey วิเคราะห์สาเหตุและผลกระทบ,สาธิต/กรณีตัวอย่าง: กรณีศึกษาจากสถานการณ์จริงหรือจำลองเกี่ยวกับ Customer Journey,ข้อผิดพลาดที่พบบ่อย: รวบรวม Common Mistake ของ Customer Journey และสัญญาณที่ใช้สังเกต,แนวทางแก้ปัญหา: Troubleshooting แบบเป็นลำดับสำหรับปัญหาที่เกิดระหว่างทำ Customer Journey,ความปลอดภัย/จริยธรรม: ข้อควรระวัง ความปลอดภัย กฎหมาย หรือจริยธรรมที่เกี่ยวข้องกับ Customer Journey,ภารกิจฝึกปฏิบัติ: กิจกรรมลงมือทำเกี่ยวกับ Customer Journey ให้ผู้เรียนสร้างหลักฐานผลงาน,ใบงานประจำหน่วย: อธิบายใบงานของหน่วย Customer Journey: เป้าหมาย งานที่ต้องส่ง รูปแบบ และกำหนดตรวจ,เกณฑ์ประเมินและสรุป: Rubric ประเมินความถูกต้อง กระบวนการ คุณภาพงาน และสรุป Key Takeaway ของ Customer Journey,คำถามทบทวนและคิดวิเคราะห์: คำถามทบทวน 3–5 ข้อและคำถามคิดวิเคราะห์ที่เชื่อม Customer Journey กับสถานการณ์จริง
31910-2004,หลักการคิดเชิงออกแบบและนวัตกรรมธุรกิจดิจิทัล,14,Digital Innovation,1) อธิบาย Digital Innovation ได้ 2) วิเคราะห์/เลือกวิธีที่เหมาะสมได้ 3) ปฏิบัติงานหรือสร้างชิ้นงานเกี่ยวกับ Digital Innovation ได้ 4) ตรวจสอบและสะท้อนผลการทำงานได้,ใบงานหน่วยที่ 14: Digital Innovation,ภารกิจ 1 อธิบายแนวคิดหลักของ Digital Innovation; ภารกิจ 2 วิเคราะห์ตัวอย่าง; ภารกิจ 3 ลงมือปฏิบัติ/สร้างชิ้นงาน; ภารกิจ 4 ตรวจข้อผิดพลาด; ภารกิจ 5 สรุปสิ่งที่เรียนรู้และแนบหลักฐาน,ชื่อหน่วยและภาพรวม: อธิบายภาพรวมของ Digital Innovation และความเชื่อมโยงกับรายวิชา หลักการคิดเชิงออกแบบและนวัตกรรมธุรกิจดิจิทัล,ผลลัพธ์การเรียนรู้: ผู้เรียนอธิบายหลักการ วิเคราะห์ตัวอย่าง และปฏิบัติงานเกี่ยวกับ Digital Innovation ได้ตามเกณฑ์,ความรู้เดิมที่ต้องใช้: ทบทวนความรู้พื้นฐานที่จำเป็นก่อนเรียน Digital Innovation พร้อมคำถามตรวจความพร้อม,คำศัพท์สำคัญ: รวบรวมคำศัพท์หลักของ Digital Innovation พร้อมความหมายและการใช้งานจริง,ความหมายและขอบเขต: นิยาม Digital Innovation ขอบเขตงาน และสิ่งที่อยู่/ไม่อยู่ในขอบเขต,หลักการสำคัญ: แจกแจงหลักการสำคัญของ Digital Innovation เป็นข้อ ๆ พร้อมเหตุผล,องค์ประกอบ/โครงสร้าง: แสดงองค์ประกอบหลัก ความสัมพันธ์ และลำดับการทำงานของ Digital Innovation,ขั้นตอนการทำงาน 1: เริ่มต้นงาน Digital Innovation: การเตรียมข้อมูล เครื่องมือ และเงื่อนไขก่อนทำ,ขั้นตอนการทำงาน 2: ขั้นดำเนินงานหลักของ Digital Innovation พร้อมจุดตรวจสอบระหว่างทาง,ขั้นตอนการทำงาน 3: ขั้นตรวจผล บันทึกผล และส่งมอบงานของ Digital Innovation,ตัวอย่างที่ถูกต้อง: ตัวอย่างการประยุกต์ Digital Innovation ที่ถูกต้อง พร้อมอธิบายเหตุผลทีละส่วน,ตัวอย่างที่ผิดและเหตุผล: ตัวอย่างข้อผิดพลาดของ Digital Innovation วิเคราะห์สาเหตุและผลกระทบ,สาธิต/กรณีตัวอย่าง: กรณีศึกษาจากสถานการณ์จริงหรือจำลองเกี่ยวกับ Digital Innovation,ข้อผิดพลาดที่พบบ่อย: รวบรวม Common Mistake ของ Digital Innovation และสัญญาณที่ใช้สังเกต,แนวทางแก้ปัญหา: Troubleshooting แบบเป็นลำดับสำหรับปัญหาที่เกิดระหว่างทำ Digital Innovation,ความปลอดภัย/จริยธรรม: ข้อควรระวัง ความปลอดภัย กฎหมาย หรือจริยธรรมที่เกี่ยวข้องกับ Digital Innovation,ภารกิจฝึกปฏิบัติ: กิจกรรมลงมือทำเกี่ยวกับ Digital Innovation ให้ผู้เรียนสร้างหลักฐานผลงาน,ใบงานประจำหน่วย: อธิบายใบงานของหน่วย Digital Innovation: เป้าหมาย งานที่ต้องส่ง รูปแบบ และกำหนดตรวจ,เกณฑ์ประเมินและสรุป: Rubric ประเมินความถูกต้อง กระบวนการ คุณภาพงาน และสรุป Key Takeaway ของ Digital Innovation,คำถามทบทวนและคิดวิเคราะห์: คำถามทบทวน 3–5 ข้อและคำถามคิดวิเคราะห์ที่เชื่อม Digital Innovation กับสถานการณ์จริง
31910-2004,หลักการคิดเชิงออกแบบและนวัตกรรมธุรกิจดิจิทัล,15,MVP,1) อธิบาย MVP ได้ 2) วิเคราะห์/เลือกวิธีที่เหมาะสมได้ 3) ปฏิบัติงานหรือสร้างชิ้นงานเกี่ยวกับ MVP ได้ 4) ตรวจสอบและสะท้อนผลการทำงานได้,ใบงานหน่วยที่ 15: MVP,ภารกิจ 1 อธิบายแนวคิดหลักของ MVP; ภารกิจ 2 วิเคราะห์ตัวอย่าง; ภารกิจ 3 ลงมือปฏิบัติ/สร้างชิ้นงาน; ภารกิจ 4 ตรวจข้อผิดพลาด; ภารกิจ 5 สรุปสิ่งที่เรียนรู้และแนบหลักฐาน,ชื่อหน่วยและภาพรวม: อธิบายภาพรวมของ MVP และความเชื่อมโยงกับรายวิชา หลักการคิดเชิงออกแบบและนวัตกรรมธุรกิจดิจิทัล,ผลลัพธ์การเรียนรู้: ผู้เรียนอธิบายหลักการ วิเคราะห์ตัวอย่าง และปฏิบัติงานเกี่ยวกับ MVP ได้ตามเกณฑ์,ความรู้เดิมที่ต้องใช้: ทบทวนความรู้พื้นฐานที่จำเป็นก่อนเรียน MVP พร้อมคำถามตรวจความพร้อม,คำศัพท์สำคัญ: รวบรวมคำศัพท์หลักของ MVP พร้อมความหมายและการใช้งานจริง,ความหมายและขอบเขต: นิยาม MVP ขอบเขตงาน และสิ่งที่อยู่/ไม่อยู่ในขอบเขต,หลักการสำคัญ: แจกแจงหลักการสำคัญของ MVP เป็นข้อ ๆ พร้อมเหตุผล,องค์ประกอบ/โครงสร้าง: แสดงองค์ประกอบหลัก ความสัมพันธ์ และลำดับการทำงานของ MVP,ขั้นตอนการทำงาน 1: เริ่มต้นงาน MVP: การเตรียมข้อมูล เครื่องมือ และเงื่อนไขก่อนทำ,ขั้นตอนการทำงาน 2: ขั้นดำเนินงานหลักของ MVP พร้อมจุดตรวจสอบระหว่างทาง,ขั้นตอนการทำงาน 3: ขั้นตรวจผล บันทึกผล และส่งมอบงานของ MVP,ตัวอย่างที่ถูกต้อง: ตัวอย่างการประยุกต์ MVP ที่ถูกต้อง พร้อมอธิบายเหตุผลทีละส่วน,ตัวอย่างที่ผิดและเหตุผล: ตัวอย่างข้อผิดพลาดของ MVP วิเคราะห์สาเหตุและผลกระทบ,สาธิต/กรณีตัวอย่าง: กรณีศึกษาจากสถานการณ์จริงหรือจำลองเกี่ยวกับ MVP,ข้อผิดพลาดที่พบบ่อย: รวบรวม Common Mistake ของ MVP และสัญญาณที่ใช้สังเกต,แนวทางแก้ปัญหา: Troubleshooting แบบเป็นลำดับสำหรับปัญหาที่เกิดระหว่างทำ MVP,ความปลอดภัย/จริยธรรม: ข้อควรระวัง ความปลอดภัย กฎหมาย หรือจริยธรรมที่เกี่ยวข้องกับ MVP,ภารกิจฝึกปฏิบัติ: กิจกรรมลงมือทำเกี่ยวกับ MVP ให้ผู้เรียนสร้างหลักฐานผลงาน,ใบงานประจำหน่วย: อธิบายใบงานของหน่วย MVP: เป้าหมาย งานที่ต้องส่ง รูปแบบ และกำหนดตรวจ,เกณฑ์ประเมินและสรุป: Rubric ประเมินความถูกต้อง กระบวนการ คุณภาพงาน และสรุป Key Takeaway ของ MVP,คำถามทบทวนและคิดวิเคราะห์: คำถามทบทวน 3–5 ข้อและคำถามคิดวิเคราะห์ที่เชื่อม MVP กับสถานการณ์จริง
31910-2004,หลักการคิดเชิงออกแบบและนวัตกรรมธุรกิจดิจิทัล,16,Pitching,1) อธิบาย Pitching ได้ 2) วิเคราะห์/เลือกวิธีที่เหมาะสมได้ 3) ปฏิบัติงานหรือสร้างชิ้นงานเกี่ยวกับ Pitching ได้ 4) ตรวจสอบและสะท้อนผลการทำงานได้,ใบงานหน่วยที่ 16: Pitching,ภารกิจ 1 อธิบายแนวคิดหลักของ Pitching; ภารกิจ 2 วิเคราะห์ตัวอย่าง; ภารกิจ 3 ลงมือปฏิบัติ/สร้างชิ้นงาน; ภารกิจ 4 ตรวจข้อผิดพลาด; ภารกิจ 5 สรุปสิ่งที่เรียนรู้และแนบหลักฐาน,ชื่อหน่วยและภาพรวม: อธิบายภาพรวมของ Pitching และความเชื่อมโยงกับรายวิชา หลักการคิดเชิงออกแบบและนวัตกรรมธุรกิจดิจิทัล,ผลลัพธ์การเรียนรู้: ผู้เรียนอธิบายหลักการ วิเคราะห์ตัวอย่าง และปฏิบัติงานเกี่ยวกับ Pitching ได้ตามเกณฑ์,ความรู้เดิมที่ต้องใช้: ทบทวนความรู้พื้นฐานที่จำเป็นก่อนเรียน Pitching พร้อมคำถามตรวจความพร้อม,คำศัพท์สำคัญ: รวบรวมคำศัพท์หลักของ Pitching พร้อมความหมายและการใช้งานจริง,ความหมายและขอบเขต: นิยาม Pitching ขอบเขตงาน และสิ่งที่อยู่/ไม่อยู่ในขอบเขต,หลักการสำคัญ: แจกแจงหลักการสำคัญของ Pitching เป็นข้อ ๆ พร้อมเหตุผล,องค์ประกอบ/โครงสร้าง: แสดงองค์ประกอบหลัก ความสัมพันธ์ และลำดับการทำงานของ Pitching,ขั้นตอนการทำงาน 1: เริ่มต้นงาน Pitching: การเตรียมข้อมูล เครื่องมือ และเงื่อนไขก่อนทำ,ขั้นตอนการทำงาน 2: ขั้นดำเนินงานหลักของ Pitching พร้อมจุดตรวจสอบระหว่างทาง,ขั้นตอนการทำงาน 3: ขั้นตรวจผล บันทึกผล และส่งมอบงานของ Pitching,ตัวอย่างที่ถูกต้อง: ตัวอย่างการประยุกต์ Pitching ที่ถูกต้อง พร้อมอธิบายเหตุผลทีละส่วน,ตัวอย่างที่ผิดและเหตุผล: ตัวอย่างข้อผิดพลาดของ Pitching วิเคราะห์สาเหตุและผลกระทบ,สาธิต/กรณีตัวอย่าง: กรณีศึกษาจากสถานการณ์จริงหรือจำลองเกี่ยวกับ Pitching,ข้อผิดพลาดที่พบบ่อย: รวบรวม Common Mistake ของ Pitching และสัญญาณที่ใช้สังเกต,แนวทางแก้ปัญหา: Troubleshooting แบบเป็นลำดับสำหรับปัญหาที่เกิดระหว่างทำ Pitching,ความปลอดภัย/จริยธรรม: ข้อควรระวัง ความปลอดภัย กฎหมาย หรือจริยธรรมที่เกี่ยวข้องกับ Pitching,ภารกิจฝึกปฏิบัติ: กิจกรรมลงมือทำเกี่ยวกับ Pitching ให้ผู้เรียนสร้างหลักฐานผลงาน,ใบงานประจำหน่วย: อธิบายใบงานของหน่วย Pitching: เป้าหมาย งานที่ต้องส่ง รูปแบบ และกำหนดตรวจ,เกณฑ์ประเมินและสรุป: Rubric ประเมินความถูกต้อง กระบวนการ คุณภาพงาน และสรุป Key Takeaway ของ Pitching,คำถามทบทวนและคิดวิเคราะห์: คำถามทบทวน 3–5 ข้อและคำถามคิดวิเคราะห์ที่เชื่อม Pitching กับสถานการณ์จริง
31910-2004,หลักการคิดเชิงออกแบบและนวัตกรรมธุรกิจดิจิทัล,17,โครงงานนวัตกรรมธุรกิจดิจิทัล,1) อธิบาย โครงงานนวัตกรรมธุรกิจดิจิทัล ได้ 2) วิเคราะห์/เลือกวิธีที่เหมาะสมได้ 3) ปฏิบัติงานหรือสร้างชิ้นงานเกี่ยวกับ โครงงานนวัตกรรมธุรกิจดิจิทัล ได้ 4) ตรวจสอบและสะท้อนผลการทำงานได้,ใบงานหน่วยที่ 17: โครงงานนวัตกรรมธุรกิจดิจิทัล,ภารกิจ 1 อธิบายแนวคิดหลักของ โครงงานนวัตกรรมธุรกิจดิจิทัล; ภารกิจ 2 วิเคราะห์ตัวอย่าง; ภารกิจ 3 ลงมือปฏิบัติ/สร้างชิ้นงาน; ภารกิจ 4 ตรวจข้อผิดพลาด; ภารกิจ 5 สรุปสิ่งที่เรียนรู้และแนบหลักฐาน,ชื่อหน่วยและภาพรวม: อธิบายภาพรวมของ โครงงานนวัตกรรมธุรกิจดิจิทัล และความเชื่อมโยงกับรายวิชา หลักการคิดเชิงออกแบบและนวัตกรรมธุรกิจดิจิทัล,ผลลัพธ์การเรียนรู้: ผู้เรียนอธิบายหลักการ วิเคราะห์ตัวอย่าง และปฏิบัติงานเกี่ยวกับ โครงงานนวัตกรรมธุรกิจดิจิทัล ได้ตามเกณฑ์,ความรู้เดิมที่ต้องใช้: ทบทวนความรู้พื้นฐานที่จำเป็นก่อนเรียน โครงงานนวัตกรรมธุรกิจดิจิทัล พร้อมคำถามตรวจความพร้อม,คำศัพท์สำคัญ: รวบรวมคำศัพท์หลักของ โครงงานนวัตกรรมธุรกิจดิจิทัล พร้อมความหมายและการใช้งานจริง,ความหมายและขอบเขต: นิยาม โครงงานนวัตกรรมธุรกิจดิจิทัล ขอบเขตงาน และสิ่งที่อยู่/ไม่อยู่ในขอบเขต,หลักการสำคัญ: แจกแจงหลักการสำคัญของ โครงงานนวัตกรรมธุรกิจดิจิทัล เป็นข้อ ๆ พร้อมเหตุผล,องค์ประกอบ/โครงสร้าง: แสดงองค์ประกอบหลัก ความสัมพันธ์ และลำดับการทำงานของ โครงงานนวัตกรรมธุรกิจดิจิทัล,ขั้นตอนการทำงาน 1: เริ่มต้นงาน โครงงานนวัตกรรมธุรกิจดิจิทัล: การเตรียมข้อมูล เครื่องมือ และเงื่อนไขก่อนทำ,ขั้นตอนการทำงาน 2: ขั้นดำเนินงานหลักของ โครงงานนวัตกรรมธุรกิจดิจิทัล พร้อมจุดตรวจสอบระหว่างทาง,ขั้นตอนการทำงาน 3: ขั้นตรวจผล บันทึกผล และส่งมอบงานของ โครงงานนวัตกรรมธุรกิจดิจิทัล,ตัวอย่างที่ถูกต้อง: ตัวอย่างการประยุกต์ โครงงานนวัตกรรมธุรกิจดิจิทัล ที่ถูกต้อง พร้อมอธิบายเหตุผลทีละส่วน,ตัวอย่างที่ผิดและเหตุผล: ตัวอย่างข้อผิดพลาดของ โครงงานนวัตกรรมธุรกิจดิจิทัล วิเคราะห์สาเหตุและผลกระทบ,สาธิต/กรณีตัวอย่าง: กรณีศึกษาจากสถานการณ์จริงหรือจำลองเกี่ยวกับ โครงงานนวัตกรรมธุรกิจดิจิทัล,ข้อผิดพลาดที่พบบ่อย: รวบรวม Common Mistake ของ โครงงานนวัตกรรมธุรกิจดิจิทัล และสัญญาณที่ใช้สังเกต,แนวทางแก้ปัญหา: Troubleshooting แบบเป็นลำดับสำหรับปัญหาที่เกิดระหว่างทำ โครงงานนวัตกรรมธุรกิจดิจิทัล,ความปลอดภัย/จริยธรรม: ข้อควรระวัง ความปลอดภัย กฎหมาย หรือจริยธรรมที่เกี่ยวข้องกับ โครงงานนวัตกรรมธุรกิจดิจิทัล,ภารกิจฝึกปฏิบัติ: กิจกรรมลงมือทำเกี่ยวกับ โครงงานนวัตกรรมธุรกิจดิจิทัล ให้ผู้เรียนสร้างหลักฐานผลงาน,ใบงานประจำหน่วย: อธิบายใบงานของหน่วย โครงงานนวัตกรรมธุรกิจดิจิทัล: เป้าหมาย งานที่ต้องส่ง รูปแบบ และกำหนดตรวจ,เกณฑ์ประเมินและสรุป: Rubric ประเมินความถูกต้อง กระบวนการ คุณภาพงาน และสรุป Key Takeaway ของ โครงงานนวัตกรรมธุรกิจดิจิทัล,คำถามทบทวนและคิดวิเคราะห์: คำถามทบทวน 3–5 ข้อและคำถามคิดวิเคราะห์ที่เชื่อม โครงงานนวัตกรรมธุรกิจดิจิทัล กับสถานการณ์จริง
31910-2026,โปรแกรมกราฟิกสำหรับการออกแบบเว็บไซต์,1,หลักกราฟิกบนเว็บ,1) อธิบาย หลักกราฟิกบนเว็บ ได้ 2) วิเคราะห์/เลือกวิธีที่เหมาะสมได้ 3) ปฏิบัติงานหรือสร้างชิ้นงานเกี่ยวกับ หลักกราฟิกบนเว็บ ได้ 4) ตรวจสอบและสะท้อนผลการทำงานได้,ใบงานหน่วยที่ 1: หลักกราฟิกบนเว็บ,ภารกิจ 1 อธิบายแนวคิดหลักของ หลักกราฟิกบนเว็บ; ภารกิจ 2 วิเคราะห์ตัวอย่าง; ภารกิจ 3 ลงมือปฏิบัติ/สร้างชิ้นงาน; ภารกิจ 4 ตรวจข้อผิดพลาด; ภารกิจ 5 สรุปสิ่งที่เรียนรู้และแนบหลักฐาน,ชื่อหน่วยและภาพรวม: อธิบายภาพรวมของ หลักกราฟิกบนเว็บ และความเชื่อมโยงกับรายวิชา โปรแกรมกราฟิกสำหรับการออกแบบเว็บไซต์,ผลลัพธ์การเรียนรู้: ผู้เรียนอธิบายหลักการ วิเคราะห์ตัวอย่าง และปฏิบัติงานเกี่ยวกับ หลักกราฟิกบนเว็บ ได้ตามเกณฑ์,ความรู้เดิมที่ต้องใช้: ทบทวนความรู้พื้นฐานที่จำเป็นก่อนเรียน หลักกราฟิกบนเว็บ พร้อมคำถามตรวจความพร้อม,คำศัพท์สำคัญ: รวบรวมคำศัพท์หลักของ หลักกราฟิกบนเว็บ พร้อมความหมายและการใช้งานจริง,ความหมายและขอบเขต: นิยาม หลักกราฟิกบนเว็บ ขอบเขตงาน และสิ่งที่อยู่/ไม่อยู่ในขอบเขต,หลักการสำคัญ: แจกแจงหลักการสำคัญของ หลักกราฟิกบนเว็บ เป็นข้อ ๆ พร้อมเหตุผล,องค์ประกอบ/โครงสร้าง: แสดงองค์ประกอบหลัก ความสัมพันธ์ และลำดับการทำงานของ หลักกราฟิกบนเว็บ,ขั้นตอนการทำงาน 1: เริ่มต้นงาน หลักกราฟิกบนเว็บ: การเตรียมข้อมูล เครื่องมือ และเงื่อนไขก่อนทำ,ขั้นตอนการทำงาน 2: ขั้นดำเนินงานหลักของ หลักกราฟิกบนเว็บ พร้อมจุดตรวจสอบระหว่างทาง,ขั้นตอนการทำงาน 3: ขั้นตรวจผล บันทึกผล และส่งมอบงานของ หลักกราฟิกบนเว็บ,ตัวอย่างที่ถูกต้อง: ตัวอย่างการประยุกต์ หลักกราฟิกบนเว็บ ที่ถูกต้อง พร้อมอธิบายเหตุผลทีละส่วน,ตัวอย่างที่ผิดและเหตุผล: ตัวอย่างข้อผิดพลาดของ หลักกราฟิกบนเว็บ วิเคราะห์สาเหตุและผลกระทบ,สาธิต/กรณีตัวอย่าง: กรณีศึกษาจากสถานการณ์จริงหรือจำลองเกี่ยวกับ หลักกราฟิกบนเว็บ,ข้อผิดพลาดที่พบบ่อย: รวบรวม Common Mistake ของ หลักกราฟิกบนเว็บ และสัญญาณที่ใช้สังเกต,แนวทางแก้ปัญหา: Troubleshooting แบบเป็นลำดับสำหรับปัญหาที่เกิดระหว่างทำ หลักกราฟิกบนเว็บ,ความปลอดภัย/จริยธรรม: ข้อควรระวัง ความปลอดภัย กฎหมาย หรือจริยธรรมที่เกี่ยวข้องกับ หลักกราฟิกบนเว็บ,ภารกิจฝึกปฏิบัติ: กิจกรรมลงมือทำเกี่ยวกับ หลักกราฟิกบนเว็บ ให้ผู้เรียนสร้างหลักฐานผลงาน,ใบงานประจำหน่วย: อธิบายใบงานของหน่วย หลักกราฟิกบนเว็บ: เป้าหมาย งานที่ต้องส่ง รูปแบบ และกำหนดตรวจ,เกณฑ์ประเมินและสรุป: Rubric ประเมินความถูกต้อง กระบวนการ คุณภาพงาน และสรุป Key Takeaway ของ หลักกราฟิกบนเว็บ,คำถามทบทวนและคิดวิเคราะห์: คำถามทบทวน 3–5 ข้อและคำถามคิดวิเคราะห์ที่เชื่อม หลักกราฟิกบนเว็บ กับสถานการณ์จริง
31910-2026,โปรแกรมกราฟิกสำหรับการออกแบบเว็บไซต์,2,Raster และ Vector,1) อธิบาย Raster และ Vector ได้ 2) วิเคราะห์/เลือกวิธีที่เหมาะสมได้ 3) ปฏิบัติงานหรือสร้างชิ้นงานเกี่ยวกับ Raster และ Vector ได้ 4) ตรวจสอบและสะท้อนผลการทำงานได้,ใบงานหน่วยที่ 2: Raster และ Vector,ภารกิจ 1 อธิบายแนวคิดหลักของ Raster และ Vector; ภารกิจ 2 วิเคราะห์ตัวอย่าง; ภารกิจ 3 ลงมือปฏิบัติ/สร้างชิ้นงาน; ภารกิจ 4 ตรวจข้อผิดพลาด; ภารกิจ 5 สรุปสิ่งที่เรียนรู้และแนบหลักฐาน,ชื่อหน่วยและภาพรวม: อธิบายภาพรวมของ Raster และ Vector และความเชื่อมโยงกับรายวิชา โปรแกรมกราฟิกสำหรับการออกแบบเว็บไซต์,ผลลัพธ์การเรียนรู้: ผู้เรียนอธิบายหลักการ วิเคราะห์ตัวอย่าง และปฏิบัติงานเกี่ยวกับ Raster และ Vector ได้ตามเกณฑ์,ความรู้เดิมที่ต้องใช้: ทบทวนความรู้พื้นฐานที่จำเป็นก่อนเรียน Raster และ Vector พร้อมคำถามตรวจความพร้อม,คำศัพท์สำคัญ: รวบรวมคำศัพท์หลักของ Raster และ Vector พร้อมความหมายและการใช้งานจริง,ความหมายและขอบเขต: นิยาม Raster และ Vector ขอบเขตงาน และสิ่งที่อยู่/ไม่อยู่ในขอบเขต,หลักการสำคัญ: แจกแจงหลักการสำคัญของ Raster และ Vector เป็นข้อ ๆ พร้อมเหตุผล,องค์ประกอบ/โครงสร้าง: แสดงองค์ประกอบหลัก ความสัมพันธ์ และลำดับการทำงานของ Raster และ Vector,ขั้นตอนการทำงาน 1: เริ่มต้นงาน Raster และ Vector: การเตรียมข้อมูล เครื่องมือ และเงื่อนไขก่อนทำ,ขั้นตอนการทำงาน 2: ขั้นดำเนินงานหลักของ Raster และ Vector พร้อมจุดตรวจสอบระหว่างทาง,ขั้นตอนการทำงาน 3: ขั้นตรวจผล บันทึกผล และส่งมอบงานของ Raster และ Vector,ตัวอย่างที่ถูกต้อง: ตัวอย่างการประยุกต์ Raster และ Vector ที่ถูกต้อง พร้อมอธิบายเหตุผลทีละส่วน,ตัวอย่างที่ผิดและเหตุผล: ตัวอย่างข้อผิดพลาดของ Raster และ Vector วิเคราะห์สาเหตุและผลกระทบ,สาธิต/กรณีตัวอย่าง: กรณีศึกษาจากสถานการณ์จริงหรือจำลองเกี่ยวกับ Raster และ Vector,ข้อผิดพลาดที่พบบ่อย: รวบรวม Common Mistake ของ Raster และ Vector และสัญญาณที่ใช้สังเกต,แนวทางแก้ปัญหา: Troubleshooting แบบเป็นลำดับสำหรับปัญหาที่เกิดระหว่างทำ Raster และ Vector,ความปลอดภัย/จริยธรรม: ข้อควรระวัง ความปลอดภัย กฎหมาย หรือจริยธรรมที่เกี่ยวข้องกับ Raster และ Vector,ภารกิจฝึกปฏิบัติ: กิจกรรมลงมือทำเกี่ยวกับ Raster และ Vector ให้ผู้เรียนสร้างหลักฐานผลงาน,ใบงานประจำหน่วย: อธิบายใบงานของหน่วย Raster และ Vector: เป้าหมาย งานที่ต้องส่ง รูปแบบ และกำหนดตรวจ,เกณฑ์ประเมินและสรุป: Rubric ประเมินความถูกต้อง กระบวนการ คุณภาพงาน และสรุป Key Takeaway ของ Raster และ Vector,คำถามทบทวนและคิดวิเคราะห์: คำถามทบทวน 3–5 ข้อและคำถามคิดวิเคราะห์ที่เชื่อม Raster และ Vector กับสถานการณ์จริง
31910-2026,โปรแกรมกราฟิกสำหรับการออกแบบเว็บไซต์,3,ขนาดภาพและ Resolution,1) อธิบาย ขนาดภาพและ Resolution ได้ 2) วิเคราะห์/เลือกวิธีที่เหมาะสมได้ 3) ปฏิบัติงานหรือสร้างชิ้นงานเกี่ยวกับ ขนาดภาพและ Resolution ได้ 4) ตรวจสอบและสะท้อนผลการทำงานได้,ใบงานหน่วยที่ 3: ขนาดภาพและ Resolution,ภารกิจ 1 อธิบายแนวคิดหลักของ ขนาดภาพและ Resolution; ภารกิจ 2 วิเคราะห์ตัวอย่าง; ภารกิจ 3 ลงมือปฏิบัติ/สร้างชิ้นงาน; ภารกิจ 4 ตรวจข้อผิดพลาด; ภารกิจ 5 สรุปสิ่งที่เรียนรู้และแนบหลักฐาน,ชื่อหน่วยและภาพรวม: อธิบายภาพรวมของ ขนาดภาพและ Resolution และความเชื่อมโยงกับรายวิชา โปรแกรมกราฟิกสำหรับการออกแบบเว็บไซต์,ผลลัพธ์การเรียนรู้: ผู้เรียนอธิบายหลักการ วิเคราะห์ตัวอย่าง และปฏิบัติงานเกี่ยวกับ ขนาดภาพและ Resolution ได้ตามเกณฑ์,ความรู้เดิมที่ต้องใช้: ทบทวนความรู้พื้นฐานที่จำเป็นก่อนเรียน ขนาดภาพและ Resolution พร้อมคำถามตรวจความพร้อม,คำศัพท์สำคัญ: รวบรวมคำศัพท์หลักของ ขนาดภาพและ Resolution พร้อมความหมายและการใช้งานจริง,ความหมายและขอบเขต: นิยาม ขนาดภาพและ Resolution ขอบเขตงาน และสิ่งที่อยู่/ไม่อยู่ในขอบเขต,หลักการสำคัญ: แจกแจงหลักการสำคัญของ ขนาดภาพและ Resolution เป็นข้อ ๆ พร้อมเหตุผล,องค์ประกอบ/โครงสร้าง: แสดงองค์ประกอบหลัก ความสัมพันธ์ และลำดับการทำงานของ ขนาดภาพและ Resolution,ขั้นตอนการทำงาน 1: เริ่มต้นงาน ขนาดภาพและ Resolution: การเตรียมข้อมูล เครื่องมือ และเงื่อนไขก่อนทำ,ขั้นตอนการทำงาน 2: ขั้นดำเนินงานหลักของ ขนาดภาพและ Resolution พร้อมจุดตรวจสอบระหว่างทาง,ขั้นตอนการทำงาน 3: ขั้นตรวจผล บันทึกผล และส่งมอบงานของ ขนาดภาพและ Resolution,ตัวอย่างที่ถูกต้อง: ตัวอย่างการประยุกต์ ขนาดภาพและ Resolution ที่ถูกต้อง พร้อมอธิบายเหตุผลทีละส่วน,ตัวอย่างที่ผิดและเหตุผล: ตัวอย่างข้อผิดพลาดของ ขนาดภาพและ Resolution วิเคราะห์สาเหตุและผลกระทบ,สาธิต/กรณีตัวอย่าง: กรณีศึกษาจากสถานการณ์จริงหรือจำลองเกี่ยวกับ ขนาดภาพและ Resolution,ข้อผิดพลาดที่พบบ่อย: รวบรวม Common Mistake ของ ขนาดภาพและ Resolution และสัญญาณที่ใช้สังเกต,แนวทางแก้ปัญหา: Troubleshooting แบบเป็นลำดับสำหรับปัญหาที่เกิดระหว่างทำ ขนาดภาพและ Resolution,ความปลอดภัย/จริยธรรม: ข้อควรระวัง ความปลอดภัย กฎหมาย หรือจริยธรรมที่เกี่ยวข้องกับ ขนาดภาพและ Resolution,ภารกิจฝึกปฏิบัติ: กิจกรรมลงมือทำเกี่ยวกับ ขนาดภาพและ Resolution ให้ผู้เรียนสร้างหลักฐานผลงาน,ใบงานประจำหน่วย: อธิบายใบงานของหน่วย ขนาดภาพและ Resolution: เป้าหมาย งานที่ต้องส่ง รูปแบบ และกำหนดตรวจ,เกณฑ์ประเมินและสรุป: Rubric ประเมินความถูกต้อง กระบวนการ คุณภาพงาน และสรุป Key Takeaway ของ ขนาดภาพและ Resolution,คำถามทบทวนและคิดวิเคราะห์: คำถามทบทวน 3–5 ข้อและคำถามคิดวิเคราะห์ที่เชื่อม ขนาดภาพและ Resolution กับสถานการณ์จริง
31910-2026,โปรแกรมกราฟิกสำหรับการออกแบบเว็บไซต์,4,Color Mode สำหรับหน้าจอ,1) อธิบาย Color Mode สำหรับหน้าจอ ได้ 2) วิเคราะห์/เลือกวิธีที่เหมาะสมได้ 3) ปฏิบัติงานหรือสร้างชิ้นงานเกี่ยวกับ Color Mode สำหรับหน้าจอ ได้ 4) ตรวจสอบและสะท้อนผลการทำงานได้,ใบงานหน่วยที่ 4: Color Mode สำหรับหน้าจอ,ภารกิจ 1 อธิบายแนวคิดหลักของ Color Mode สำหรับหน้าจอ; ภารกิจ 2 วิเคราะห์ตัวอย่าง; ภารกิจ 3 ลงมือปฏิบัติ/สร้างชิ้นงาน; ภารกิจ 4 ตรวจข้อผิดพลาด; ภารกิจ 5 สรุปสิ่งที่เรียนรู้และแนบหลักฐาน,ชื่อหน่วยและภาพรวม: อธิบายภาพรวมของ Color Mode สำหรับหน้าจอ และความเชื่อมโยงกับรายวิชา โปรแกรมกราฟิกสำหรับการออกแบบเว็บไซต์,ผลลัพธ์การเรียนรู้: ผู้เรียนอธิบายหลักการ วิเคราะห์ตัวอย่าง และปฏิบัติงานเกี่ยวกับ Color Mode สำหรับหน้าจอ ได้ตามเกณฑ์,ความรู้เดิมที่ต้องใช้: ทบทวนความรู้พื้นฐานที่จำเป็นก่อนเรียน Color Mode สำหรับหน้าจอ พร้อมคำถามตรวจความพร้อม,คำศัพท์สำคัญ: รวบรวมคำศัพท์หลักของ Color Mode สำหรับหน้าจอ พร้อมความหมายและการใช้งานจริง,ความหมายและขอบเขต: นิยาม Color Mode สำหรับหน้าจอ ขอบเขตงาน และสิ่งที่อยู่/ไม่อยู่ในขอบเขต,หลักการสำคัญ: แจกแจงหลักการสำคัญของ Color Mode สำหรับหน้าจอ เป็นข้อ ๆ พร้อมเหตุผล,องค์ประกอบ/โครงสร้าง: แสดงองค์ประกอบหลัก ความสัมพันธ์ และลำดับการทำงานของ Color Mode สำหรับหน้าจอ,ขั้นตอนการทำงาน 1: เริ่มต้นงาน Color Mode สำหรับหน้าจอ: การเตรียมข้อมูล เครื่องมือ และเงื่อนไขก่อนทำ,ขั้นตอนการทำงาน 2: ขั้นดำเนินงานหลักของ Color Mode สำหรับหน้าจอ พร้อมจุดตรวจสอบระหว่างทาง,ขั้นตอนการทำงาน 3: ขั้นตรวจผล บันทึกผล และส่งมอบงานของ Color Mode สำหรับหน้าจอ,ตัวอย่างที่ถูกต้อง: ตัวอย่างการประยุกต์ Color Mode สำหรับหน้าจอ ที่ถูกต้อง พร้อมอธิบายเหตุผลทีละส่วน,ตัวอย่างที่ผิดและเหตุผล: ตัวอย่างข้อผิดพลาดของ Color Mode สำหรับหน้าจอ วิเคราะห์สาเหตุและผลกระทบ,สาธิต/กรณีตัวอย่าง: กรณีศึกษาจากสถานการณ์จริงหรือจำลองเกี่ยวกับ Color Mode สำหรับหน้าจอ,ข้อผิดพลาดที่พบบ่อย: รวบรวม Common Mistake ของ Color Mode สำหรับหน้าจอ และสัญญาณที่ใช้สังเกต,แนวทางแก้ปัญหา: Troubleshooting แบบเป็นลำดับสำหรับปัญหาที่เกิดระหว่างทำ Color Mode สำหรับหน้าจอ,ความปลอดภัย/จริยธรรม: ข้อควรระวัง ความปลอดภัย กฎหมาย หรือจริยธรรมที่เกี่ยวข้องกับ Color Mode สำหรับหน้าจอ,ภารกิจฝึกปฏิบัติ: กิจกรรมลงมือทำเกี่ยวกับ Color Mode สำหรับหน้าจอ ให้ผู้เรียนสร้างหลักฐานผลงาน,ใบงานประจำหน่วย: อธิบายใบงานของหน่วย Color Mode สำหรับหน้าจอ: เป้าหมาย งานที่ต้องส่ง รูปแบบ และกำหนดตรวจ,เกณฑ์ประเมินและสรุป: Rubric ประเมินความถูกต้อง กระบวนการ คุณภาพงาน และสรุป Key Takeaway ของ Color Mode สำหรับหน้าจอ,คำถามทบทวนและคิดวิเคราะห์: คำถามทบทวน 3–5 ข้อและคำถามคิดวิเคราะห์ที่เชื่อม Color Mode สำหรับหน้าจอ กับสถานการณ์จริง
31910-2026,โปรแกรมกราฟิกสำหรับการออกแบบเว็บไซต์,5,Composition สำหรับ Web,1) อธิบาย Composition สำหรับ Web ได้ 2) วิเคราะห์/เลือกวิธีที่เหมาะสมได้ 3) ปฏิบัติงานหรือสร้างชิ้นงานเกี่ยวกับ Composition สำหรับ Web ได้ 4) ตรวจสอบและสะท้อนผลการทำงานได้,ใบงานหน่วยที่ 5: Composition สำหรับ Web,ภารกิจ 1 อธิบายแนวคิดหลักของ Composition สำหรับ Web; ภารกิจ 2 วิเคราะห์ตัวอย่าง; ภารกิจ 3 ลงมือปฏิบัติ/สร้างชิ้นงาน; ภารกิจ 4 ตรวจข้อผิดพลาด; ภารกิจ 5 สรุปสิ่งที่เรียนรู้และแนบหลักฐาน,ชื่อหน่วยและภาพรวม: อธิบายภาพรวมของ Composition สำหรับ Web และความเชื่อมโยงกับรายวิชา โปรแกรมกราฟิกสำหรับการออกแบบเว็บไซต์,ผลลัพธ์การเรียนรู้: ผู้เรียนอธิบายหลักการ วิเคราะห์ตัวอย่าง และปฏิบัติงานเกี่ยวกับ Composition สำหรับ Web ได้ตามเกณฑ์,ความรู้เดิมที่ต้องใช้: ทบทวนความรู้พื้นฐานที่จำเป็นก่อนเรียน Composition สำหรับ Web พร้อมคำถามตรวจความพร้อม,คำศัพท์สำคัญ: รวบรวมคำศัพท์หลักของ Composition สำหรับ Web พร้อมความหมายและการใช้งานจริง,ความหมายและขอบเขต: นิยาม Composition สำหรับ Web ขอบเขตงาน และสิ่งที่อยู่/ไม่อยู่ในขอบเขต,หลักการสำคัญ: แจกแจงหลักการสำคัญของ Composition สำหรับ Web เป็นข้อ ๆ พร้อมเหตุผล,องค์ประกอบ/โครงสร้าง: แสดงองค์ประกอบหลัก ความสัมพันธ์ และลำดับการทำงานของ Composition สำหรับ Web,ขั้นตอนการทำงาน 1: เริ่มต้นงาน Composition สำหรับ Web: การเตรียมข้อมูล เครื่องมือ และเงื่อนไขก่อนทำ,ขั้นตอนการทำงาน 2: ขั้นดำเนินงานหลักของ Composition สำหรับ Web พร้อมจุดตรวจสอบระหว่างทาง,ขั้นตอนการทำงาน 3: ขั้นตรวจผล บันทึกผล และส่งมอบงานของ Composition สำหรับ Web,ตัวอย่างที่ถูกต้อง: ตัวอย่างการประยุกต์ Composition สำหรับ Web ที่ถูกต้อง พร้อมอธิบายเหตุผลทีละส่วน,ตัวอย่างที่ผิดและเหตุผล: ตัวอย่างข้อผิดพลาดของ Composition สำหรับ Web วิเคราะห์สาเหตุและผลกระทบ,สาธิต/กรณีตัวอย่าง: กรณีศึกษาจากสถานการณ์จริงหรือจำลองเกี่ยวกับ Composition สำหรับ Web,ข้อผิดพลาดที่พบบ่อย: รวบรวม Common Mistake ของ Composition สำหรับ Web และสัญญาณที่ใช้สังเกต,แนวทางแก้ปัญหา: Troubleshooting แบบเป็นลำดับสำหรับปัญหาที่เกิดระหว่างทำ Composition สำหรับ Web,ความปลอดภัย/จริยธรรม: ข้อควรระวัง ความปลอดภัย กฎหมาย หรือจริยธรรมที่เกี่ยวข้องกับ Composition สำหรับ Web,ภารกิจฝึกปฏิบัติ: กิจกรรมลงมือทำเกี่ยวกับ Composition สำหรับ Web ให้ผู้เรียนสร้างหลักฐานผลงาน,ใบงานประจำหน่วย: อธิบายใบงานของหน่วย Composition สำหรับ Web: เป้าหมาย งานที่ต้องส่ง รูปแบบ และกำหนดตรวจ,เกณฑ์ประเมินและสรุป: Rubric ประเมินความถูกต้อง กระบวนการ คุณภาพงาน และสรุป Key Takeaway ของ Composition สำหรับ Web,คำถามทบทวนและคิดวิเคราะห์: คำถามทบทวน 3–5 ข้อและคำถามคิดวิเคราะห์ที่เชื่อม Composition สำหรับ Web กับสถานการณ์จริง
31910-2026,โปรแกรมกราฟิกสำหรับการออกแบบเว็บไซต์,6,Typography บนเว็บ,1) อธิบาย Typography บนเว็บ ได้ 2) วิเคราะห์/เลือกวิธีที่เหมาะสมได้ 3) ปฏิบัติงานหรือสร้างชิ้นงานเกี่ยวกับ Typography บนเว็บ ได้ 4) ตรวจสอบและสะท้อนผลการทำงานได้,ใบงานหน่วยที่ 6: Typography บนเว็บ,ภารกิจ 1 อธิบายแนวคิดหลักของ Typography บนเว็บ; ภารกิจ 2 วิเคราะห์ตัวอย่าง; ภารกิจ 3 ลงมือปฏิบัติ/สร้างชิ้นงาน; ภารกิจ 4 ตรวจข้อผิดพลาด; ภารกิจ 5 สรุปสิ่งที่เรียนรู้และแนบหลักฐาน,ชื่อหน่วยและภาพรวม: อธิบายภาพรวมของ Typography บนเว็บ และความเชื่อมโยงกับรายวิชา โปรแกรมกราฟิกสำหรับการออกแบบเว็บไซต์,ผลลัพธ์การเรียนรู้: ผู้เรียนอธิบายหลักการ วิเคราะห์ตัวอย่าง และปฏิบัติงานเกี่ยวกับ Typography บนเว็บ ได้ตามเกณฑ์,ความรู้เดิมที่ต้องใช้: ทบทวนความรู้พื้นฐานที่จำเป็นก่อนเรียน Typography บนเว็บ พร้อมคำถามตรวจความพร้อม,คำศัพท์สำคัญ: รวบรวมคำศัพท์หลักของ Typography บนเว็บ พร้อมความหมายและการใช้งานจริง,ความหมายและขอบเขต: นิยาม Typography บนเว็บ ขอบเขตงาน และสิ่งที่อยู่/ไม่อยู่ในขอบเขต,หลักการสำคัญ: แจกแจงหลักการสำคัญของ Typography บนเว็บ เป็นข้อ ๆ พร้อมเหตุผล,องค์ประกอบ/โครงสร้าง: แสดงองค์ประกอบหลัก ความสัมพันธ์ และลำดับการทำงานของ Typography บนเว็บ,ขั้นตอนการทำงาน 1: เริ่มต้นงาน Typography บนเว็บ: การเตรียมข้อมูล เครื่องมือ และเงื่อนไขก่อนทำ,ขั้นตอนการทำงาน 2: ขั้นดำเนินงานหลักของ Typography บนเว็บ พร้อมจุดตรวจสอบระหว่างทาง,ขั้นตอนการทำงาน 3: ขั้นตรวจผล บันทึกผล และส่งมอบงานของ Typography บนเว็บ,ตัวอย่างที่ถูกต้อง: ตัวอย่างการประยุกต์ Typography บนเว็บ ที่ถูกต้อง พร้อมอธิบายเหตุผลทีละส่วน,ตัวอย่างที่ผิดและเหตุผล: ตัวอย่างข้อผิดพลาดของ Typography บนเว็บ วิเคราะห์สาเหตุและผลกระทบ,สาธิต/กรณีตัวอย่าง: กรณีศึกษาจากสถานการณ์จริงหรือจำลองเกี่ยวกับ Typography บนเว็บ,ข้อผิดพลาดที่พบบ่อย: รวบรวม Common Mistake ของ Typography บนเว็บ และสัญญาณที่ใช้สังเกต,แนวทางแก้ปัญหา: Troubleshooting แบบเป็นลำดับสำหรับปัญหาที่เกิดระหว่างทำ Typography บนเว็บ,ความปลอดภัย/จริยธรรม: ข้อควรระวัง ความปลอดภัย กฎหมาย หรือจริยธรรมที่เกี่ยวข้องกับ Typography บนเว็บ,ภารกิจฝึกปฏิบัติ: กิจกรรมลงมือทำเกี่ยวกับ Typography บนเว็บ ให้ผู้เรียนสร้างหลักฐานผลงาน,ใบงานประจำหน่วย: อธิบายใบงานของหน่วย Typography บนเว็บ: เป้าหมาย งานที่ต้องส่ง รูปแบบ และกำหนดตรวจ,เกณฑ์ประเมินและสรุป: Rubric ประเมินความถูกต้อง กระบวนการ คุณภาพงาน และสรุป Key Takeaway ของ Typography บนเว็บ,คำถามทบทวนและคิดวิเคราะห์: คำถามทบทวน 3–5 ข้อและคำถามคิดวิเคราะห์ที่เชื่อม Typography บนเว็บ กับสถานการณ์จริง
31910-2026,โปรแกรมกราฟิกสำหรับการออกแบบเว็บไซต์,7,Icon และ UI Asset,1) อธิบาย Icon และ UI Asset ได้ 2) วิเคราะห์/เลือกวิธีที่เหมาะสมได้ 3) ปฏิบัติงานหรือสร้างชิ้นงานเกี่ยวกับ Icon และ UI Asset ได้ 4) ตรวจสอบและสะท้อนผลการทำงานได้,ใบงานหน่วยที่ 7: Icon และ UI Asset,ภารกิจ 1 อธิบายแนวคิดหลักของ Icon และ UI Asset; ภารกิจ 2 วิเคราะห์ตัวอย่าง; ภารกิจ 3 ลงมือปฏิบัติ/สร้างชิ้นงาน; ภารกิจ 4 ตรวจข้อผิดพลาด; ภารกิจ 5 สรุปสิ่งที่เรียนรู้และแนบหลักฐาน,ชื่อหน่วยและภาพรวม: อธิบายภาพรวมของ Icon และ UI Asset และความเชื่อมโยงกับรายวิชา โปรแกรมกราฟิกสำหรับการออกแบบเว็บไซต์,ผลลัพธ์การเรียนรู้: ผู้เรียนอธิบายหลักการ วิเคราะห์ตัวอย่าง และปฏิบัติงานเกี่ยวกับ Icon และ UI Asset ได้ตามเกณฑ์,ความรู้เดิมที่ต้องใช้: ทบทวนความรู้พื้นฐานที่จำเป็นก่อนเรียน Icon และ UI Asset พร้อมคำถามตรวจความพร้อม,คำศัพท์สำคัญ: รวบรวมคำศัพท์หลักของ Icon และ UI Asset พร้อมความหมายและการใช้งานจริง,ความหมายและขอบเขต: นิยาม Icon และ UI Asset ขอบเขตงาน และสิ่งที่อยู่/ไม่อยู่ในขอบเขต,หลักการสำคัญ: แจกแจงหลักการสำคัญของ Icon และ UI Asset เป็นข้อ ๆ พร้อมเหตุผล,องค์ประกอบ/โครงสร้าง: แสดงองค์ประกอบหลัก ความสัมพันธ์ และลำดับการทำงานของ Icon และ UI Asset,ขั้นตอนการทำงาน 1: เริ่มต้นงาน Icon และ UI Asset: การเตรียมข้อมูล เครื่องมือ และเงื่อนไขก่อนทำ,ขั้นตอนการทำงาน 2: ขั้นดำเนินงานหลักของ Icon และ UI Asset พร้อมจุดตรวจสอบระหว่างทาง,ขั้นตอนการทำงาน 3: ขั้นตรวจผล บันทึกผล และส่งมอบงานของ Icon และ UI Asset,ตัวอย่างที่ถูกต้อง: ตัวอย่างการประยุกต์ Icon และ UI Asset ที่ถูกต้อง พร้อมอธิบายเหตุผลทีละส่วน,ตัวอย่างที่ผิดและเหตุผล: ตัวอย่างข้อผิดพลาดของ Icon และ UI Asset วิเคราะห์สาเหตุและผลกระทบ,สาธิต/กรณีตัวอย่าง: กรณีศึกษาจากสถานการณ์จริงหรือจำลองเกี่ยวกับ Icon และ UI Asset,ข้อผิดพลาดที่พบบ่อย: รวบรวม Common Mistake ของ Icon และ UI Asset และสัญญาณที่ใช้สังเกต,แนวทางแก้ปัญหา: Troubleshooting แบบเป็นลำดับสำหรับปัญหาที่เกิดระหว่างทำ Icon และ UI Asset,ความปลอดภัย/จริยธรรม: ข้อควรระวัง ความปลอดภัย กฎหมาย หรือจริยธรรมที่เกี่ยวข้องกับ Icon และ UI Asset,ภารกิจฝึกปฏิบัติ: กิจกรรมลงมือทำเกี่ยวกับ Icon และ UI Asset ให้ผู้เรียนสร้างหลักฐานผลงาน,ใบงานประจำหน่วย: อธิบายใบงานของหน่วย Icon และ UI Asset: เป้าหมาย งานที่ต้องส่ง รูปแบบ และกำหนดตรวจ,เกณฑ์ประเมินและสรุป: Rubric ประเมินความถูกต้อง กระบวนการ คุณภาพงาน และสรุป Key Takeaway ของ Icon และ UI Asset,คำถามทบทวนและคิดวิเคราะห์: คำถามทบทวน 3–5 ข้อและคำถามคิดวิเคราะห์ที่เชื่อม Icon และ UI Asset กับสถานการณ์จริง
31910-2026,โปรแกรมกราฟิกสำหรับการออกแบบเว็บไซต์,8,การสร้าง Banner,1) อธิบาย การสร้าง Banner ได้ 2) วิเคราะห์/เลือกวิธีที่เหมาะสมได้ 3) ปฏิบัติงานหรือสร้างชิ้นงานเกี่ยวกับ การสร้าง Banner ได้ 4) ตรวจสอบและสะท้อนผลการทำงานได้,ใบงานหน่วยที่ 8: การสร้าง Banner,ภารกิจ 1 อธิบายแนวคิดหลักของ การสร้าง Banner; ภารกิจ 2 วิเคราะห์ตัวอย่าง; ภารกิจ 3 ลงมือปฏิบัติ/สร้างชิ้นงาน; ภารกิจ 4 ตรวจข้อผิดพลาด; ภารกิจ 5 สรุปสิ่งที่เรียนรู้และแนบหลักฐาน,ชื่อหน่วยและภาพรวม: อธิบายภาพรวมของ การสร้าง Banner และความเชื่อมโยงกับรายวิชา โปรแกรมกราฟิกสำหรับการออกแบบเว็บไซต์,ผลลัพธ์การเรียนรู้: ผู้เรียนอธิบายหลักการ วิเคราะห์ตัวอย่าง และปฏิบัติงานเกี่ยวกับ การสร้าง Banner ได้ตามเกณฑ์,ความรู้เดิมที่ต้องใช้: ทบทวนความรู้พื้นฐานที่จำเป็นก่อนเรียน การสร้าง Banner พร้อมคำถามตรวจความพร้อม,คำศัพท์สำคัญ: รวบรวมคำศัพท์หลักของ การสร้าง Banner พร้อมความหมายและการใช้งานจริง,ความหมายและขอบเขต: นิยาม การสร้าง Banner ขอบเขตงาน และสิ่งที่อยู่/ไม่อยู่ในขอบเขต,หลักการสำคัญ: แจกแจงหลักการสำคัญของ การสร้าง Banner เป็นข้อ ๆ พร้อมเหตุผล,องค์ประกอบ/โครงสร้าง: แสดงองค์ประกอบหลัก ความสัมพันธ์ และลำดับการทำงานของ การสร้าง Banner,ขั้นตอนการทำงาน 1: เริ่มต้นงาน การสร้าง Banner: การเตรียมข้อมูล เครื่องมือ และเงื่อนไขก่อนทำ,ขั้นตอนการทำงาน 2: ขั้นดำเนินงานหลักของ การสร้าง Banner พร้อมจุดตรวจสอบระหว่างทาง,ขั้นตอนการทำงาน 3: ขั้นตรวจผล บันทึกผล และส่งมอบงานของ การสร้าง Banner,ตัวอย่างที่ถูกต้อง: ตัวอย่างการประยุกต์ การสร้าง Banner ที่ถูกต้อง พร้อมอธิบายเหตุผลทีละส่วน,ตัวอย่างที่ผิดและเหตุผล: ตัวอย่างข้อผิดพลาดของ การสร้าง Banner วิเคราะห์สาเหตุและผลกระทบ,สาธิต/กรณีตัวอย่าง: กรณีศึกษาจากสถานการณ์จริงหรือจำลองเกี่ยวกับ การสร้าง Banner,ข้อผิดพลาดที่พบบ่อย: รวบรวม Common Mistake ของ การสร้าง Banner และสัญญาณที่ใช้สังเกต,แนวทางแก้ปัญหา: Troubleshooting แบบเป็นลำดับสำหรับปัญหาที่เกิดระหว่างทำ การสร้าง Banner,ความปลอดภัย/จริยธรรม: ข้อควรระวัง ความปลอดภัย กฎหมาย หรือจริยธรรมที่เกี่ยวข้องกับ การสร้าง Banner,ภารกิจฝึกปฏิบัติ: กิจกรรมลงมือทำเกี่ยวกับ การสร้าง Banner ให้ผู้เรียนสร้างหลักฐานผลงาน,ใบงานประจำหน่วย: อธิบายใบงานของหน่วย การสร้าง Banner: เป้าหมาย งานที่ต้องส่ง รูปแบบ และกำหนดตรวจ,เกณฑ์ประเมินและสรุป: Rubric ประเมินความถูกต้อง กระบวนการ คุณภาพงาน และสรุป Key Takeaway ของ การสร้าง Banner,คำถามทบทวนและคิดวิเคราะห์: คำถามทบทวน 3–5 ข้อและคำถามคิดวิเคราะห์ที่เชื่อม การสร้าง Banner กับสถานการณ์จริง
31910-2026,โปรแกรมกราฟิกสำหรับการออกแบบเว็บไซต์,9,การแต่งภาพผลิตภัณฑ์,1) อธิบาย การแต่งภาพผลิตภัณฑ์ ได้ 2) วิเคราะห์/เลือกวิธีที่เหมาะสมได้ 3) ปฏิบัติงานหรือสร้างชิ้นงานเกี่ยวกับ การแต่งภาพผลิตภัณฑ์ ได้ 4) ตรวจสอบและสะท้อนผลการทำงานได้,ใบงานหน่วยที่ 9: การแต่งภาพผลิตภัณฑ์,ภารกิจ 1 อธิบายแนวคิดหลักของ การแต่งภาพผลิตภัณฑ์; ภารกิจ 2 วิเคราะห์ตัวอย่าง; ภารกิจ 3 ลงมือปฏิบัติ/สร้างชิ้นงาน; ภารกิจ 4 ตรวจข้อผิดพลาด; ภารกิจ 5 สรุปสิ่งที่เรียนรู้และแนบหลักฐาน,ชื่อหน่วยและภาพรวม: อธิบายภาพรวมของ การแต่งภาพผลิตภัณฑ์ และความเชื่อมโยงกับรายวิชา โปรแกรมกราฟิกสำหรับการออกแบบเว็บไซต์,ผลลัพธ์การเรียนรู้: ผู้เรียนอธิบายหลักการ วิเคราะห์ตัวอย่าง และปฏิบัติงานเกี่ยวกับ การแต่งภาพผลิตภัณฑ์ ได้ตามเกณฑ์,ความรู้เดิมที่ต้องใช้: ทบทวนความรู้พื้นฐานที่จำเป็นก่อนเรียน การแต่งภาพผลิตภัณฑ์ พร้อมคำถามตรวจความพร้อม,คำศัพท์สำคัญ: รวบรวมคำศัพท์หลักของ การแต่งภาพผลิตภัณฑ์ พร้อมความหมายและการใช้งานจริง,ความหมายและขอบเขต: นิยาม การแต่งภาพผลิตภัณฑ์ ขอบเขตงาน และสิ่งที่อยู่/ไม่อยู่ในขอบเขต,หลักการสำคัญ: แจกแจงหลักการสำคัญของ การแต่งภาพผลิตภัณฑ์ เป็นข้อ ๆ พร้อมเหตุผล,องค์ประกอบ/โครงสร้าง: แสดงองค์ประกอบหลัก ความสัมพันธ์ และลำดับการทำงานของ การแต่งภาพผลิตภัณฑ์,ขั้นตอนการทำงาน 1: เริ่มต้นงาน การแต่งภาพผลิตภัณฑ์: การเตรียมข้อมูล เครื่องมือ และเงื่อนไขก่อนทำ,ขั้นตอนการทำงาน 2: ขั้นดำเนินงานหลักของ การแต่งภาพผลิตภัณฑ์ พร้อมจุดตรวจสอบระหว่างทาง,ขั้นตอนการทำงาน 3: ขั้นตรวจผล บันทึกผล และส่งมอบงานของ การแต่งภาพผลิตภัณฑ์,ตัวอย่างที่ถูกต้อง: ตัวอย่างการประยุกต์ การแต่งภาพผลิตภัณฑ์ ที่ถูกต้อง พร้อมอธิบายเหตุผลทีละส่วน,ตัวอย่างที่ผิดและเหตุผล: ตัวอย่างข้อผิดพลาดของ การแต่งภาพผลิตภัณฑ์ วิเคราะห์สาเหตุและผลกระทบ,สาธิต/กรณีตัวอย่าง: กรณีศึกษาจากสถานการณ์จริงหรือจำลองเกี่ยวกับ การแต่งภาพผลิตภัณฑ์,ข้อผิดพลาดที่พบบ่อย: รวบรวม Common Mistake ของ การแต่งภาพผลิตภัณฑ์ และสัญญาณที่ใช้สังเกต,แนวทางแก้ปัญหา: Troubleshooting แบบเป็นลำดับสำหรับปัญหาที่เกิดระหว่างทำ การแต่งภาพผลิตภัณฑ์,ความปลอดภัย/จริยธรรม: ข้อควรระวัง ความปลอดภัย กฎหมาย หรือจริยธรรมที่เกี่ยวข้องกับ การแต่งภาพผลิตภัณฑ์,ภารกิจฝึกปฏิบัติ: กิจกรรมลงมือทำเกี่ยวกับ การแต่งภาพผลิตภัณฑ์ ให้ผู้เรียนสร้างหลักฐานผลงาน,ใบงานประจำหน่วย: อธิบายใบงานของหน่วย การแต่งภาพผลิตภัณฑ์: เป้าหมาย งานที่ต้องส่ง รูปแบบ และกำหนดตรวจ,เกณฑ์ประเมินและสรุป: Rubric ประเมินความถูกต้อง กระบวนการ คุณภาพงาน และสรุป Key Takeaway ของ การแต่งภาพผลิตภัณฑ์,คำถามทบทวนและคิดวิเคราะห์: คำถามทบทวน 3–5 ข้อและคำถามคิดวิเคราะห์ที่เชื่อม การแต่งภาพผลิตภัณฑ์ กับสถานการณ์จริง
31910-2026,โปรแกรมกราฟิกสำหรับการออกแบบเว็บไซต์,10,การออกแบบ Hero Section,1) อธิบาย การออกแบบ Hero Section ได้ 2) วิเคราะห์/เลือกวิธีที่เหมาะสมได้ 3) ปฏิบัติงานหรือสร้างชิ้นงานเกี่ยวกับ การออกแบบ Hero Section ได้ 4) ตรวจสอบและสะท้อนผลการทำงานได้,ใบงานหน่วยที่ 10: การออกแบบ Hero Section,ภารกิจ 1 อธิบายแนวคิดหลักของ การออกแบบ Hero Section; ภารกิจ 2 วิเคราะห์ตัวอย่าง; ภารกิจ 3 ลงมือปฏิบัติ/สร้างชิ้นงาน; ภารกิจ 4 ตรวจข้อผิดพลาด; ภารกิจ 5 สรุปสิ่งที่เรียนรู้และแนบหลักฐาน,ชื่อหน่วยและภาพรวม: อธิบายภาพรวมของ การออกแบบ Hero Section และความเชื่อมโยงกับรายวิชา โปรแกรมกราฟิกสำหรับการออกแบบเว็บไซต์,ผลลัพธ์การเรียนรู้: ผู้เรียนอธิบายหลักการ วิเคราะห์ตัวอย่าง และปฏิบัติงานเกี่ยวกับ การออกแบบ Hero Section ได้ตามเกณฑ์,ความรู้เดิมที่ต้องใช้: ทบทวนความรู้พื้นฐานที่จำเป็นก่อนเรียน การออกแบบ Hero Section พร้อมคำถามตรวจความพร้อม,คำศัพท์สำคัญ: รวบรวมคำศัพท์หลักของ การออกแบบ Hero Section พร้อมความหมายและการใช้งานจริง,ความหมายและขอบเขต: นิยาม การออกแบบ Hero Section ขอบเขตงาน และสิ่งที่อยู่/ไม่อยู่ในขอบเขต,หลักการสำคัญ: แจกแจงหลักการสำคัญของ การออกแบบ Hero Section เป็นข้อ ๆ พร้อมเหตุผล,องค์ประกอบ/โครงสร้าง: แสดงองค์ประกอบหลัก ความสัมพันธ์ และลำดับการทำงานของ การออกแบบ Hero Section,ขั้นตอนการทำงาน 1: เริ่มต้นงาน การออกแบบ Hero Section: การเตรียมข้อมูล เครื่องมือ และเงื่อนไขก่อนทำ,ขั้นตอนการทำงาน 2: ขั้นดำเนินงานหลักของ การออกแบบ Hero Section พร้อมจุดตรวจสอบระหว่างทาง,ขั้นตอนการทำงาน 3: ขั้นตรวจผล บันทึกผล และส่งมอบงานของ การออกแบบ Hero Section,ตัวอย่างที่ถูกต้อง: ตัวอย่างการประยุกต์ การออกแบบ Hero Section ที่ถูกต้อง พร้อมอธิบายเหตุผลทีละส่วน,ตัวอย่างที่ผิดและเหตุผล: ตัวอย่างข้อผิดพลาดของ การออกแบบ Hero Section วิเคราะห์สาเหตุและผลกระทบ,สาธิต/กรณีตัวอย่าง: กรณีศึกษาจากสถานการณ์จริงหรือจำลองเกี่ยวกับ การออกแบบ Hero Section,ข้อผิดพลาดที่พบบ่อย: รวบรวม Common Mistake ของ การออกแบบ Hero Section และสัญญาณที่ใช้สังเกต,แนวทางแก้ปัญหา: Troubleshooting แบบเป็นลำดับสำหรับปัญหาที่เกิดระหว่างทำ การออกแบบ Hero Section,ความปลอดภัย/จริยธรรม: ข้อควรระวัง ความปลอดภัย กฎหมาย หรือจริยธรรมที่เกี่ยวข้องกับ การออกแบบ Hero Section,ภารกิจฝึกปฏิบัติ: กิจกรรมลงมือทำเกี่ยวกับ การออกแบบ Hero Section ให้ผู้เรียนสร้างหลักฐานผลงาน,ใบงานประจำหน่วย: อธิบายใบงานของหน่วย การออกแบบ Hero Section: เป้าหมาย งานที่ต้องส่ง รูปแบบ และกำหนดตรวจ,เกณฑ์ประเมินและสรุป: Rubric ประเมินความถูกต้อง กระบวนการ คุณภาพงาน และสรุป Key Takeaway ของ การออกแบบ Hero Section,คำถามทบทวนและคิดวิเคราะห์: คำถามทบทวน 3–5 ข้อและคำถามคิดวิเคราะห์ที่เชื่อม การออกแบบ Hero Section กับสถานการณ์จริง
31910-2026,โปรแกรมกราฟิกสำหรับการออกแบบเว็บไซต์,11,การออกแบบ Card และ Component,1) อธิบาย การออกแบบ Card และ Component ได้ 2) วิเคราะห์/เลือกวิธีที่เหมาะสมได้ 3) ปฏิบัติงานหรือสร้างชิ้นงานเกี่ยวกับ การออกแบบ Card และ Component ได้ 4) ตรวจสอบและสะท้อนผลการทำงานได้,ใบงานหน่วยที่ 11: การออกแบบ Card และ Component,ภารกิจ 1 อธิบายแนวคิดหลักของ การออกแบบ Card และ Component; ภารกิจ 2 วิเคราะห์ตัวอย่าง; ภารกิจ 3 ลงมือปฏิบัติ/สร้างชิ้นงาน; ภารกิจ 4 ตรวจข้อผิดพลาด; ภารกิจ 5 สรุปสิ่งที่เรียนรู้และแนบหลักฐาน,ชื่อหน่วยและภาพรวม: อธิบายภาพรวมของ การออกแบบ Card และ Component และความเชื่อมโยงกับรายวิชา โปรแกรมกราฟิกสำหรับการออกแบบเว็บไซต์,ผลลัพธ์การเรียนรู้: ผู้เรียนอธิบายหลักการ วิเคราะห์ตัวอย่าง และปฏิบัติงานเกี่ยวกับ การออกแบบ Card และ Component ได้ตามเกณฑ์,ความรู้เดิมที่ต้องใช้: ทบทวนความรู้พื้นฐานที่จำเป็นก่อนเรียน การออกแบบ Card และ Component พร้อมคำถามตรวจความพร้อม,คำศัพท์สำคัญ: รวบรวมคำศัพท์หลักของ การออกแบบ Card และ Component พร้อมความหมายและการใช้งานจริง,ความหมายและขอบเขต: นิยาม การออกแบบ Card และ Component ขอบเขตงาน และสิ่งที่อยู่/ไม่อยู่ในขอบเขต,หลักการสำคัญ: แจกแจงหลักการสำคัญของ การออกแบบ Card และ Component เป็นข้อ ๆ พร้อมเหตุผล,องค์ประกอบ/โครงสร้าง: แสดงองค์ประกอบหลัก ความสัมพันธ์ และลำดับการทำงานของ การออกแบบ Card และ Component,ขั้นตอนการทำงาน 1: เริ่มต้นงาน การออกแบบ Card และ Component: การเตรียมข้อมูล เครื่องมือ และเงื่อนไขก่อนทำ,ขั้นตอนการทำงาน 2: ขั้นดำเนินงานหลักของ การออกแบบ Card และ Component พร้อมจุดตรวจสอบระหว่างทาง,ขั้นตอนการทำงาน 3: ขั้นตรวจผล บันทึกผล และส่งมอบงานของ การออกแบบ Card และ Component,ตัวอย่างที่ถูกต้อง: ตัวอย่างการประยุกต์ การออกแบบ Card และ Component ที่ถูกต้อง พร้อมอธิบายเหตุผลทีละส่วน,ตัวอย่างที่ผิดและเหตุผล: ตัวอย่างข้อผิดพลาดของ การออกแบบ Card และ Component วิเคราะห์สาเหตุและผลกระทบ,สาธิต/กรณีตัวอย่าง: กรณีศึกษาจากสถานการณ์จริงหรือจำลองเกี่ยวกับ การออกแบบ Card และ Component,ข้อผิดพลาดที่พบบ่อย: รวบรวม Common Mistake ของ การออกแบบ Card และ Component และสัญญาณที่ใช้สังเกต,แนวทางแก้ปัญหา: Troubleshooting แบบเป็นลำดับสำหรับปัญหาที่เกิดระหว่างทำ การออกแบบ Card และ Component,ความปลอดภัย/จริยธรรม: ข้อควรระวัง ความปลอดภัย กฎหมาย หรือจริยธรรมที่เกี่ยวข้องกับ การออกแบบ Card และ Component,ภารกิจฝึกปฏิบัติ: กิจกรรมลงมือทำเกี่ยวกับ การออกแบบ Card และ Component ให้ผู้เรียนสร้างหลักฐานผลงาน,ใบงานประจำหน่วย: อธิบายใบงานของหน่วย การออกแบบ Card และ Component: เป้าหมาย งานที่ต้องส่ง รูปแบบ และกำหนดตรวจ,เกณฑ์ประเมินและสรุป: Rubric ประเมินความถูกต้อง กระบวนการ คุณภาพงาน และสรุป Key Takeaway ของ การออกแบบ Card และ Component,คำถามทบทวนและคิดวิเคราะห์: คำถามทบทวน 3–5 ข้อและคำถามคิดวิเคราะห์ที่เชื่อม การออกแบบ Card และ Component กับสถานการณ์จริง
31910-2026,โปรแกรมกราฟิกสำหรับการออกแบบเว็บไซต์,12,การสร้าง Background และ Pattern,1) อธิบาย การสร้าง Background และ Pattern ได้ 2) วิเคราะห์/เลือกวิธีที่เหมาะสมได้ 3) ปฏิบัติงานหรือสร้างชิ้นงานเกี่ยวกับ การสร้าง Background และ Pattern ได้ 4) ตรวจสอบและสะท้อนผลการทำงานได้,ใบงานหน่วยที่ 12: การสร้าง Background และ Pattern,ภารกิจ 1 อธิบายแนวคิดหลักของ การสร้าง Background และ Pattern; ภารกิจ 2 วิเคราะห์ตัวอย่าง; ภารกิจ 3 ลงมือปฏิบัติ/สร้างชิ้นงาน; ภารกิจ 4 ตรวจข้อผิดพลาด; ภารกิจ 5 สรุปสิ่งที่เรียนรู้และแนบหลักฐาน,ชื่อหน่วยและภาพรวม: อธิบายภาพรวมของ การสร้าง Background และ Pattern และความเชื่อมโยงกับรายวิชา โปรแกรมกราฟิกสำหรับการออกแบบเว็บไซต์,ผลลัพธ์การเรียนรู้: ผู้เรียนอธิบายหลักการ วิเคราะห์ตัวอย่าง และปฏิบัติงานเกี่ยวกับ การสร้าง Background และ Pattern ได้ตามเกณฑ์,ความรู้เดิมที่ต้องใช้: ทบทวนความรู้พื้นฐานที่จำเป็นก่อนเรียน การสร้าง Background และ Pattern พร้อมคำถามตรวจความพร้อม,คำศัพท์สำคัญ: รวบรวมคำศัพท์หลักของ การสร้าง Background และ Pattern พร้อมความหมายและการใช้งานจริง,ความหมายและขอบเขต: นิยาม การสร้าง Background และ Pattern ขอบเขตงาน และสิ่งที่อยู่/ไม่อยู่ในขอบเขต,หลักการสำคัญ: แจกแจงหลักการสำคัญของ การสร้าง Background และ Pattern เป็นข้อ ๆ พร้อมเหตุผล,องค์ประกอบ/โครงสร้าง: แสดงองค์ประกอบหลัก ความสัมพันธ์ และลำดับการทำงานของ การสร้าง Background และ Pattern,ขั้นตอนการทำงาน 1: เริ่มต้นงาน การสร้าง Background และ Pattern: การเตรียมข้อมูล เครื่องมือ และเงื่อนไขก่อนทำ,ขั้นตอนการทำงาน 2: ขั้นดำเนินงานหลักของ การสร้าง Background และ Pattern พร้อมจุดตรวจสอบระหว่างทาง,ขั้นตอนการทำงาน 3: ขั้นตรวจผล บันทึกผล และส่งมอบงานของ การสร้าง Background และ Pattern,ตัวอย่างที่ถูกต้อง: ตัวอย่างการประยุกต์ การสร้าง Background และ Pattern ที่ถูกต้อง พร้อมอธิบายเหตุผลทีละส่วน,ตัวอย่างที่ผิดและเหตุผล: ตัวอย่างข้อผิดพลาดของ การสร้าง Background และ Pattern วิเคราะห์สาเหตุและผลกระทบ,สาธิต/กรณีตัวอย่าง: กรณีศึกษาจากสถานการณ์จริงหรือจำลองเกี่ยวกับ การสร้าง Background และ Pattern,ข้อผิดพลาดที่พบบ่อย: รวบรวม Common Mistake ของ การสร้าง Background และ Pattern และสัญญาณที่ใช้สังเกต,แนวทางแก้ปัญหา: Troubleshooting แบบเป็นลำดับสำหรับปัญหาที่เกิดระหว่างทำ การสร้าง Background และ Pattern,ความปลอดภัย/จริยธรรม: ข้อควรระวัง ความปลอดภัย กฎหมาย หรือจริยธรรมที่เกี่ยวข้องกับ การสร้าง Background และ Pattern,ภารกิจฝึกปฏิบัติ: กิจกรรมลงมือทำเกี่ยวกับ การสร้าง Background และ Pattern ให้ผู้เรียนสร้างหลักฐานผลงาน,ใบงานประจำหน่วย: อธิบายใบงานของหน่วย การสร้าง Background และ Pattern: เป้าหมาย งานที่ต้องส่ง รูปแบบ และกำหนดตรวจ,เกณฑ์ประเมินและสรุป: Rubric ประเมินความถูกต้อง กระบวนการ คุณภาพงาน และสรุป Key Takeaway ของ การสร้าง Background และ Pattern,คำถามทบทวนและคิดวิเคราะห์: คำถามทบทวน 3–5 ข้อและคำถามคิดวิเคราะห์ที่เชื่อม การสร้าง Background และ Pattern กับสถานการณ์จริง
31910-2026,โปรแกรมกราฟิกสำหรับการออกแบบเว็บไซต์,13,Image Optimization,1) อธิบาย Image Optimization ได้ 2) วิเคราะห์/เลือกวิธีที่เหมาะสมได้ 3) ปฏิบัติงานหรือสร้างชิ้นงานเกี่ยวกับ Image Optimization ได้ 4) ตรวจสอบและสะท้อนผลการทำงานได้,ใบงานหน่วยที่ 13: Image Optimization,ภารกิจ 1 อธิบายแนวคิดหลักของ Image Optimization; ภารกิจ 2 วิเคราะห์ตัวอย่าง; ภารกิจ 3 ลงมือปฏิบัติ/สร้างชิ้นงาน; ภารกิจ 4 ตรวจข้อผิดพลาด; ภารกิจ 5 สรุปสิ่งที่เรียนรู้และแนบหลักฐาน,ชื่อหน่วยและภาพรวม: อธิบายภาพรวมของ Image Optimization และความเชื่อมโยงกับรายวิชา โปรแกรมกราฟิกสำหรับการออกแบบเว็บไซต์,ผลลัพธ์การเรียนรู้: ผู้เรียนอธิบายหลักการ วิเคราะห์ตัวอย่าง และปฏิบัติงานเกี่ยวกับ Image Optimization ได้ตามเกณฑ์,ความรู้เดิมที่ต้องใช้: ทบทวนความรู้พื้นฐานที่จำเป็นก่อนเรียน Image Optimization พร้อมคำถามตรวจความพร้อม,คำศัพท์สำคัญ: รวบรวมคำศัพท์หลักของ Image Optimization พร้อมความหมายและการใช้งานจริง,ความหมายและขอบเขต: นิยาม Image Optimization ขอบเขตงาน และสิ่งที่อยู่/ไม่อยู่ในขอบเขต,หลักการสำคัญ: แจกแจงหลักการสำคัญของ Image Optimization เป็นข้อ ๆ พร้อมเหตุผล,องค์ประกอบ/โครงสร้าง: แสดงองค์ประกอบหลัก ความสัมพันธ์ และลำดับการทำงานของ Image Optimization,ขั้นตอนการทำงาน 1: เริ่มต้นงาน Image Optimization: การเตรียมข้อมูล เครื่องมือ และเงื่อนไขก่อนทำ,ขั้นตอนการทำงาน 2: ขั้นดำเนินงานหลักของ Image Optimization พร้อมจุดตรวจสอบระหว่างทาง,ขั้นตอนการทำงาน 3: ขั้นตรวจผล บันทึกผล และส่งมอบงานของ Image Optimization,ตัวอย่างที่ถูกต้อง: ตัวอย่างการประยุกต์ Image Optimization ที่ถูกต้อง พร้อมอธิบายเหตุผลทีละส่วน,ตัวอย่างที่ผิดและเหตุผล: ตัวอย่างข้อผิดพลาดของ Image Optimization วิเคราะห์สาเหตุและผลกระทบ,สาธิต/กรณีตัวอย่าง: กรณีศึกษาจากสถานการณ์จริงหรือจำลองเกี่ยวกับ Image Optimization,ข้อผิดพลาดที่พบบ่อย: รวบรวม Common Mistake ของ Image Optimization และสัญญาณที่ใช้สังเกต,แนวทางแก้ปัญหา: Troubleshooting แบบเป็นลำดับสำหรับปัญหาที่เกิดระหว่างทำ Image Optimization,ความปลอดภัย/จริยธรรม: ข้อควรระวัง ความปลอดภัย กฎหมาย หรือจริยธรรมที่เกี่ยวข้องกับ Image Optimization,ภารกิจฝึกปฏิบัติ: กิจกรรมลงมือทำเกี่ยวกับ Image Optimization ให้ผู้เรียนสร้างหลักฐานผลงาน,ใบงานประจำหน่วย: อธิบายใบงานของหน่วย Image Optimization: เป้าหมาย งานที่ต้องส่ง รูปแบบ และกำหนดตรวจ,เกณฑ์ประเมินและสรุป: Rubric ประเมินความถูกต้อง กระบวนการ คุณภาพงาน และสรุป Key Takeaway ของ Image Optimization,คำถามทบทวนและคิดวิเคราะห์: คำถามทบทวน 3–5 ข้อและคำถามคิดวิเคราะห์ที่เชื่อม Image Optimization กับสถานการณ์จริง
31910-2026,โปรแกรมกราฟิกสำหรับการออกแบบเว็บไซต์,14,Responsive Asset,1) อธิบาย Responsive Asset ได้ 2) วิเคราะห์/เลือกวิธีที่เหมาะสมได้ 3) ปฏิบัติงานหรือสร้างชิ้นงานเกี่ยวกับ Responsive Asset ได้ 4) ตรวจสอบและสะท้อนผลการทำงานได้,ใบงานหน่วยที่ 14: Responsive Asset,ภารกิจ 1 อธิบายแนวคิดหลักของ Responsive Asset; ภารกิจ 2 วิเคราะห์ตัวอย่าง; ภารกิจ 3 ลงมือปฏิบัติ/สร้างชิ้นงาน; ภารกิจ 4 ตรวจข้อผิดพลาด; ภารกิจ 5 สรุปสิ่งที่เรียนรู้และแนบหลักฐาน,ชื่อหน่วยและภาพรวม: อธิบายภาพรวมของ Responsive Asset และความเชื่อมโยงกับรายวิชา โปรแกรมกราฟิกสำหรับการออกแบบเว็บไซต์,ผลลัพธ์การเรียนรู้: ผู้เรียนอธิบายหลักการ วิเคราะห์ตัวอย่าง และปฏิบัติงานเกี่ยวกับ Responsive Asset ได้ตามเกณฑ์,ความรู้เดิมที่ต้องใช้: ทบทวนความรู้พื้นฐานที่จำเป็นก่อนเรียน Responsive Asset พร้อมคำถามตรวจความพร้อม,คำศัพท์สำคัญ: รวบรวมคำศัพท์หลักของ Responsive Asset พร้อมความหมายและการใช้งานจริง,ความหมายและขอบเขต: นิยาม Responsive Asset ขอบเขตงาน และสิ่งที่อยู่/ไม่อยู่ในขอบเขต,หลักการสำคัญ: แจกแจงหลักการสำคัญของ Responsive Asset เป็นข้อ ๆ พร้อมเหตุผล,องค์ประกอบ/โครงสร้าง: แสดงองค์ประกอบหลัก ความสัมพันธ์ และลำดับการทำงานของ Responsive Asset,ขั้นตอนการทำงาน 1: เริ่มต้นงาน Responsive Asset: การเตรียมข้อมูล เครื่องมือ และเงื่อนไขก่อนทำ,ขั้นตอนการทำงาน 2: ขั้นดำเนินงานหลักของ Responsive Asset พร้อมจุดตรวจสอบระหว่างทาง,ขั้นตอนการทำงาน 3: ขั้นตรวจผล บันทึกผล และส่งมอบงานของ Responsive Asset,ตัวอย่างที่ถูกต้อง: ตัวอย่างการประยุกต์ Responsive Asset ที่ถูกต้อง พร้อมอธิบายเหตุผลทีละส่วน,ตัวอย่างที่ผิดและเหตุผล: ตัวอย่างข้อผิดพลาดของ Responsive Asset วิเคราะห์สาเหตุและผลกระทบ,สาธิต/กรณีตัวอย่าง: กรณีศึกษาจากสถานการณ์จริงหรือจำลองเกี่ยวกับ Responsive Asset,ข้อผิดพลาดที่พบบ่อย: รวบรวม Common Mistake ของ Responsive Asset และสัญญาณที่ใช้สังเกต,แนวทางแก้ปัญหา: Troubleshooting แบบเป็นลำดับสำหรับปัญหาที่เกิดระหว่างทำ Responsive Asset,ความปลอดภัย/จริยธรรม: ข้อควรระวัง ความปลอดภัย กฎหมาย หรือจริยธรรมที่เกี่ยวข้องกับ Responsive Asset,ภารกิจฝึกปฏิบัติ: กิจกรรมลงมือทำเกี่ยวกับ Responsive Asset ให้ผู้เรียนสร้างหลักฐานผลงาน,ใบงานประจำหน่วย: อธิบายใบงานของหน่วย Responsive Asset: เป้าหมาย งานที่ต้องส่ง รูปแบบ และกำหนดตรวจ,เกณฑ์ประเมินและสรุป: Rubric ประเมินความถูกต้อง กระบวนการ คุณภาพงาน และสรุป Key Takeaway ของ Responsive Asset,คำถามทบทวนและคิดวิเคราะห์: คำถามทบทวน 3–5 ข้อและคำถามคิดวิเคราะห์ที่เชื่อม Responsive Asset กับสถานการณ์จริง
31910-2026,โปรแกรมกราฟิกสำหรับการออกแบบเว็บไซต์,15,Brand Guideline สำหรับเว็บ,1) อธิบาย Brand Guideline สำหรับเว็บ ได้ 2) วิเคราะห์/เลือกวิธีที่เหมาะสมได้ 3) ปฏิบัติงานหรือสร้างชิ้นงานเกี่ยวกับ Brand Guideline สำหรับเว็บ ได้ 4) ตรวจสอบและสะท้อนผลการทำงานได้,ใบงานหน่วยที่ 15: Brand Guideline สำหรับเว็บ,ภารกิจ 1 อธิบายแนวคิดหลักของ Brand Guideline สำหรับเว็บ; ภารกิจ 2 วิเคราะห์ตัวอย่าง; ภารกิจ 3 ลงมือปฏิบัติ/สร้างชิ้นงาน; ภารกิจ 4 ตรวจข้อผิดพลาด; ภารกิจ 5 สรุปสิ่งที่เรียนรู้และแนบหลักฐาน,ชื่อหน่วยและภาพรวม: อธิบายภาพรวมของ Brand Guideline สำหรับเว็บ และความเชื่อมโยงกับรายวิชา โปรแกรมกราฟิกสำหรับการออกแบบเว็บไซต์,ผลลัพธ์การเรียนรู้: ผู้เรียนอธิบายหลักการ วิเคราะห์ตัวอย่าง และปฏิบัติงานเกี่ยวกับ Brand Guideline สำหรับเว็บ ได้ตามเกณฑ์,ความรู้เดิมที่ต้องใช้: ทบทวนความรู้พื้นฐานที่จำเป็นก่อนเรียน Brand Guideline สำหรับเว็บ พร้อมคำถามตรวจความพร้อม,คำศัพท์สำคัญ: รวบรวมคำศัพท์หลักของ Brand Guideline สำหรับเว็บ พร้อมความหมายและการใช้งานจริง,ความหมายและขอบเขต: นิยาม Brand Guideline สำหรับเว็บ ขอบเขตงาน และสิ่งที่อยู่/ไม่อยู่ในขอบเขต,หลักการสำคัญ: แจกแจงหลักการสำคัญของ Brand Guideline สำหรับเว็บ เป็นข้อ ๆ พร้อมเหตุผล,องค์ประกอบ/โครงสร้าง: แสดงองค์ประกอบหลัก ความสัมพันธ์ และลำดับการทำงานของ Brand Guideline สำหรับเว็บ,ขั้นตอนการทำงาน 1: เริ่มต้นงาน Brand Guideline สำหรับเว็บ: การเตรียมข้อมูล เครื่องมือ และเงื่อนไขก่อนทำ,ขั้นตอนการทำงาน 2: ขั้นดำเนินงานหลักของ Brand Guideline สำหรับเว็บ พร้อมจุดตรวจสอบระหว่างทาง,ขั้นตอนการทำงาน 3: ขั้นตรวจผล บันทึกผล และส่งมอบงานของ Brand Guideline สำหรับเว็บ,ตัวอย่างที่ถูกต้อง: ตัวอย่างการประยุกต์ Brand Guideline สำหรับเว็บ ที่ถูกต้อง พร้อมอธิบายเหตุผลทีละส่วน,ตัวอย่างที่ผิดและเหตุผล: ตัวอย่างข้อผิดพลาดของ Brand Guideline สำหรับเว็บ วิเคราะห์สาเหตุและผลกระทบ,สาธิต/กรณีตัวอย่าง: กรณีศึกษาจากสถานการณ์จริงหรือจำลองเกี่ยวกับ Brand Guideline สำหรับเว็บ,ข้อผิดพลาดที่พบบ่อย: รวบรวม Common Mistake ของ Brand Guideline สำหรับเว็บ และสัญญาณที่ใช้สังเกต,แนวทางแก้ปัญหา: Troubleshooting แบบเป็นลำดับสำหรับปัญหาที่เกิดระหว่างทำ Brand Guideline สำหรับเว็บ,ความปลอดภัย/จริยธรรม: ข้อควรระวัง ความปลอดภัย กฎหมาย หรือจริยธรรมที่เกี่ยวข้องกับ Brand Guideline สำหรับเว็บ,ภารกิจฝึกปฏิบัติ: กิจกรรมลงมือทำเกี่ยวกับ Brand Guideline สำหรับเว็บ ให้ผู้เรียนสร้างหลักฐานผลงาน,ใบงานประจำหน่วย: อธิบายใบงานของหน่วย Brand Guideline สำหรับเว็บ: เป้าหมาย งานที่ต้องส่ง รูปแบบ และกำหนดตรวจ,เกณฑ์ประเมินและสรุป: Rubric ประเมินความถูกต้อง กระบวนการ คุณภาพงาน และสรุป Key Takeaway ของ Brand Guideline สำหรับเว็บ,คำถามทบทวนและคิดวิเคราะห์: คำถามทบทวน 3–5 ข้อและคำถามคิดวิเคราะห์ที่เชื่อม Brand Guideline สำหรับเว็บ กับสถานการณ์จริง
31910-2026,โปรแกรมกราฟิกสำหรับการออกแบบเว็บไซต์,16,ส่งออกไฟล์สำหรับ Developer,1) อธิบาย ส่งออกไฟล์สำหรับ Developer ได้ 2) วิเคราะห์/เลือกวิธีที่เหมาะสมได้ 3) ปฏิบัติงานหรือสร้างชิ้นงานเกี่ยวกับ ส่งออกไฟล์สำหรับ Developer ได้ 4) ตรวจสอบและสะท้อนผลการทำงานได้,ใบงานหน่วยที่ 16: ส่งออกไฟล์สำหรับ Developer,ภารกิจ 1 อธิบายแนวคิดหลักของ ส่งออกไฟล์สำหรับ Developer; ภารกิจ 2 วิเคราะห์ตัวอย่าง; ภารกิจ 3 ลงมือปฏิบัติ/สร้างชิ้นงาน; ภารกิจ 4 ตรวจข้อผิดพลาด; ภารกิจ 5 สรุปสิ่งที่เรียนรู้และแนบหลักฐาน,ชื่อหน่วยและภาพรวม: อธิบายภาพรวมของ ส่งออกไฟล์สำหรับ Developer และความเชื่อมโยงกับรายวิชา โปรแกรมกราฟิกสำหรับการออกแบบเว็บไซต์,ผลลัพธ์การเรียนรู้: ผู้เรียนอธิบายหลักการ วิเคราะห์ตัวอย่าง และปฏิบัติงานเกี่ยวกับ ส่งออกไฟล์สำหรับ Developer ได้ตามเกณฑ์,ความรู้เดิมที่ต้องใช้: ทบทวนความรู้พื้นฐานที่จำเป็นก่อนเรียน ส่งออกไฟล์สำหรับ Developer พร้อมคำถามตรวจความพร้อม,คำศัพท์สำคัญ: รวบรวมคำศัพท์หลักของ ส่งออกไฟล์สำหรับ Developer พร้อมความหมายและการใช้งานจริง,ความหมายและขอบเขต: นิยาม ส่งออกไฟล์สำหรับ Developer ขอบเขตงาน และสิ่งที่อยู่/ไม่อยู่ในขอบเขต,หลักการสำคัญ: แจกแจงหลักการสำคัญของ ส่งออกไฟล์สำหรับ Developer เป็นข้อ ๆ พร้อมเหตุผล,องค์ประกอบ/โครงสร้าง: แสดงองค์ประกอบหลัก ความสัมพันธ์ และลำดับการทำงานของ ส่งออกไฟล์สำหรับ Developer,ขั้นตอนการทำงาน 1: เริ่มต้นงาน ส่งออกไฟล์สำหรับ Developer: การเตรียมข้อมูล เครื่องมือ และเงื่อนไขก่อนทำ,ขั้นตอนการทำงาน 2: ขั้นดำเนินงานหลักของ ส่งออกไฟล์สำหรับ Developer พร้อมจุดตรวจสอบระหว่างทาง,ขั้นตอนการทำงาน 3: ขั้นตรวจผล บันทึกผล และส่งมอบงานของ ส่งออกไฟล์สำหรับ Developer,ตัวอย่างที่ถูกต้อง: ตัวอย่างการประยุกต์ ส่งออกไฟล์สำหรับ Developer ที่ถูกต้อง พร้อมอธิบายเหตุผลทีละส่วน,ตัวอย่างที่ผิดและเหตุผล: ตัวอย่างข้อผิดพลาดของ ส่งออกไฟล์สำหรับ Developer วิเคราะห์สาเหตุและผลกระทบ,สาธิต/กรณีตัวอย่าง: กรณีศึกษาจากสถานการณ์จริงหรือจำลองเกี่ยวกับ ส่งออกไฟล์สำหรับ Developer,ข้อผิดพลาดที่พบบ่อย: รวบรวม Common Mistake ของ ส่งออกไฟล์สำหรับ Developer และสัญญาณที่ใช้สังเกต,แนวทางแก้ปัญหา: Troubleshooting แบบเป็นลำดับสำหรับปัญหาที่เกิดระหว่างทำ ส่งออกไฟล์สำหรับ Developer,ความปลอดภัย/จริยธรรม: ข้อควรระวัง ความปลอดภัย กฎหมาย หรือจริยธรรมที่เกี่ยวข้องกับ ส่งออกไฟล์สำหรับ Developer,ภารกิจฝึกปฏิบัติ: กิจกรรมลงมือทำเกี่ยวกับ ส่งออกไฟล์สำหรับ Developer ให้ผู้เรียนสร้างหลักฐานผลงาน,ใบงานประจำหน่วย: อธิบายใบงานของหน่วย ส่งออกไฟล์สำหรับ Developer: เป้าหมาย งานที่ต้องส่ง รูปแบบ และกำหนดตรวจ,เกณฑ์ประเมินและสรุป: Rubric ประเมินความถูกต้อง กระบวนการ คุณภาพงาน และสรุป Key Takeaway ของ ส่งออกไฟล์สำหรับ Developer,คำถามทบทวนและคิดวิเคราะห์: คำถามทบทวน 3–5 ข้อและคำถามคิดวิเคราะห์ที่เชื่อม ส่งออกไฟล์สำหรับ Developer กับสถานการณ์จริง
31910-2026,โปรแกรมกราฟิกสำหรับการออกแบบเว็บไซต์,17,โครงงานกราฟิกเว็บไซต์,1) อธิบาย โครงงานกราฟิกเว็บไซต์ ได้ 2) วิเคราะห์/เลือกวิธีที่เหมาะสมได้ 3) ปฏิบัติงานหรือสร้างชิ้นงานเกี่ยวกับ โครงงานกราฟิกเว็บไซต์ ได้ 4) ตรวจสอบและสะท้อนผลการทำงานได้,ใบงานหน่วยที่ 17: โครงงานกราฟิกเว็บไซต์,ภารกิจ 1 อธิบายแนวคิดหลักของ โครงงานกราฟิกเว็บไซต์; ภารกิจ 2 วิเคราะห์ตัวอย่าง; ภารกิจ 3 ลงมือปฏิบัติ/สร้างชิ้นงาน; ภารกิจ 4 ตรวจข้อผิดพลาด; ภารกิจ 5 สรุปสิ่งที่เรียนรู้และแนบหลักฐาน,ชื่อหน่วยและภาพรวม: อธิบายภาพรวมของ โครงงานกราฟิกเว็บไซต์ และความเชื่อมโยงกับรายวิชา โปรแกรมกราฟิกสำหรับการออกแบบเว็บไซต์,ผลลัพธ์การเรียนรู้: ผู้เรียนอธิบายหลักการ วิเคราะห์ตัวอย่าง และปฏิบัติงานเกี่ยวกับ โครงงานกราฟิกเว็บไซต์ ได้ตามเกณฑ์,ความรู้เดิมที่ต้องใช้: ทบทวนความรู้พื้นฐานที่จำเป็นก่อนเรียน โครงงานกราฟิกเว็บไซต์ พร้อมคำถามตรวจความพร้อม,คำศัพท์สำคัญ: รวบรวมคำศัพท์หลักของ โครงงานกราฟิกเว็บไซต์ พร้อมความหมายและการใช้งานจริง,ความหมายและขอบเขต: นิยาม โครงงานกราฟิกเว็บไซต์ ขอบเขตงาน และสิ่งที่อยู่/ไม่อยู่ในขอบเขต,หลักการสำคัญ: แจกแจงหลักการสำคัญของ โครงงานกราฟิกเว็บไซต์ เป็นข้อ ๆ พร้อมเหตุผล,องค์ประกอบ/โครงสร้าง: แสดงองค์ประกอบหลัก ความสัมพันธ์ และลำดับการทำงานของ โครงงานกราฟิกเว็บไซต์,ขั้นตอนการทำงาน 1: เริ่มต้นงาน โครงงานกราฟิกเว็บไซต์: การเตรียมข้อมูล เครื่องมือ และเงื่อนไขก่อนทำ,ขั้นตอนการทำงาน 2: ขั้นดำเนินงานหลักของ โครงงานกราฟิกเว็บไซต์ พร้อมจุดตรวจสอบระหว่างทาง,ขั้นตอนการทำงาน 3: ขั้นตรวจผล บันทึกผล และส่งมอบงานของ โครงงานกราฟิกเว็บไซต์,ตัวอย่างที่ถูกต้อง: ตัวอย่างการประยุกต์ โครงงานกราฟิกเว็บไซต์ ที่ถูกต้อง พร้อมอธิบายเหตุผลทีละส่วน,ตัวอย่างที่ผิดและเหตุผล: ตัวอย่างข้อผิดพลาดของ โครงงานกราฟิกเว็บไซต์ วิเคราะห์สาเหตุและผลกระทบ,สาธิต/กรณีตัวอย่าง: กรณีศึกษาจากสถานการณ์จริงหรือจำลองเกี่ยวกับ โครงงานกราฟิกเว็บไซต์,ข้อผิดพลาดที่พบบ่อย: รวบรวม Common Mistake ของ โครงงานกราฟิกเว็บไซต์ และสัญญาณที่ใช้สังเกต,แนวทางแก้ปัญหา: Troubleshooting แบบเป็นลำดับสำหรับปัญหาที่เกิดระหว่างทำ โครงงานกราฟิกเว็บไซต์,ความปลอดภัย/จริยธรรม: ข้อควรระวัง ความปลอดภัย กฎหมาย หรือจริยธรรมที่เกี่ยวข้องกับ โครงงานกราฟิกเว็บไซต์,ภารกิจฝึกปฏิบัติ: กิจกรรมลงมือทำเกี่ยวกับ โครงงานกราฟิกเว็บไซต์ ให้ผู้เรียนสร้างหลักฐานผลงาน,ใบงานประจำหน่วย: อธิบายใบงานของหน่วย โครงงานกราฟิกเว็บไซต์: เป้าหมาย งานที่ต้องส่ง รูปแบบ และกำหนดตรวจ,เกณฑ์ประเมินและสรุป: Rubric ประเมินความถูกต้อง กระบวนการ คุณภาพงาน และสรุป Key Takeaway ของ โครงงานกราฟิกเว็บไซต์,คำถามทบทวนและคิดวิเคราะห์: คำถามทบทวน 3–5 ข้อและคำถามคิดวิเคราะห์ที่เชื่อม โครงงานกราฟิกเว็บไซต์ กับสถานการณ์จริง
31910-2029,โครงงานเทคโนโลยีธุรกิจดิจิทัล,1,การเลือกหัวข้อโครงงาน,1) อธิบาย การเลือกหัวข้อโครงงาน ได้ 2) วิเคราะห์/เลือกวิธีที่เหมาะสมได้ 3) ปฏิบัติงานหรือสร้างชิ้นงานเกี่ยวกับ การเลือกหัวข้อโครงงาน ได้ 4) ตรวจสอบและสะท้อนผลการทำงานได้,ใบงานหน่วยที่ 1: การเลือกหัวข้อโครงงาน,ภารกิจ 1 อธิบายแนวคิดหลักของ การเลือกหัวข้อโครงงาน; ภารกิจ 2 วิเคราะห์ตัวอย่าง; ภารกิจ 3 ลงมือปฏิบัติ/สร้างชิ้นงาน; ภารกิจ 4 ตรวจข้อผิดพลาด; ภารกิจ 5 สรุปสิ่งที่เรียนรู้และแนบหลักฐาน,ชื่อหน่วยและภาพรวม: อธิบายภาพรวมของ การเลือกหัวข้อโครงงาน และความเชื่อมโยงกับรายวิชา โครงงานเทคโนโลยีธุรกิจดิจิทัล,ผลลัพธ์การเรียนรู้: ผู้เรียนอธิบายหลักการ วิเคราะห์ตัวอย่าง และปฏิบัติงานเกี่ยวกับ การเลือกหัวข้อโครงงาน ได้ตามเกณฑ์,ความรู้เดิมที่ต้องใช้: ทบทวนความรู้พื้นฐานที่จำเป็นก่อนเรียน การเลือกหัวข้อโครงงาน พร้อมคำถามตรวจความพร้อม,คำศัพท์สำคัญ: รวบรวมคำศัพท์หลักของ การเลือกหัวข้อโครงงาน พร้อมความหมายและการใช้งานจริง,ความหมายและขอบเขต: นิยาม การเลือกหัวข้อโครงงาน ขอบเขตงาน และสิ่งที่อยู่/ไม่อยู่ในขอบเขต,หลักการสำคัญ: แจกแจงหลักการสำคัญของ การเลือกหัวข้อโครงงาน เป็นข้อ ๆ พร้อมเหตุผล,องค์ประกอบ/โครงสร้าง: แสดงองค์ประกอบหลัก ความสัมพันธ์ และลำดับการทำงานของ การเลือกหัวข้อโครงงาน,ขั้นตอนการทำงาน 1: เริ่มต้นงาน การเลือกหัวข้อโครงงาน: การเตรียมข้อมูล เครื่องมือ และเงื่อนไขก่อนทำ,ขั้นตอนการทำงาน 2: ขั้นดำเนินงานหลักของ การเลือกหัวข้อโครงงาน พร้อมจุดตรวจสอบระหว่างทาง,ขั้นตอนการทำงาน 3: ขั้นตรวจผล บันทึกผล และส่งมอบงานของ การเลือกหัวข้อโครงงาน,ตัวอย่างที่ถูกต้อง: ตัวอย่างการประยุกต์ การเลือกหัวข้อโครงงาน ที่ถูกต้อง พร้อมอธิบายเหตุผลทีละส่วน,ตัวอย่างที่ผิดและเหตุผล: ตัวอย่างข้อผิดพลาดของ การเลือกหัวข้อโครงงาน วิเคราะห์สาเหตุและผลกระทบ,สาธิต/กรณีตัวอย่าง: กรณีศึกษาจากสถานการณ์จริงหรือจำลองเกี่ยวกับ การเลือกหัวข้อโครงงาน,ข้อผิดพลาดที่พบบ่อย: รวบรวม Common Mistake ของ การเลือกหัวข้อโครงงาน และสัญญาณที่ใช้สังเกต,แนวทางแก้ปัญหา: Troubleshooting แบบเป็นลำดับสำหรับปัญหาที่เกิดระหว่างทำ การเลือกหัวข้อโครงงาน,ความปลอดภัย/จริยธรรม: ข้อควรระวัง ความปลอดภัย กฎหมาย หรือจริยธรรมที่เกี่ยวข้องกับ การเลือกหัวข้อโครงงาน,ภารกิจฝึกปฏิบัติ: กิจกรรมลงมือทำเกี่ยวกับ การเลือกหัวข้อโครงงาน ให้ผู้เรียนสร้างหลักฐานผลงาน,ใบงานประจำหน่วย: อธิบายใบงานของหน่วย การเลือกหัวข้อโครงงาน: เป้าหมาย งานที่ต้องส่ง รูปแบบ และกำหนดตรวจ,เกณฑ์ประเมินและสรุป: Rubric ประเมินความถูกต้อง กระบวนการ คุณภาพงาน และสรุป Key Takeaway ของ การเลือกหัวข้อโครงงาน,คำถามทบทวนและคิดวิเคราะห์: คำถามทบทวน 3–5 ข้อและคำถามคิดวิเคราะห์ที่เชื่อม การเลือกหัวข้อโครงงาน กับสถานการณ์จริง
31910-2029,โครงงานเทคโนโลยีธุรกิจดิจิทัล,2,การวิเคราะห์ปัญหา,1) อธิบาย การวิเคราะห์ปัญหา ได้ 2) วิเคราะห์/เลือกวิธีที่เหมาะสมได้ 3) ปฏิบัติงานหรือสร้างชิ้นงานเกี่ยวกับ การวิเคราะห์ปัญหา ได้ 4) ตรวจสอบและสะท้อนผลการทำงานได้,ใบงานหน่วยที่ 2: การวิเคราะห์ปัญหา,ภารกิจ 1 อธิบายแนวคิดหลักของ การวิเคราะห์ปัญหา; ภารกิจ 2 วิเคราะห์ตัวอย่าง; ภารกิจ 3 ลงมือปฏิบัติ/สร้างชิ้นงาน; ภารกิจ 4 ตรวจข้อผิดพลาด; ภารกิจ 5 สรุปสิ่งที่เรียนรู้และแนบหลักฐาน,ชื่อหน่วยและภาพรวม: อธิบายภาพรวมของ การวิเคราะห์ปัญหา และความเชื่อมโยงกับรายวิชา โครงงานเทคโนโลยีธุรกิจดิจิทัล,ผลลัพธ์การเรียนรู้: ผู้เรียนอธิบายหลักการ วิเคราะห์ตัวอย่าง และปฏิบัติงานเกี่ยวกับ การวิเคราะห์ปัญหา ได้ตามเกณฑ์,ความรู้เดิมที่ต้องใช้: ทบทวนความรู้พื้นฐานที่จำเป็นก่อนเรียน การวิเคราะห์ปัญหา พร้อมคำถามตรวจความพร้อม,คำศัพท์สำคัญ: รวบรวมคำศัพท์หลักของ การวิเคราะห์ปัญหา พร้อมความหมายและการใช้งานจริง,ความหมายและขอบเขต: นิยาม การวิเคราะห์ปัญหา ขอบเขตงาน และสิ่งที่อยู่/ไม่อยู่ในขอบเขต,หลักการสำคัญ: แจกแจงหลักการสำคัญของ การวิเคราะห์ปัญหา เป็นข้อ ๆ พร้อมเหตุผล,องค์ประกอบ/โครงสร้าง: แสดงองค์ประกอบหลัก ความสัมพันธ์ และลำดับการทำงานของ การวิเคราะห์ปัญหา,ขั้นตอนการทำงาน 1: เริ่มต้นงาน การวิเคราะห์ปัญหา: การเตรียมข้อมูล เครื่องมือ และเงื่อนไขก่อนทำ,ขั้นตอนการทำงาน 2: ขั้นดำเนินงานหลักของ การวิเคราะห์ปัญหา พร้อมจุดตรวจสอบระหว่างทาง,ขั้นตอนการทำงาน 3: ขั้นตรวจผล บันทึกผล และส่งมอบงานของ การวิเคราะห์ปัญหา,ตัวอย่างที่ถูกต้อง: ตัวอย่างการประยุกต์ การวิเคราะห์ปัญหา ที่ถูกต้อง พร้อมอธิบายเหตุผลทีละส่วน,ตัวอย่างที่ผิดและเหตุผล: ตัวอย่างข้อผิดพลาดของ การวิเคราะห์ปัญหา วิเคราะห์สาเหตุและผลกระทบ,สาธิต/กรณีตัวอย่าง: กรณีศึกษาจากสถานการณ์จริงหรือจำลองเกี่ยวกับ การวิเคราะห์ปัญหา,ข้อผิดพลาดที่พบบ่อย: รวบรวม Common Mistake ของ การวิเคราะห์ปัญหา และสัญญาณที่ใช้สังเกต,แนวทางแก้ปัญหา: Troubleshooting แบบเป็นลำดับสำหรับปัญหาที่เกิดระหว่างทำ การวิเคราะห์ปัญหา,ความปลอดภัย/จริยธรรม: ข้อควรระวัง ความปลอดภัย กฎหมาย หรือจริยธรรมที่เกี่ยวข้องกับ การวิเคราะห์ปัญหา,ภารกิจฝึกปฏิบัติ: กิจกรรมลงมือทำเกี่ยวกับ การวิเคราะห์ปัญหา ให้ผู้เรียนสร้างหลักฐานผลงาน,ใบงานประจำหน่วย: อธิบายใบงานของหน่วย การวิเคราะห์ปัญหา: เป้าหมาย งานที่ต้องส่ง รูปแบบ และกำหนดตรวจ,เกณฑ์ประเมินและสรุป: Rubric ประเมินความถูกต้อง กระบวนการ คุณภาพงาน และสรุป Key Takeaway ของ การวิเคราะห์ปัญหา,คำถามทบทวนและคิดวิเคราะห์: คำถามทบทวน 3–5 ข้อและคำถามคิดวิเคราะห์ที่เชื่อม การวิเคราะห์ปัญหา กับสถานการณ์จริง
31910-2029,โครงงานเทคโนโลยีธุรกิจดิจิทัล,3,การศึกษาความเป็นไปได้,1) อธิบาย การศึกษาความเป็นไปได้ ได้ 2) วิเคราะห์/เลือกวิธีที่เหมาะสมได้ 3) ปฏิบัติงานหรือสร้างชิ้นงานเกี่ยวกับ การศึกษาความเป็นไปได้ ได้ 4) ตรวจสอบและสะท้อนผลการทำงานได้,ใบงานหน่วยที่ 3: การศึกษาความเป็นไปได้,ภารกิจ 1 อธิบายแนวคิดหลักของ การศึกษาความเป็นไปได้; ภารกิจ 2 วิเคราะห์ตัวอย่าง; ภารกิจ 3 ลงมือปฏิบัติ/สร้างชิ้นงาน; ภารกิจ 4 ตรวจข้อผิดพลาด; ภารกิจ 5 สรุปสิ่งที่เรียนรู้และแนบหลักฐาน,ชื่อหน่วยและภาพรวม: อธิบายภาพรวมของ การศึกษาความเป็นไปได้ และความเชื่อมโยงกับรายวิชา โครงงานเทคโนโลยีธุรกิจดิจิทัล,ผลลัพธ์การเรียนรู้: ผู้เรียนอธิบายหลักการ วิเคราะห์ตัวอย่าง และปฏิบัติงานเกี่ยวกับ การศึกษาความเป็นไปได้ ได้ตามเกณฑ์,ความรู้เดิมที่ต้องใช้: ทบทวนความรู้พื้นฐานที่จำเป็นก่อนเรียน การศึกษาความเป็นไปได้ พร้อมคำถามตรวจความพร้อม,คำศัพท์สำคัญ: รวบรวมคำศัพท์หลักของ การศึกษาความเป็นไปได้ พร้อมความหมายและการใช้งานจริง,ความหมายและขอบเขต: นิยาม การศึกษาความเป็นไปได้ ขอบเขตงาน และสิ่งที่อยู่/ไม่อยู่ในขอบเขต,หลักการสำคัญ: แจกแจงหลักการสำคัญของ การศึกษาความเป็นไปได้ เป็นข้อ ๆ พร้อมเหตุผล,องค์ประกอบ/โครงสร้าง: แสดงองค์ประกอบหลัก ความสัมพันธ์ และลำดับการทำงานของ การศึกษาความเป็นไปได้,ขั้นตอนการทำงาน 1: เริ่มต้นงาน การศึกษาความเป็นไปได้: การเตรียมข้อมูล เครื่องมือ และเงื่อนไขก่อนทำ,ขั้นตอนการทำงาน 2: ขั้นดำเนินงานหลักของ การศึกษาความเป็นไปได้ พร้อมจุดตรวจสอบระหว่างทาง,ขั้นตอนการทำงาน 3: ขั้นตรวจผล บันทึกผล และส่งมอบงานของ การศึกษาความเป็นไปได้,ตัวอย่างที่ถูกต้อง: ตัวอย่างการประยุกต์ การศึกษาความเป็นไปได้ ที่ถูกต้อง พร้อมอธิบายเหตุผลทีละส่วน,ตัวอย่างที่ผิดและเหตุผล: ตัวอย่างข้อผิดพลาดของ การศึกษาความเป็นไปได้ วิเคราะห์สาเหตุและผลกระทบ,สาธิต/กรณีตัวอย่าง: กรณีศึกษาจากสถานการณ์จริงหรือจำลองเกี่ยวกับ การศึกษาความเป็นไปได้,ข้อผิดพลาดที่พบบ่อย: รวบรวม Common Mistake ของ การศึกษาความเป็นไปได้ และสัญญาณที่ใช้สังเกต,แนวทางแก้ปัญหา: Troubleshooting แบบเป็นลำดับสำหรับปัญหาที่เกิดระหว่างทำ การศึกษาความเป็นไปได้,ความปลอดภัย/จริยธรรม: ข้อควรระวัง ความปลอดภัย กฎหมาย หรือจริยธรรมที่เกี่ยวข้องกับ การศึกษาความเป็นไปได้,ภารกิจฝึกปฏิบัติ: กิจกรรมลงมือทำเกี่ยวกับ การศึกษาความเป็นไปได้ ให้ผู้เรียนสร้างหลักฐานผลงาน,ใบงานประจำหน่วย: อธิบายใบงานของหน่วย การศึกษาความเป็นไปได้: เป้าหมาย งานที่ต้องส่ง รูปแบบ และกำหนดตรวจ,เกณฑ์ประเมินและสรุป: Rubric ประเมินความถูกต้อง กระบวนการ คุณภาพงาน และสรุป Key Takeaway ของ การศึกษาความเป็นไปได้,คำถามทบทวนและคิดวิเคราะห์: คำถามทบทวน 3–5 ข้อและคำถามคิดวิเคราะห์ที่เชื่อม การศึกษาความเป็นไปได้ กับสถานการณ์จริง
31910-2029,โครงงานเทคโนโลยีธุรกิจดิจิทัล,4,การเขียน Proposal,1) อธิบาย การเขียน Proposal ได้ 2) วิเคราะห์/เลือกวิธีที่เหมาะสมได้ 3) ปฏิบัติงานหรือสร้างชิ้นงานเกี่ยวกับ การเขียน Proposal ได้ 4) ตรวจสอบและสะท้อนผลการทำงานได้,ใบงานหน่วยที่ 4: การเขียน Proposal,ภารกิจ 1 อธิบายแนวคิดหลักของ การเขียน Proposal; ภารกิจ 2 วิเคราะห์ตัวอย่าง; ภารกิจ 3 ลงมือปฏิบัติ/สร้างชิ้นงาน; ภารกิจ 4 ตรวจข้อผิดพลาด; ภารกิจ 5 สรุปสิ่งที่เรียนรู้และแนบหลักฐาน,ชื่อหน่วยและภาพรวม: อธิบายภาพรวมของ การเขียน Proposal และความเชื่อมโยงกับรายวิชา โครงงานเทคโนโลยีธุรกิจดิจิทัล,ผลลัพธ์การเรียนรู้: ผู้เรียนอธิบายหลักการ วิเคราะห์ตัวอย่าง และปฏิบัติงานเกี่ยวกับ การเขียน Proposal ได้ตามเกณฑ์,ความรู้เดิมที่ต้องใช้: ทบทวนความรู้พื้นฐานที่จำเป็นก่อนเรียน การเขียน Proposal พร้อมคำถามตรวจความพร้อม,คำศัพท์สำคัญ: รวบรวมคำศัพท์หลักของ การเขียน Proposal พร้อมความหมายและการใช้งานจริง,ความหมายและขอบเขต: นิยาม การเขียน Proposal ขอบเขตงาน และสิ่งที่อยู่/ไม่อยู่ในขอบเขต,หลักการสำคัญ: แจกแจงหลักการสำคัญของ การเขียน Proposal เป็นข้อ ๆ พร้อมเหตุผล,องค์ประกอบ/โครงสร้าง: แสดงองค์ประกอบหลัก ความสัมพันธ์ และลำดับการทำงานของ การเขียน Proposal,ขั้นตอนการทำงาน 1: เริ่มต้นงาน การเขียน Proposal: การเตรียมข้อมูล เครื่องมือ และเงื่อนไขก่อนทำ,ขั้นตอนการทำงาน 2: ขั้นดำเนินงานหลักของ การเขียน Proposal พร้อมจุดตรวจสอบระหว่างทาง,ขั้นตอนการทำงาน 3: ขั้นตรวจผล บันทึกผล และส่งมอบงานของ การเขียน Proposal,ตัวอย่างที่ถูกต้อง: ตัวอย่างการประยุกต์ การเขียน Proposal ที่ถูกต้อง พร้อมอธิบายเหตุผลทีละส่วน,ตัวอย่างที่ผิดและเหตุผล: ตัวอย่างข้อผิดพลาดของ การเขียน Proposal วิเคราะห์สาเหตุและผลกระทบ,สาธิต/กรณีตัวอย่าง: กรณีศึกษาจากสถานการณ์จริงหรือจำลองเกี่ยวกับ การเขียน Proposal,ข้อผิดพลาดที่พบบ่อย: รวบรวม Common Mistake ของ การเขียน Proposal และสัญญาณที่ใช้สังเกต,แนวทางแก้ปัญหา: Troubleshooting แบบเป็นลำดับสำหรับปัญหาที่เกิดระหว่างทำ การเขียน Proposal,ความปลอดภัย/จริยธรรม: ข้อควรระวัง ความปลอดภัย กฎหมาย หรือจริยธรรมที่เกี่ยวข้องกับ การเขียน Proposal,ภารกิจฝึกปฏิบัติ: กิจกรรมลงมือทำเกี่ยวกับ การเขียน Proposal ให้ผู้เรียนสร้างหลักฐานผลงาน,ใบงานประจำหน่วย: อธิบายใบงานของหน่วย การเขียน Proposal: เป้าหมาย งานที่ต้องส่ง รูปแบบ และกำหนดตรวจ,เกณฑ์ประเมินและสรุป: Rubric ประเมินความถูกต้อง กระบวนการ คุณภาพงาน และสรุป Key Takeaway ของ การเขียน Proposal,คำถามทบทวนและคิดวิเคราะห์: คำถามทบทวน 3–5 ข้อและคำถามคิดวิเคราะห์ที่เชื่อม การเขียน Proposal กับสถานการณ์จริง
31910-2029,โครงงานเทคโนโลยีธุรกิจดิจิทัล,5,การกำหนด Scope,1) อธิบาย การกำหนด Scope ได้ 2) วิเคราะห์/เลือกวิธีที่เหมาะสมได้ 3) ปฏิบัติงานหรือสร้างชิ้นงานเกี่ยวกับ การกำหนด Scope ได้ 4) ตรวจสอบและสะท้อนผลการทำงานได้,ใบงานหน่วยที่ 5: การกำหนด Scope,ภารกิจ 1 อธิบายแนวคิดหลักของ การกำหนด Scope; ภารกิจ 2 วิเคราะห์ตัวอย่าง; ภารกิจ 3 ลงมือปฏิบัติ/สร้างชิ้นงาน; ภารกิจ 4 ตรวจข้อผิดพลาด; ภารกิจ 5 สรุปสิ่งที่เรียนรู้และแนบหลักฐาน,ชื่อหน่วยและภาพรวม: อธิบายภาพรวมของ การกำหนด Scope และความเชื่อมโยงกับรายวิชา โครงงานเทคโนโลยีธุรกิจดิจิทัล,ผลลัพธ์การเรียนรู้: ผู้เรียนอธิบายหลักการ วิเคราะห์ตัวอย่าง และปฏิบัติงานเกี่ยวกับ การกำหนด Scope ได้ตามเกณฑ์,ความรู้เดิมที่ต้องใช้: ทบทวนความรู้พื้นฐานที่จำเป็นก่อนเรียน การกำหนด Scope พร้อมคำถามตรวจความพร้อม,คำศัพท์สำคัญ: รวบรวมคำศัพท์หลักของ การกำหนด Scope พร้อมความหมายและการใช้งานจริง,ความหมายและขอบเขต: นิยาม การกำหนด Scope ขอบเขตงาน และสิ่งที่อยู่/ไม่อยู่ในขอบเขต,หลักการสำคัญ: แจกแจงหลักการสำคัญของ การกำหนด Scope เป็นข้อ ๆ พร้อมเหตุผล,องค์ประกอบ/โครงสร้าง: แสดงองค์ประกอบหลัก ความสัมพันธ์ และลำดับการทำงานของ การกำหนด Scope,ขั้นตอนการทำงาน 1: เริ่มต้นงาน การกำหนด Scope: การเตรียมข้อมูล เครื่องมือ และเงื่อนไขก่อนทำ,ขั้นตอนการทำงาน 2: ขั้นดำเนินงานหลักของ การกำหนด Scope พร้อมจุดตรวจสอบระหว่างทาง,ขั้นตอนการทำงาน 3: ขั้นตรวจผล บันทึกผล และส่งมอบงานของ การกำหนด Scope,ตัวอย่างที่ถูกต้อง: ตัวอย่างการประยุกต์ การกำหนด Scope ที่ถูกต้อง พร้อมอธิบายเหตุผลทีละส่วน,ตัวอย่างที่ผิดและเหตุผล: ตัวอย่างข้อผิดพลาดของ การกำหนด Scope วิเคราะห์สาเหตุและผลกระทบ,สาธิต/กรณีตัวอย่าง: กรณีศึกษาจากสถานการณ์จริงหรือจำลองเกี่ยวกับ การกำหนด Scope,ข้อผิดพลาดที่พบบ่อย: รวบรวม Common Mistake ของ การกำหนด Scope และสัญญาณที่ใช้สังเกต,แนวทางแก้ปัญหา: Troubleshooting แบบเป็นลำดับสำหรับปัญหาที่เกิดระหว่างทำ การกำหนด Scope,ความปลอดภัย/จริยธรรม: ข้อควรระวัง ความปลอดภัย กฎหมาย หรือจริยธรรมที่เกี่ยวข้องกับ การกำหนด Scope,ภารกิจฝึกปฏิบัติ: กิจกรรมลงมือทำเกี่ยวกับ การกำหนด Scope ให้ผู้เรียนสร้างหลักฐานผลงาน,ใบงานประจำหน่วย: อธิบายใบงานของหน่วย การกำหนด Scope: เป้าหมาย งานที่ต้องส่ง รูปแบบ และกำหนดตรวจ,เกณฑ์ประเมินและสรุป: Rubric ประเมินความถูกต้อง กระบวนการ คุณภาพงาน และสรุป Key Takeaway ของ การกำหนด Scope,คำถามทบทวนและคิดวิเคราะห์: คำถามทบทวน 3–5 ข้อและคำถามคิดวิเคราะห์ที่เชื่อม การกำหนด Scope กับสถานการณ์จริง
31910-2029,โครงงานเทคโนโลยีธุรกิจดิจิทัล,6,Requirement Analysis,1) อธิบาย Requirement Analysis ได้ 2) วิเคราะห์/เลือกวิธีที่เหมาะสมได้ 3) ปฏิบัติงานหรือสร้างชิ้นงานเกี่ยวกับ Requirement Analysis ได้ 4) ตรวจสอบและสะท้อนผลการทำงานได้,ใบงานหน่วยที่ 6: Requirement Analysis,ภารกิจ 1 อธิบายแนวคิดหลักของ Requirement Analysis; ภารกิจ 2 วิเคราะห์ตัวอย่าง; ภารกิจ 3 ลงมือปฏิบัติ/สร้างชิ้นงาน; ภารกิจ 4 ตรวจข้อผิดพลาด; ภารกิจ 5 สรุปสิ่งที่เรียนรู้และแนบหลักฐาน,ชื่อหน่วยและภาพรวม: อธิบายภาพรวมของ Requirement Analysis และความเชื่อมโยงกับรายวิชา โครงงานเทคโนโลยีธุรกิจดิจิทัล,ผลลัพธ์การเรียนรู้: ผู้เรียนอธิบายหลักการ วิเคราะห์ตัวอย่าง และปฏิบัติงานเกี่ยวกับ Requirement Analysis ได้ตามเกณฑ์,ความรู้เดิมที่ต้องใช้: ทบทวนความรู้พื้นฐานที่จำเป็นก่อนเรียน Requirement Analysis พร้อมคำถามตรวจความพร้อม,คำศัพท์สำคัญ: รวบรวมคำศัพท์หลักของ Requirement Analysis พร้อมความหมายและการใช้งานจริง,ความหมายและขอบเขต: นิยาม Requirement Analysis ขอบเขตงาน และสิ่งที่อยู่/ไม่อยู่ในขอบเขต,หลักการสำคัญ: แจกแจงหลักการสำคัญของ Requirement Analysis เป็นข้อ ๆ พร้อมเหตุผล,องค์ประกอบ/โครงสร้าง: แสดงองค์ประกอบหลัก ความสัมพันธ์ และลำดับการทำงานของ Requirement Analysis,ขั้นตอนการทำงาน 1: เริ่มต้นงาน Requirement Analysis: การเตรียมข้อมูล เครื่องมือ และเงื่อนไขก่อนทำ,ขั้นตอนการทำงาน 2: ขั้นดำเนินงานหลักของ Requirement Analysis พร้อมจุดตรวจสอบระหว่างทาง,ขั้นตอนการทำงาน 3: ขั้นตรวจผล บันทึกผล และส่งมอบงานของ Requirement Analysis,ตัวอย่างที่ถูกต้อง: ตัวอย่างการประยุกต์ Requirement Analysis ที่ถูกต้อง พร้อมอธิบายเหตุผลทีละส่วน,ตัวอย่างที่ผิดและเหตุผล: ตัวอย่างข้อผิดพลาดของ Requirement Analysis วิเคราะห์สาเหตุและผลกระทบ,สาธิต/กรณีตัวอย่าง: กรณีศึกษาจากสถานการณ์จริงหรือจำลองเกี่ยวกับ Requirement Analysis,ข้อผิดพลาดที่พบบ่อย: รวบรวม Common Mistake ของ Requirement Analysis และสัญญาณที่ใช้สังเกต,แนวทางแก้ปัญหา: Troubleshooting แบบเป็นลำดับสำหรับปัญหาที่เกิดระหว่างทำ Requirement Analysis,ความปลอดภัย/จริยธรรม: ข้อควรระวัง ความปลอดภัย กฎหมาย หรือจริยธรรมที่เกี่ยวข้องกับ Requirement Analysis,ภารกิจฝึกปฏิบัติ: กิจกรรมลงมือทำเกี่ยวกับ Requirement Analysis ให้ผู้เรียนสร้างหลักฐานผลงาน,ใบงานประจำหน่วย: อธิบายใบงานของหน่วย Requirement Analysis: เป้าหมาย งานที่ต้องส่ง รูปแบบ และกำหนดตรวจ,เกณฑ์ประเมินและสรุป: Rubric ประเมินความถูกต้อง กระบวนการ คุณภาพงาน และสรุป Key Takeaway ของ Requirement Analysis,คำถามทบทวนและคิดวิเคราะห์: คำถามทบทวน 3–5 ข้อและคำถามคิดวิเคราะห์ที่เชื่อม Requirement Analysis กับสถานการณ์จริง
31910-2029,โครงงานเทคโนโลยีธุรกิจดิจิทัล,7,System Design,1) อธิบาย System Design ได้ 2) วิเคราะห์/เลือกวิธีที่เหมาะสมได้ 3) ปฏิบัติงานหรือสร้างชิ้นงานเกี่ยวกับ System Design ได้ 4) ตรวจสอบและสะท้อนผลการทำงานได้,ใบงานหน่วยที่ 7: System Design,ภารกิจ 1 อธิบายแนวคิดหลักของ System Design; ภารกิจ 2 วิเคราะห์ตัวอย่าง; ภารกิจ 3 ลงมือปฏิบัติ/สร้างชิ้นงาน; ภารกิจ 4 ตรวจข้อผิดพลาด; ภารกิจ 5 สรุปสิ่งที่เรียนรู้และแนบหลักฐาน,ชื่อหน่วยและภาพรวม: อธิบายภาพรวมของ System Design และความเชื่อมโยงกับรายวิชา โครงงานเทคโนโลยีธุรกิจดิจิทัล,ผลลัพธ์การเรียนรู้: ผู้เรียนอธิบายหลักการ วิเคราะห์ตัวอย่าง และปฏิบัติงานเกี่ยวกับ System Design ได้ตามเกณฑ์,ความรู้เดิมที่ต้องใช้: ทบทวนความรู้พื้นฐานที่จำเป็นก่อนเรียน System Design พร้อมคำถามตรวจความพร้อม,คำศัพท์สำคัญ: รวบรวมคำศัพท์หลักของ System Design พร้อมความหมายและการใช้งานจริง,ความหมายและขอบเขต: นิยาม System Design ขอบเขตงาน และสิ่งที่อยู่/ไม่อยู่ในขอบเขต,หลักการสำคัญ: แจกแจงหลักการสำคัญของ System Design เป็นข้อ ๆ พร้อมเหตุผล,องค์ประกอบ/โครงสร้าง: แสดงองค์ประกอบหลัก ความสัมพันธ์ และลำดับการทำงานของ System Design,ขั้นตอนการทำงาน 1: เริ่มต้นงาน System Design: การเตรียมข้อมูล เครื่องมือ และเงื่อนไขก่อนทำ,ขั้นตอนการทำงาน 2: ขั้นดำเนินงานหลักของ System Design พร้อมจุดตรวจสอบระหว่างทาง,ขั้นตอนการทำงาน 3: ขั้นตรวจผล บันทึกผล และส่งมอบงานของ System Design,ตัวอย่างที่ถูกต้อง: ตัวอย่างการประยุกต์ System Design ที่ถูกต้อง พร้อมอธิบายเหตุผลทีละส่วน,ตัวอย่างที่ผิดและเหตุผล: ตัวอย่างข้อผิดพลาดของ System Design วิเคราะห์สาเหตุและผลกระทบ,สาธิต/กรณีตัวอย่าง: กรณีศึกษาจากสถานการณ์จริงหรือจำลองเกี่ยวกับ System Design,ข้อผิดพลาดที่พบบ่อย: รวบรวม Common Mistake ของ System Design และสัญญาณที่ใช้สังเกต,แนวทางแก้ปัญหา: Troubleshooting แบบเป็นลำดับสำหรับปัญหาที่เกิดระหว่างทำ System Design,ความปลอดภัย/จริยธรรม: ข้อควรระวัง ความปลอดภัย กฎหมาย หรือจริยธรรมที่เกี่ยวข้องกับ System Design,ภารกิจฝึกปฏิบัติ: กิจกรรมลงมือทำเกี่ยวกับ System Design ให้ผู้เรียนสร้างหลักฐานผลงาน,ใบงานประจำหน่วย: อธิบายใบงานของหน่วย System Design: เป้าหมาย งานที่ต้องส่ง รูปแบบ และกำหนดตรวจ,เกณฑ์ประเมินและสรุป: Rubric ประเมินความถูกต้อง กระบวนการ คุณภาพงาน และสรุป Key Takeaway ของ System Design,คำถามทบทวนและคิดวิเคราะห์: คำถามทบทวน 3–5 ข้อและคำถามคิดวิเคราะห์ที่เชื่อม System Design กับสถานการณ์จริง
31910-2029,โครงงานเทคโนโลยีธุรกิจดิจิทัล,8,Project Planning,1) อธิบาย Project Planning ได้ 2) วิเคราะห์/เลือกวิธีที่เหมาะสมได้ 3) ปฏิบัติงานหรือสร้างชิ้นงานเกี่ยวกับ Project Planning ได้ 4) ตรวจสอบและสะท้อนผลการทำงานได้,ใบงานหน่วยที่ 8: Project Planning,ภารกิจ 1 อธิบายแนวคิดหลักของ Project Planning; ภารกิจ 2 วิเคราะห์ตัวอย่าง; ภารกิจ 3 ลงมือปฏิบัติ/สร้างชิ้นงาน; ภารกิจ 4 ตรวจข้อผิดพลาด; ภารกิจ 5 สรุปสิ่งที่เรียนรู้และแนบหลักฐาน,ชื่อหน่วยและภาพรวม: อธิบายภาพรวมของ Project Planning และความเชื่อมโยงกับรายวิชา โครงงานเทคโนโลยีธุรกิจดิจิทัล,ผลลัพธ์การเรียนรู้: ผู้เรียนอธิบายหลักการ วิเคราะห์ตัวอย่าง และปฏิบัติงานเกี่ยวกับ Project Planning ได้ตามเกณฑ์,ความรู้เดิมที่ต้องใช้: ทบทวนความรู้พื้นฐานที่จำเป็นก่อนเรียน Project Planning พร้อมคำถามตรวจความพร้อม,คำศัพท์สำคัญ: รวบรวมคำศัพท์หลักของ Project Planning พร้อมความหมายและการใช้งานจริง,ความหมายและขอบเขต: นิยาม Project Planning ขอบเขตงาน และสิ่งที่อยู่/ไม่อยู่ในขอบเขต,หลักการสำคัญ: แจกแจงหลักการสำคัญของ Project Planning เป็นข้อ ๆ พร้อมเหตุผล,องค์ประกอบ/โครงสร้าง: แสดงองค์ประกอบหลัก ความสัมพันธ์ และลำดับการทำงานของ Project Planning,ขั้นตอนการทำงาน 1: เริ่มต้นงาน Project Planning: การเตรียมข้อมูล เครื่องมือ และเงื่อนไขก่อนทำ,ขั้นตอนการทำงาน 2: ขั้นดำเนินงานหลักของ Project Planning พร้อมจุดตรวจสอบระหว่างทาง,ขั้นตอนการทำงาน 3: ขั้นตรวจผล บันทึกผล และส่งมอบงานของ Project Planning,ตัวอย่างที่ถูกต้อง: ตัวอย่างการประยุกต์ Project Planning ที่ถูกต้อง พร้อมอธิบายเหตุผลทีละส่วน,ตัวอย่างที่ผิดและเหตุผล: ตัวอย่างข้อผิดพลาดของ Project Planning วิเคราะห์สาเหตุและผลกระทบ,สาธิต/กรณีตัวอย่าง: กรณีศึกษาจากสถานการณ์จริงหรือจำลองเกี่ยวกับ Project Planning,ข้อผิดพลาดที่พบบ่อย: รวบรวม Common Mistake ของ Project Planning และสัญญาณที่ใช้สังเกต,แนวทางแก้ปัญหา: Troubleshooting แบบเป็นลำดับสำหรับปัญหาที่เกิดระหว่างทำ Project Planning,ความปลอดภัย/จริยธรรม: ข้อควรระวัง ความปลอดภัย กฎหมาย หรือจริยธรรมที่เกี่ยวข้องกับ Project Planning,ภารกิจฝึกปฏิบัติ: กิจกรรมลงมือทำเกี่ยวกับ Project Planning ให้ผู้เรียนสร้างหลักฐานผลงาน,ใบงานประจำหน่วย: อธิบายใบงานของหน่วย Project Planning: เป้าหมาย งานที่ต้องส่ง รูปแบบ และกำหนดตรวจ,เกณฑ์ประเมินและสรุป: Rubric ประเมินความถูกต้อง กระบวนการ คุณภาพงาน และสรุป Key Takeaway ของ Project Planning,คำถามทบทวนและคิดวิเคราะห์: คำถามทบทวน 3–5 ข้อและคำถามคิดวิเคราะห์ที่เชื่อม Project Planning กับสถานการณ์จริง
31910-2029,โครงงานเทคโนโลยีธุรกิจดิจิทัล,9,Prototype,1) อธิบาย Prototype ได้ 2) วิเคราะห์/เลือกวิธีที่เหมาะสมได้ 3) ปฏิบัติงานหรือสร้างชิ้นงานเกี่ยวกับ Prototype ได้ 4) ตรวจสอบและสะท้อนผลการทำงานได้,ใบงานหน่วยที่ 9: Prototype,ภารกิจ 1 อธิบายแนวคิดหลักของ Prototype; ภารกิจ 2 วิเคราะห์ตัวอย่าง; ภารกิจ 3 ลงมือปฏิบัติ/สร้างชิ้นงาน; ภารกิจ 4 ตรวจข้อผิดพลาด; ภารกิจ 5 สรุปสิ่งที่เรียนรู้และแนบหลักฐาน,ชื่อหน่วยและภาพรวม: อธิบายภาพรวมของ Prototype และความเชื่อมโยงกับรายวิชา โครงงานเทคโนโลยีธุรกิจดิจิทัล,ผลลัพธ์การเรียนรู้: ผู้เรียนอธิบายหลักการ วิเคราะห์ตัวอย่าง และปฏิบัติงานเกี่ยวกับ Prototype ได้ตามเกณฑ์,ความรู้เดิมที่ต้องใช้: ทบทวนความรู้พื้นฐานที่จำเป็นก่อนเรียน Prototype พร้อมคำถามตรวจความพร้อม,คำศัพท์สำคัญ: รวบรวมคำศัพท์หลักของ Prototype พร้อมความหมายและการใช้งานจริง,ความหมายและขอบเขต: นิยาม Prototype ขอบเขตงาน และสิ่งที่อยู่/ไม่อยู่ในขอบเขต,หลักการสำคัญ: แจกแจงหลักการสำคัญของ Prototype เป็นข้อ ๆ พร้อมเหตุผล,องค์ประกอบ/โครงสร้าง: แสดงองค์ประกอบหลัก ความสัมพันธ์ และลำดับการทำงานของ Prototype,ขั้นตอนการทำงาน 1: เริ่มต้นงาน Prototype: การเตรียมข้อมูล เครื่องมือ และเงื่อนไขก่อนทำ,ขั้นตอนการทำงาน 2: ขั้นดำเนินงานหลักของ Prototype พร้อมจุดตรวจสอบระหว่างทาง,ขั้นตอนการทำงาน 3: ขั้นตรวจผล บันทึกผล และส่งมอบงานของ Prototype,ตัวอย่างที่ถูกต้อง: ตัวอย่างการประยุกต์ Prototype ที่ถูกต้อง พร้อมอธิบายเหตุผลทีละส่วน,ตัวอย่างที่ผิดและเหตุผล: ตัวอย่างข้อผิดพลาดของ Prototype วิเคราะห์สาเหตุและผลกระทบ,สาธิต/กรณีตัวอย่าง: กรณีศึกษาจากสถานการณ์จริงหรือจำลองเกี่ยวกับ Prototype,ข้อผิดพลาดที่พบบ่อย: รวบรวม Common Mistake ของ Prototype และสัญญาณที่ใช้สังเกต,แนวทางแก้ปัญหา: Troubleshooting แบบเป็นลำดับสำหรับปัญหาที่เกิดระหว่างทำ Prototype,ความปลอดภัย/จริยธรรม: ข้อควรระวัง ความปลอดภัย กฎหมาย หรือจริยธรรมที่เกี่ยวข้องกับ Prototype,ภารกิจฝึกปฏิบัติ: กิจกรรมลงมือทำเกี่ยวกับ Prototype ให้ผู้เรียนสร้างหลักฐานผลงาน,ใบงานประจำหน่วย: อธิบายใบงานของหน่วย Prototype: เป้าหมาย งานที่ต้องส่ง รูปแบบ และกำหนดตรวจ,เกณฑ์ประเมินและสรุป: Rubric ประเมินความถูกต้อง กระบวนการ คุณภาพงาน และสรุป Key Takeaway ของ Prototype,คำถามทบทวนและคิดวิเคราะห์: คำถามทบทวน 3–5 ข้อและคำถามคิดวิเคราะห์ที่เชื่อม Prototype กับสถานการณ์จริง
31910-2029,โครงงานเทคโนโลยีธุรกิจดิจิทัล,10,Development Sprint 1,1) อธิบาย Development Sprint 1 ได้ 2) วิเคราะห์/เลือกวิธีที่เหมาะสมได้ 3) ปฏิบัติงานหรือสร้างชิ้นงานเกี่ยวกับ Development Sprint 1 ได้ 4) ตรวจสอบและสะท้อนผลการทำงานได้,ใบงานหน่วยที่ 10: Development Sprint 1,ภารกิจ 1 อธิบายแนวคิดหลักของ Development Sprint 1; ภารกิจ 2 วิเคราะห์ตัวอย่าง; ภารกิจ 3 ลงมือปฏิบัติ/สร้างชิ้นงาน; ภารกิจ 4 ตรวจข้อผิดพลาด; ภารกิจ 5 สรุปสิ่งที่เรียนรู้และแนบหลักฐาน,ชื่อหน่วยและภาพรวม: อธิบายภาพรวมของ Development Sprint 1 และความเชื่อมโยงกับรายวิชา โครงงานเทคโนโลยีธุรกิจดิจิทัล,ผลลัพธ์การเรียนรู้: ผู้เรียนอธิบายหลักการ วิเคราะห์ตัวอย่าง และปฏิบัติงานเกี่ยวกับ Development Sprint 1 ได้ตามเกณฑ์,ความรู้เดิมที่ต้องใช้: ทบทวนความรู้พื้นฐานที่จำเป็นก่อนเรียน Development Sprint 1 พร้อมคำถามตรวจความพร้อม,คำศัพท์สำคัญ: รวบรวมคำศัพท์หลักของ Development Sprint 1 พร้อมความหมายและการใช้งานจริง,ความหมายและขอบเขต: นิยาม Development Sprint 1 ขอบเขตงาน และสิ่งที่อยู่/ไม่อยู่ในขอบเขต,หลักการสำคัญ: แจกแจงหลักการสำคัญของ Development Sprint 1 เป็นข้อ ๆ พร้อมเหตุผล,องค์ประกอบ/โครงสร้าง: แสดงองค์ประกอบหลัก ความสัมพันธ์ และลำดับการทำงานของ Development Sprint 1,ขั้นตอนการทำงาน 1: เริ่มต้นงาน Development Sprint 1: การเตรียมข้อมูล เครื่องมือ และเงื่อนไขก่อนทำ,ขั้นตอนการทำงาน 2: ขั้นดำเนินงานหลักของ Development Sprint 1 พร้อมจุดตรวจสอบระหว่างทาง,ขั้นตอนการทำงาน 3: ขั้นตรวจผล บันทึกผล และส่งมอบงานของ Development Sprint 1,ตัวอย่างที่ถูกต้อง: ตัวอย่างการประยุกต์ Development Sprint 1 ที่ถูกต้อง พร้อมอธิบายเหตุผลทีละส่วน,ตัวอย่างที่ผิดและเหตุผล: ตัวอย่างข้อผิดพลาดของ Development Sprint 1 วิเคราะห์สาเหตุและผลกระทบ,สาธิต/กรณีตัวอย่าง: กรณีศึกษาจากสถานการณ์จริงหรือจำลองเกี่ยวกับ Development Sprint 1,ข้อผิดพลาดที่พบบ่อย: รวบรวม Common Mistake ของ Development Sprint 1 และสัญญาณที่ใช้สังเกต,แนวทางแก้ปัญหา: Troubleshooting แบบเป็นลำดับสำหรับปัญหาที่เกิดระหว่างทำ Development Sprint 1,ความปลอดภัย/จริยธรรม: ข้อควรระวัง ความปลอดภัย กฎหมาย หรือจริยธรรมที่เกี่ยวข้องกับ Development Sprint 1,ภารกิจฝึกปฏิบัติ: กิจกรรมลงมือทำเกี่ยวกับ Development Sprint 1 ให้ผู้เรียนสร้างหลักฐานผลงาน,ใบงานประจำหน่วย: อธิบายใบงานของหน่วย Development Sprint 1: เป้าหมาย งานที่ต้องส่ง รูปแบบ และกำหนดตรวจ,เกณฑ์ประเมินและสรุป: Rubric ประเมินความถูกต้อง กระบวนการ คุณภาพงาน และสรุป Key Takeaway ของ Development Sprint 1,คำถามทบทวนและคิดวิเคราะห์: คำถามทบทวน 3–5 ข้อและคำถามคิดวิเคราะห์ที่เชื่อม Development Sprint 1 กับสถานการณ์จริง
31910-2029,โครงงานเทคโนโลยีธุรกิจดิจิทัล,11,Development Sprint 2,1) อธิบาย Development Sprint 2 ได้ 2) วิเคราะห์/เลือกวิธีที่เหมาะสมได้ 3) ปฏิบัติงานหรือสร้างชิ้นงานเกี่ยวกับ Development Sprint 2 ได้ 4) ตรวจสอบและสะท้อนผลการทำงานได้,ใบงานหน่วยที่ 11: Development Sprint 2,ภารกิจ 1 อธิบายแนวคิดหลักของ Development Sprint 2; ภารกิจ 2 วิเคราะห์ตัวอย่าง; ภารกิจ 3 ลงมือปฏิบัติ/สร้างชิ้นงาน; ภารกิจ 4 ตรวจข้อผิดพลาด; ภารกิจ 5 สรุปสิ่งที่เรียนรู้และแนบหลักฐาน,ชื่อหน่วยและภาพรวม: อธิบายภาพรวมของ Development Sprint 2 และความเชื่อมโยงกับรายวิชา โครงงานเทคโนโลยีธุรกิจดิจิทัล,ผลลัพธ์การเรียนรู้: ผู้เรียนอธิบายหลักการ วิเคราะห์ตัวอย่าง และปฏิบัติงานเกี่ยวกับ Development Sprint 2 ได้ตามเกณฑ์,ความรู้เดิมที่ต้องใช้: ทบทวนความรู้พื้นฐานที่จำเป็นก่อนเรียน Development Sprint 2 พร้อมคำถามตรวจความพร้อม,คำศัพท์สำคัญ: รวบรวมคำศัพท์หลักของ Development Sprint 2 พร้อมความหมายและการใช้งานจริง,ความหมายและขอบเขต: นิยาม Development Sprint 2 ขอบเขตงาน และสิ่งที่อยู่/ไม่อยู่ในขอบเขต,หลักการสำคัญ: แจกแจงหลักการสำคัญของ Development Sprint 2 เป็นข้อ ๆ พร้อมเหตุผล,องค์ประกอบ/โครงสร้าง: แสดงองค์ประกอบหลัก ความสัมพันธ์ และลำดับการทำงานของ Development Sprint 2,ขั้นตอนการทำงาน 1: เริ่มต้นงาน Development Sprint 2: การเตรียมข้อมูล เครื่องมือ และเงื่อนไขก่อนทำ,ขั้นตอนการทำงาน 2: ขั้นดำเนินงานหลักของ Development Sprint 2 พร้อมจุดตรวจสอบระหว่างทาง,ขั้นตอนการทำงาน 3: ขั้นตรวจผล บันทึกผล และส่งมอบงานของ Development Sprint 2,ตัวอย่างที่ถูกต้อง: ตัวอย่างการประยุกต์ Development Sprint 2 ที่ถูกต้อง พร้อมอธิบายเหตุผลทีละส่วน,ตัวอย่างที่ผิดและเหตุผล: ตัวอย่างข้อผิดพลาดของ Development Sprint 2 วิเคราะห์สาเหตุและผลกระทบ,สาธิต/กรณีตัวอย่าง: กรณีศึกษาจากสถานการณ์จริงหรือจำลองเกี่ยวกับ Development Sprint 2,ข้อผิดพลาดที่พบบ่อย: รวบรวม Common Mistake ของ Development Sprint 2 และสัญญาณที่ใช้สังเกต,แนวทางแก้ปัญหา: Troubleshooting แบบเป็นลำดับสำหรับปัญหาที่เกิดระหว่างทำ Development Sprint 2,ความปลอดภัย/จริยธรรม: ข้อควรระวัง ความปลอดภัย กฎหมาย หรือจริยธรรมที่เกี่ยวข้องกับ Development Sprint 2,ภารกิจฝึกปฏิบัติ: กิจกรรมลงมือทำเกี่ยวกับ Development Sprint 2 ให้ผู้เรียนสร้างหลักฐานผลงาน,ใบงานประจำหน่วย: อธิบายใบงานของหน่วย Development Sprint 2: เป้าหมาย งานที่ต้องส่ง รูปแบบ และกำหนดตรวจ,เกณฑ์ประเมินและสรุป: Rubric ประเมินความถูกต้อง กระบวนการ คุณภาพงาน และสรุป Key Takeaway ของ Development Sprint 2,คำถามทบทวนและคิดวิเคราะห์: คำถามทบทวน 3–5 ข้อและคำถามคิดวิเคราะห์ที่เชื่อม Development Sprint 2 กับสถานการณ์จริง
31910-2029,โครงงานเทคโนโลยีธุรกิจดิจิทัล,12,Testing,1) อธิบาย Testing ได้ 2) วิเคราะห์/เลือกวิธีที่เหมาะสมได้ 3) ปฏิบัติงานหรือสร้างชิ้นงานเกี่ยวกับ Testing ได้ 4) ตรวจสอบและสะท้อนผลการทำงานได้,ใบงานหน่วยที่ 12: Testing,ภารกิจ 1 อธิบายแนวคิดหลักของ Testing; ภารกิจ 2 วิเคราะห์ตัวอย่าง; ภารกิจ 3 ลงมือปฏิบัติ/สร้างชิ้นงาน; ภารกิจ 4 ตรวจข้อผิดพลาด; ภารกิจ 5 สรุปสิ่งที่เรียนรู้และแนบหลักฐาน,ชื่อหน่วยและภาพรวม: อธิบายภาพรวมของ Testing และความเชื่อมโยงกับรายวิชา โครงงานเทคโนโลยีธุรกิจดิจิทัล,ผลลัพธ์การเรียนรู้: ผู้เรียนอธิบายหลักการ วิเคราะห์ตัวอย่าง และปฏิบัติงานเกี่ยวกับ Testing ได้ตามเกณฑ์,ความรู้เดิมที่ต้องใช้: ทบทวนความรู้พื้นฐานที่จำเป็นก่อนเรียน Testing พร้อมคำถามตรวจความพร้อม,คำศัพท์สำคัญ: รวบรวมคำศัพท์หลักของ Testing พร้อมความหมายและการใช้งานจริง,ความหมายและขอบเขต: นิยาม Testing ขอบเขตงาน และสิ่งที่อยู่/ไม่อยู่ในขอบเขต,หลักการสำคัญ: แจกแจงหลักการสำคัญของ Testing เป็นข้อ ๆ พร้อมเหตุผล,องค์ประกอบ/โครงสร้าง: แสดงองค์ประกอบหลัก ความสัมพันธ์ และลำดับการทำงานของ Testing,ขั้นตอนการทำงาน 1: เริ่มต้นงาน Testing: การเตรียมข้อมูล เครื่องมือ และเงื่อนไขก่อนทำ,ขั้นตอนการทำงาน 2: ขั้นดำเนินงานหลักของ Testing พร้อมจุดตรวจสอบระหว่างทาง,ขั้นตอนการทำงาน 3: ขั้นตรวจผล บันทึกผล และส่งมอบงานของ Testing,ตัวอย่างที่ถูกต้อง: ตัวอย่างการประยุกต์ Testing ที่ถูกต้อง พร้อมอธิบายเหตุผลทีละส่วน,ตัวอย่างที่ผิดและเหตุผล: ตัวอย่างข้อผิดพลาดของ Testing วิเคราะห์สาเหตุและผลกระทบ,สาธิต/กรณีตัวอย่าง: กรณีศึกษาจากสถานการณ์จริงหรือจำลองเกี่ยวกับ Testing,ข้อผิดพลาดที่พบบ่อย: รวบรวม Common Mistake ของ Testing และสัญญาณที่ใช้สังเกต,แนวทางแก้ปัญหา: Troubleshooting แบบเป็นลำดับสำหรับปัญหาที่เกิดระหว่างทำ Testing,ความปลอดภัย/จริยธรรม: ข้อควรระวัง ความปลอดภัย กฎหมาย หรือจริยธรรมที่เกี่ยวข้องกับ Testing,ภารกิจฝึกปฏิบัติ: กิจกรรมลงมือทำเกี่ยวกับ Testing ให้ผู้เรียนสร้างหลักฐานผลงาน,ใบงานประจำหน่วย: อธิบายใบงานของหน่วย Testing: เป้าหมาย งานที่ต้องส่ง รูปแบบ และกำหนดตรวจ,เกณฑ์ประเมินและสรุป: Rubric ประเมินความถูกต้อง กระบวนการ คุณภาพงาน และสรุป Key Takeaway ของ Testing,คำถามทบทวนและคิดวิเคราะห์: คำถามทบทวน 3–5 ข้อและคำถามคิดวิเคราะห์ที่เชื่อม Testing กับสถานการณ์จริง
31910-2029,โครงงานเทคโนโลยีธุรกิจดิจิทัล,13,User Acceptance Test,1) อธิบาย User Acceptance Test ได้ 2) วิเคราะห์/เลือกวิธีที่เหมาะสมได้ 3) ปฏิบัติงานหรือสร้างชิ้นงานเกี่ยวกับ User Acceptance Test ได้ 4) ตรวจสอบและสะท้อนผลการทำงานได้,ใบงานหน่วยที่ 13: User Acceptance Test,ภารกิจ 1 อธิบายแนวคิดหลักของ User Acceptance Test; ภารกิจ 2 วิเคราะห์ตัวอย่าง; ภารกิจ 3 ลงมือปฏิบัติ/สร้างชิ้นงาน; ภารกิจ 4 ตรวจข้อผิดพลาด; ภารกิจ 5 สรุปสิ่งที่เรียนรู้และแนบหลักฐาน,ชื่อหน่วยและภาพรวม: อธิบายภาพรวมของ User Acceptance Test และความเชื่อมโยงกับรายวิชา โครงงานเทคโนโลยีธุรกิจดิจิทัล,ผลลัพธ์การเรียนรู้: ผู้เรียนอธิบายหลักการ วิเคราะห์ตัวอย่าง และปฏิบัติงานเกี่ยวกับ User Acceptance Test ได้ตามเกณฑ์,ความรู้เดิมที่ต้องใช้: ทบทวนความรู้พื้นฐานที่จำเป็นก่อนเรียน User Acceptance Test พร้อมคำถามตรวจความพร้อม,คำศัพท์สำคัญ: รวบรวมคำศัพท์หลักของ User Acceptance Test พร้อมความหมายและการใช้งานจริง,ความหมายและขอบเขต: นิยาม User Acceptance Test ขอบเขตงาน และสิ่งที่อยู่/ไม่อยู่ในขอบเขต,หลักการสำคัญ: แจกแจงหลักการสำคัญของ User Acceptance Test เป็นข้อ ๆ พร้อมเหตุผล,องค์ประกอบ/โครงสร้าง: แสดงองค์ประกอบหลัก ความสัมพันธ์ และลำดับการทำงานของ User Acceptance Test,ขั้นตอนการทำงาน 1: เริ่มต้นงาน User Acceptance Test: การเตรียมข้อมูล เครื่องมือ และเงื่อนไขก่อนทำ,ขั้นตอนการทำงาน 2: ขั้นดำเนินงานหลักของ User Acceptance Test พร้อมจุดตรวจสอบระหว่างทาง,ขั้นตอนการทำงาน 3: ขั้นตรวจผล บันทึกผล และส่งมอบงานของ User Acceptance Test,ตัวอย่างที่ถูกต้อง: ตัวอย่างการประยุกต์ User Acceptance Test ที่ถูกต้อง พร้อมอธิบายเหตุผลทีละส่วน,ตัวอย่างที่ผิดและเหตุผล: ตัวอย่างข้อผิดพลาดของ User Acceptance Test วิเคราะห์สาเหตุและผลกระทบ,สาธิต/กรณีตัวอย่าง: กรณีศึกษาจากสถานการณ์จริงหรือจำลองเกี่ยวกับ User Acceptance Test,ข้อผิดพลาดที่พบบ่อย: รวบรวม Common Mistake ของ User Acceptance Test และสัญญาณที่ใช้สังเกต,แนวทางแก้ปัญหา: Troubleshooting แบบเป็นลำดับสำหรับปัญหาที่เกิดระหว่างทำ User Acceptance Test,ความปลอดภัย/จริยธรรม: ข้อควรระวัง ความปลอดภัย กฎหมาย หรือจริยธรรมที่เกี่ยวข้องกับ User Acceptance Test,ภารกิจฝึกปฏิบัติ: กิจกรรมลงมือทำเกี่ยวกับ User Acceptance Test ให้ผู้เรียนสร้างหลักฐานผลงาน,ใบงานประจำหน่วย: อธิบายใบงานของหน่วย User Acceptance Test: เป้าหมาย งานที่ต้องส่ง รูปแบบ และกำหนดตรวจ,เกณฑ์ประเมินและสรุป: Rubric ประเมินความถูกต้อง กระบวนการ คุณภาพงาน และสรุป Key Takeaway ของ User Acceptance Test,คำถามทบทวนและคิดวิเคราะห์: คำถามทบทวน 3–5 ข้อและคำถามคิดวิเคราะห์ที่เชื่อม User Acceptance Test กับสถานการณ์จริง
31910-2029,โครงงานเทคโนโลยีธุรกิจดิจิทัล,14,ปรับปรุงระบบ,1) อธิบาย ปรับปรุงระบบ ได้ 2) วิเคราะห์/เลือกวิธีที่เหมาะสมได้ 3) ปฏิบัติงานหรือสร้างชิ้นงานเกี่ยวกับ ปรับปรุงระบบ ได้ 4) ตรวจสอบและสะท้อนผลการทำงานได้,ใบงานหน่วยที่ 14: ปรับปรุงระบบ,ภารกิจ 1 อธิบายแนวคิดหลักของ ปรับปรุงระบบ; ภารกิจ 2 วิเคราะห์ตัวอย่าง; ภารกิจ 3 ลงมือปฏิบัติ/สร้างชิ้นงาน; ภารกิจ 4 ตรวจข้อผิดพลาด; ภารกิจ 5 สรุปสิ่งที่เรียนรู้และแนบหลักฐาน,ชื่อหน่วยและภาพรวม: อธิบายภาพรวมของ ปรับปรุงระบบ และความเชื่อมโยงกับรายวิชา โครงงานเทคโนโลยีธุรกิจดิจิทัล,ผลลัพธ์การเรียนรู้: ผู้เรียนอธิบายหลักการ วิเคราะห์ตัวอย่าง และปฏิบัติงานเกี่ยวกับ ปรับปรุงระบบ ได้ตามเกณฑ์,ความรู้เดิมที่ต้องใช้: ทบทวนความรู้พื้นฐานที่จำเป็นก่อนเรียน ปรับปรุงระบบ พร้อมคำถามตรวจความพร้อม,คำศัพท์สำคัญ: รวบรวมคำศัพท์หลักของ ปรับปรุงระบบ พร้อมความหมายและการใช้งานจริง,ความหมายและขอบเขต: นิยาม ปรับปรุงระบบ ขอบเขตงาน และสิ่งที่อยู่/ไม่อยู่ในขอบเขต,หลักการสำคัญ: แจกแจงหลักการสำคัญของ ปรับปรุงระบบ เป็นข้อ ๆ พร้อมเหตุผล,องค์ประกอบ/โครงสร้าง: แสดงองค์ประกอบหลัก ความสัมพันธ์ และลำดับการทำงานของ ปรับปรุงระบบ,ขั้นตอนการทำงาน 1: เริ่มต้นงาน ปรับปรุงระบบ: การเตรียมข้อมูล เครื่องมือ และเงื่อนไขก่อนทำ,ขั้นตอนการทำงาน 2: ขั้นดำเนินงานหลักของ ปรับปรุงระบบ พร้อมจุดตรวจสอบระหว่างทาง,ขั้นตอนการทำงาน 3: ขั้นตรวจผล บันทึกผล และส่งมอบงานของ ปรับปรุงระบบ,ตัวอย่างที่ถูกต้อง: ตัวอย่างการประยุกต์ ปรับปรุงระบบ ที่ถูกต้อง พร้อมอธิบายเหตุผลทีละส่วน,ตัวอย่างที่ผิดและเหตุผล: ตัวอย่างข้อผิดพลาดของ ปรับปรุงระบบ วิเคราะห์สาเหตุและผลกระทบ,สาธิต/กรณีตัวอย่าง: กรณีศึกษาจากสถานการณ์จริงหรือจำลองเกี่ยวกับ ปรับปรุงระบบ,ข้อผิดพลาดที่พบบ่อย: รวบรวม Common Mistake ของ ปรับปรุงระบบ และสัญญาณที่ใช้สังเกต,แนวทางแก้ปัญหา: Troubleshooting แบบเป็นลำดับสำหรับปัญหาที่เกิดระหว่างทำ ปรับปรุงระบบ,ความปลอดภัย/จริยธรรม: ข้อควรระวัง ความปลอดภัย กฎหมาย หรือจริยธรรมที่เกี่ยวข้องกับ ปรับปรุงระบบ,ภารกิจฝึกปฏิบัติ: กิจกรรมลงมือทำเกี่ยวกับ ปรับปรุงระบบ ให้ผู้เรียนสร้างหลักฐานผลงาน,ใบงานประจำหน่วย: อธิบายใบงานของหน่วย ปรับปรุงระบบ: เป้าหมาย งานที่ต้องส่ง รูปแบบ และกำหนดตรวจ,เกณฑ์ประเมินและสรุป: Rubric ประเมินความถูกต้อง กระบวนการ คุณภาพงาน และสรุป Key Takeaway ของ ปรับปรุงระบบ,คำถามทบทวนและคิดวิเคราะห์: คำถามทบทวน 3–5 ข้อและคำถามคิดวิเคราะห์ที่เชื่อม ปรับปรุงระบบ กับสถานการณ์จริง
31910-2029,โครงงานเทคโนโลยีธุรกิจดิจิทัล,15,จัดทำเอกสาร,1) อธิบาย จัดทำเอกสาร ได้ 2) วิเคราะห์/เลือกวิธีที่เหมาะสมได้ 3) ปฏิบัติงานหรือสร้างชิ้นงานเกี่ยวกับ จัดทำเอกสาร ได้ 4) ตรวจสอบและสะท้อนผลการทำงานได้,ใบงานหน่วยที่ 15: จัดทำเอกสาร,ภารกิจ 1 อธิบายแนวคิดหลักของ จัดทำเอกสาร; ภารกิจ 2 วิเคราะห์ตัวอย่าง; ภารกิจ 3 ลงมือปฏิบัติ/สร้างชิ้นงาน; ภารกิจ 4 ตรวจข้อผิดพลาด; ภารกิจ 5 สรุปสิ่งที่เรียนรู้และแนบหลักฐาน,ชื่อหน่วยและภาพรวม: อธิบายภาพรวมของ จัดทำเอกสาร และความเชื่อมโยงกับรายวิชา โครงงานเทคโนโลยีธุรกิจดิจิทัล,ผลลัพธ์การเรียนรู้: ผู้เรียนอธิบายหลักการ วิเคราะห์ตัวอย่าง และปฏิบัติงานเกี่ยวกับ จัดทำเอกสาร ได้ตามเกณฑ์,ความรู้เดิมที่ต้องใช้: ทบทวนความรู้พื้นฐานที่จำเป็นก่อนเรียน จัดทำเอกสาร พร้อมคำถามตรวจความพร้อม,คำศัพท์สำคัญ: รวบรวมคำศัพท์หลักของ จัดทำเอกสาร พร้อมความหมายและการใช้งานจริง,ความหมายและขอบเขต: นิยาม จัดทำเอกสาร ขอบเขตงาน และสิ่งที่อยู่/ไม่อยู่ในขอบเขต,หลักการสำคัญ: แจกแจงหลักการสำคัญของ จัดทำเอกสาร เป็นข้อ ๆ พร้อมเหตุผล,องค์ประกอบ/โครงสร้าง: แสดงองค์ประกอบหลัก ความสัมพันธ์ และลำดับการทำงานของ จัดทำเอกสาร,ขั้นตอนการทำงาน 1: เริ่มต้นงาน จัดทำเอกสาร: การเตรียมข้อมูล เครื่องมือ และเงื่อนไขก่อนทำ,ขั้นตอนการทำงาน 2: ขั้นดำเนินงานหลักของ จัดทำเอกสาร พร้อมจุดตรวจสอบระหว่างทาง,ขั้นตอนการทำงาน 3: ขั้นตรวจผล บันทึกผล และส่งมอบงานของ จัดทำเอกสาร,ตัวอย่างที่ถูกต้อง: ตัวอย่างการประยุกต์ จัดทำเอกสาร ที่ถูกต้อง พร้อมอธิบายเหตุผลทีละส่วน,ตัวอย่างที่ผิดและเหตุผล: ตัวอย่างข้อผิดพลาดของ จัดทำเอกสาร วิเคราะห์สาเหตุและผลกระทบ,สาธิต/กรณีตัวอย่าง: กรณีศึกษาจากสถานการณ์จริงหรือจำลองเกี่ยวกับ จัดทำเอกสาร,ข้อผิดพลาดที่พบบ่อย: รวบรวม Common Mistake ของ จัดทำเอกสาร และสัญญาณที่ใช้สังเกต,แนวทางแก้ปัญหา: Troubleshooting แบบเป็นลำดับสำหรับปัญหาที่เกิดระหว่างทำ จัดทำเอกสาร,ความปลอดภัย/จริยธรรม: ข้อควรระวัง ความปลอดภัย กฎหมาย หรือจริยธรรมที่เกี่ยวข้องกับ จัดทำเอกสาร,ภารกิจฝึกปฏิบัติ: กิจกรรมลงมือทำเกี่ยวกับ จัดทำเอกสาร ให้ผู้เรียนสร้างหลักฐานผลงาน,ใบงานประจำหน่วย: อธิบายใบงานของหน่วย จัดทำเอกสาร: เป้าหมาย งานที่ต้องส่ง รูปแบบ และกำหนดตรวจ,เกณฑ์ประเมินและสรุป: Rubric ประเมินความถูกต้อง กระบวนการ คุณภาพงาน และสรุป Key Takeaway ของ จัดทำเอกสาร,คำถามทบทวนและคิดวิเคราะห์: คำถามทบทวน 3–5 ข้อและคำถามคิดวิเคราะห์ที่เชื่อม จัดทำเอกสาร กับสถานการณ์จริง
31910-2029,โครงงานเทคโนโลยีธุรกิจดิจิทัล,16,นำเสนอและสาธิต,1) อธิบาย นำเสนอและสาธิต ได้ 2) วิเคราะห์/เลือกวิธีที่เหมาะสมได้ 3) ปฏิบัติงานหรือสร้างชิ้นงานเกี่ยวกับ นำเสนอและสาธิต ได้ 4) ตรวจสอบและสะท้อนผลการทำงานได้,ใบงานหน่วยที่ 16: นำเสนอและสาธิต,ภารกิจ 1 อธิบายแนวคิดหลักของ นำเสนอและสาธิต; ภารกิจ 2 วิเคราะห์ตัวอย่าง; ภารกิจ 3 ลงมือปฏิบัติ/สร้างชิ้นงาน; ภารกิจ 4 ตรวจข้อผิดพลาด; ภารกิจ 5 สรุปสิ่งที่เรียนรู้และแนบหลักฐาน,ชื่อหน่วยและภาพรวม: อธิบายภาพรวมของ นำเสนอและสาธิต และความเชื่อมโยงกับรายวิชา โครงงานเทคโนโลยีธุรกิจดิจิทัล,ผลลัพธ์การเรียนรู้: ผู้เรียนอธิบายหลักการ วิเคราะห์ตัวอย่าง และปฏิบัติงานเกี่ยวกับ นำเสนอและสาธิต ได้ตามเกณฑ์,ความรู้เดิมที่ต้องใช้: ทบทวนความรู้พื้นฐานที่จำเป็นก่อนเรียน นำเสนอและสาธิต พร้อมคำถามตรวจความพร้อม,คำศัพท์สำคัญ: รวบรวมคำศัพท์หลักของ นำเสนอและสาธิต พร้อมความหมายและการใช้งานจริง,ความหมายและขอบเขต: นิยาม นำเสนอและสาธิต ขอบเขตงาน และสิ่งที่อยู่/ไม่อยู่ในขอบเขต,หลักการสำคัญ: แจกแจงหลักการสำคัญของ นำเสนอและสาธิต เป็นข้อ ๆ พร้อมเหตุผล,องค์ประกอบ/โครงสร้าง: แสดงองค์ประกอบหลัก ความสัมพันธ์ และลำดับการทำงานของ นำเสนอและสาธิต,ขั้นตอนการทำงาน 1: เริ่มต้นงาน นำเสนอและสาธิต: การเตรียมข้อมูล เครื่องมือ และเงื่อนไขก่อนทำ,ขั้นตอนการทำงาน 2: ขั้นดำเนินงานหลักของ นำเสนอและสาธิต พร้อมจุดตรวจสอบระหว่างทาง,ขั้นตอนการทำงาน 3: ขั้นตรวจผล บันทึกผล และส่งมอบงานของ นำเสนอและสาธิต,ตัวอย่างที่ถูกต้อง: ตัวอย่างการประยุกต์ นำเสนอและสาธิต ที่ถูกต้อง พร้อมอธิบายเหตุผลทีละส่วน,ตัวอย่างที่ผิดและเหตุผล: ตัวอย่างข้อผิดพลาดของ นำเสนอและสาธิต วิเคราะห์สาเหตุและผลกระทบ,สาธิต/กรณีตัวอย่าง: กรณีศึกษาจากสถานการณ์จริงหรือจำลองเกี่ยวกับ นำเสนอและสาธิต,ข้อผิดพลาดที่พบบ่อย: รวบรวม Common Mistake ของ นำเสนอและสาธิต และสัญญาณที่ใช้สังเกต,แนวทางแก้ปัญหา: Troubleshooting แบบเป็นลำดับสำหรับปัญหาที่เกิดระหว่างทำ นำเสนอและสาธิต,ความปลอดภัย/จริยธรรม: ข้อควรระวัง ความปลอดภัย กฎหมาย หรือจริยธรรมที่เกี่ยวข้องกับ นำเสนอและสาธิต,ภารกิจฝึกปฏิบัติ: กิจกรรมลงมือทำเกี่ยวกับ นำเสนอและสาธิต ให้ผู้เรียนสร้างหลักฐานผลงาน,ใบงานประจำหน่วย: อธิบายใบงานของหน่วย นำเสนอและสาธิต: เป้าหมาย งานที่ต้องส่ง รูปแบบ และกำหนดตรวจ,เกณฑ์ประเมินและสรุป: Rubric ประเมินความถูกต้อง กระบวนการ คุณภาพงาน และสรุป Key Takeaway ของ นำเสนอและสาธิต,คำถามทบทวนและคิดวิเคราะห์: คำถามทบทวน 3–5 ข้อและคำถามคิดวิเคราะห์ที่เชื่อม นำเสนอและสาธิต กับสถานการณ์จริง
31910-2029,โครงงานเทคโนโลยีธุรกิจดิจิทัล,17,สรุปและประเมินโครงงาน,1) อธิบาย สรุปและประเมินโครงงาน ได้ 2) วิเคราะห์/เลือกวิธีที่เหมาะสมได้ 3) ปฏิบัติงานหรือสร้างชิ้นงานเกี่ยวกับ สรุปและประเมินโครงงาน ได้ 4) ตรวจสอบและสะท้อนผลการทำงานได้,ใบงานหน่วยที่ 17: สรุปและประเมินโครงงาน,ภารกิจ 1 อธิบายแนวคิดหลักของ สรุปและประเมินโครงงาน; ภารกิจ 2 วิเคราะห์ตัวอย่าง; ภารกิจ 3 ลงมือปฏิบัติ/สร้างชิ้นงาน; ภารกิจ 4 ตรวจข้อผิดพลาด; ภารกิจ 5 สรุปสิ่งที่เรียนรู้และแนบหลักฐาน,ชื่อหน่วยและภาพรวม: อธิบายภาพรวมของ สรุปและประเมินโครงงาน และความเชื่อมโยงกับรายวิชา โครงงานเทคโนโลยีธุรกิจดิจิทัล,ผลลัพธ์การเรียนรู้: ผู้เรียนอธิบายหลักการ วิเคราะห์ตัวอย่าง และปฏิบัติงานเกี่ยวกับ สรุปและประเมินโครงงาน ได้ตามเกณฑ์,ความรู้เดิมที่ต้องใช้: ทบทวนความรู้พื้นฐานที่จำเป็นก่อนเรียน สรุปและประเมินโครงงาน พร้อมคำถามตรวจความพร้อม,คำศัพท์สำคัญ: รวบรวมคำศัพท์หลักของ สรุปและประเมินโครงงาน พร้อมความหมายและการใช้งานจริง,ความหมายและขอบเขต: นิยาม สรุปและประเมินโครงงาน ขอบเขตงาน และสิ่งที่อยู่/ไม่อยู่ในขอบเขต,หลักการสำคัญ: แจกแจงหลักการสำคัญของ สรุปและประเมินโครงงาน เป็นข้อ ๆ พร้อมเหตุผล,องค์ประกอบ/โครงสร้าง: แสดงองค์ประกอบหลัก ความสัมพันธ์ และลำดับการทำงานของ สรุปและประเมินโครงงาน,ขั้นตอนการทำงาน 1: เริ่มต้นงาน สรุปและประเมินโครงงาน: การเตรียมข้อมูล เครื่องมือ และเงื่อนไขก่อนทำ,ขั้นตอนการทำงาน 2: ขั้นดำเนินงานหลักของ สรุปและประเมินโครงงาน พร้อมจุดตรวจสอบระหว่างทาง,ขั้นตอนการทำงาน 3: ขั้นตรวจผล บันทึกผล และส่งมอบงานของ สรุปและประเมินโครงงาน,ตัวอย่างที่ถูกต้อง: ตัวอย่างการประยุกต์ สรุปและประเมินโครงงาน ที่ถูกต้อง พร้อมอธิบายเหตุผลทีละส่วน,ตัวอย่างที่ผิดและเหตุผล: ตัวอย่างข้อผิดพลาดของ สรุปและประเมินโครงงาน วิเคราะห์สาเหตุและผลกระทบ,สาธิต/กรณีตัวอย่าง: กรณีศึกษาจากสถานการณ์จริงหรือจำลองเกี่ยวกับ สรุปและประเมินโครงงาน,ข้อผิดพลาดที่พบบ่อย: รวบรวม Common Mistake ของ สรุปและประเมินโครงงาน และสัญญาณที่ใช้สังเกต,แนวทางแก้ปัญหา: Troubleshooting แบบเป็นลำดับสำหรับปัญหาที่เกิดระหว่างทำ สรุปและประเมินโครงงาน,ความปลอดภัย/จริยธรรม: ข้อควรระวัง ความปลอดภัย กฎหมาย หรือจริยธรรมที่เกี่ยวข้องกับ สรุปและประเมินโครงงาน,ภารกิจฝึกปฏิบัติ: กิจกรรมลงมือทำเกี่ยวกับ สรุปและประเมินโครงงาน ให้ผู้เรียนสร้างหลักฐานผลงาน,ใบงานประจำหน่วย: อธิบายใบงานของหน่วย สรุปและประเมินโครงงาน: เป้าหมาย งานที่ต้องส่ง รูปแบบ และกำหนดตรวจ,เกณฑ์ประเมินและสรุป: Rubric ประเมินความถูกต้อง กระบวนการ คุณภาพงาน และสรุป Key Takeaway ของ สรุปและประเมินโครงงาน,คำถามทบทวนและคิดวิเคราะห์: คำถามทบทวน 3–5 ข้อและคำถามคิดวิเคราะห์ที่เชื่อม สรุปและประเมินโครงงาน กับสถานการณ์จริง
31900-1003,การสร้างสื่อดิจิทัล,1,พื้นฐานสื่อดิจิทัล,1) อธิบาย พื้นฐานสื่อดิจิทัล ได้ 2) วิเคราะห์/เลือกวิธีที่เหมาะสมได้ 3) ปฏิบัติงานหรือสร้างชิ้นงานเกี่ยวกับ พื้นฐานสื่อดิจิทัล ได้ 4) ตรวจสอบและสะท้อนผลการทำงานได้,ใบงานหน่วยที่ 1: พื้นฐานสื่อดิจิทัล,ภารกิจ 1 อธิบายแนวคิดหลักของ พื้นฐานสื่อดิจิทัล; ภารกิจ 2 วิเคราะห์ตัวอย่าง; ภารกิจ 3 ลงมือปฏิบัติ/สร้างชิ้นงาน; ภารกิจ 4 ตรวจข้อผิดพลาด; ภารกิจ 5 สรุปสิ่งที่เรียนรู้และแนบหลักฐาน,ชื่อหน่วยและภาพรวม: อธิบายภาพรวมของ พื้นฐานสื่อดิจิทัล และความเชื่อมโยงกับรายวิชา การสร้างสื่อดิจิทัล,ผลลัพธ์การเรียนรู้: ผู้เรียนอธิบายหลักการ วิเคราะห์ตัวอย่าง และปฏิบัติงานเกี่ยวกับ พื้นฐานสื่อดิจิทัล ได้ตามเกณฑ์,ความรู้เดิมที่ต้องใช้: ทบทวนความรู้พื้นฐานที่จำเป็นก่อนเรียน พื้นฐานสื่อดิจิทัล พร้อมคำถามตรวจความพร้อม,คำศัพท์สำคัญ: รวบรวมคำศัพท์หลักของ พื้นฐานสื่อดิจิทัล พร้อมความหมายและการใช้งานจริง,ความหมายและขอบเขต: นิยาม พื้นฐานสื่อดิจิทัล ขอบเขตงาน และสิ่งที่อยู่/ไม่อยู่ในขอบเขต,หลักการสำคัญ: แจกแจงหลักการสำคัญของ พื้นฐานสื่อดิจิทัล เป็นข้อ ๆ พร้อมเหตุผล,องค์ประกอบ/โครงสร้าง: แสดงองค์ประกอบหลัก ความสัมพันธ์ และลำดับการทำงานของ พื้นฐานสื่อดิจิทัล,ขั้นตอนการทำงาน 1: เริ่มต้นงาน พื้นฐานสื่อดิจิทัล: การเตรียมข้อมูล เครื่องมือ และเงื่อนไขก่อนทำ,ขั้นตอนการทำงาน 2: ขั้นดำเนินงานหลักของ พื้นฐานสื่อดิจิทัล พร้อมจุดตรวจสอบระหว่างทาง,ขั้นตอนการทำงาน 3: ขั้นตรวจผล บันทึกผล และส่งมอบงานของ พื้นฐานสื่อดิจิทัล,ตัวอย่างที่ถูกต้อง: ตัวอย่างการประยุกต์ พื้นฐานสื่อดิจิทัล ที่ถูกต้อง พร้อมอธิบายเหตุผลทีละส่วน,ตัวอย่างที่ผิดและเหตุผล: ตัวอย่างข้อผิดพลาดของ พื้นฐานสื่อดิจิทัล วิเคราะห์สาเหตุและผลกระทบ,สาธิต/กรณีตัวอย่าง: กรณีศึกษาจากสถานการณ์จริงหรือจำลองเกี่ยวกับ พื้นฐานสื่อดิจิทัล,ข้อผิดพลาดที่พบบ่อย: รวบรวม Common Mistake ของ พื้นฐานสื่อดิจิทัล และสัญญาณที่ใช้สังเกต,แนวทางแก้ปัญหา: Troubleshooting แบบเป็นลำดับสำหรับปัญหาที่เกิดระหว่างทำ พื้นฐานสื่อดิจิทัล,ความปลอดภัย/จริยธรรม: ข้อควรระวัง ความปลอดภัย กฎหมาย หรือจริยธรรมที่เกี่ยวข้องกับ พื้นฐานสื่อดิจิทัล,ภารกิจฝึกปฏิบัติ: กิจกรรมลงมือทำเกี่ยวกับ พื้นฐานสื่อดิจิทัล ให้ผู้เรียนสร้างหลักฐานผลงาน,ใบงานประจำหน่วย: อธิบายใบงานของหน่วย พื้นฐานสื่อดิจิทัล: เป้าหมาย งานที่ต้องส่ง รูปแบบ และกำหนดตรวจ,เกณฑ์ประเมินและสรุป: Rubric ประเมินความถูกต้อง กระบวนการ คุณภาพงาน และสรุป Key Takeaway ของ พื้นฐานสื่อดิจิทัล,คำถามทบทวนและคิดวิเคราะห์: คำถามทบทวน 3–5 ข้อและคำถามคิดวิเคราะห์ที่เชื่อม พื้นฐานสื่อดิจิทัล กับสถานการณ์จริง
31900-1003,การสร้างสื่อดิจิทัล,2,ภาพดิจิทัล,1) อธิบาย ภาพดิจิทัล ได้ 2) วิเคราะห์/เลือกวิธีที่เหมาะสมได้ 3) ปฏิบัติงานหรือสร้างชิ้นงานเกี่ยวกับ ภาพดิจิทัล ได้ 4) ตรวจสอบและสะท้อนผลการทำงานได้,ใบงานหน่วยที่ 2: ภาพดิจิทัล,ภารกิจ 1 อธิบายแนวคิดหลักของ ภาพดิจิทัล; ภารกิจ 2 วิเคราะห์ตัวอย่าง; ภารกิจ 3 ลงมือปฏิบัติ/สร้างชิ้นงาน; ภารกิจ 4 ตรวจข้อผิดพลาด; ภารกิจ 5 สรุปสิ่งที่เรียนรู้และแนบหลักฐาน,ชื่อหน่วยและภาพรวม: อธิบายภาพรวมของ ภาพดิจิทัล และความเชื่อมโยงกับรายวิชา การสร้างสื่อดิจิทัล,ผลลัพธ์การเรียนรู้: ผู้เรียนอธิบายหลักการ วิเคราะห์ตัวอย่าง และปฏิบัติงานเกี่ยวกับ ภาพดิจิทัล ได้ตามเกณฑ์,ความรู้เดิมที่ต้องใช้: ทบทวนความรู้พื้นฐานที่จำเป็นก่อนเรียน ภาพดิจิทัล พร้อมคำถามตรวจความพร้อม,คำศัพท์สำคัญ: รวบรวมคำศัพท์หลักของ ภาพดิจิทัล พร้อมความหมายและการใช้งานจริง,ความหมายและขอบเขต: นิยาม ภาพดิจิทัล ขอบเขตงาน และสิ่งที่อยู่/ไม่อยู่ในขอบเขต,หลักการสำคัญ: แจกแจงหลักการสำคัญของ ภาพดิจิทัล เป็นข้อ ๆ พร้อมเหตุผล,องค์ประกอบ/โครงสร้าง: แสดงองค์ประกอบหลัก ความสัมพันธ์ และลำดับการทำงานของ ภาพดิจิทัล,ขั้นตอนการทำงาน 1: เริ่มต้นงาน ภาพดิจิทัล: การเตรียมข้อมูล เครื่องมือ และเงื่อนไขก่อนทำ,ขั้นตอนการทำงาน 2: ขั้นดำเนินงานหลักของ ภาพดิจิทัล พร้อมจุดตรวจสอบระหว่างทาง,ขั้นตอนการทำงาน 3: ขั้นตรวจผล บันทึกผล และส่งมอบงานของ ภาพดิจิทัล,ตัวอย่างที่ถูกต้อง: ตัวอย่างการประยุกต์ ภาพดิจิทัล ที่ถูกต้อง พร้อมอธิบายเหตุผลทีละส่วน,ตัวอย่างที่ผิดและเหตุผล: ตัวอย่างข้อผิดพลาดของ ภาพดิจิทัล วิเคราะห์สาเหตุและผลกระทบ,สาธิต/กรณีตัวอย่าง: กรณีศึกษาจากสถานการณ์จริงหรือจำลองเกี่ยวกับ ภาพดิจิทัล,ข้อผิดพลาดที่พบบ่อย: รวบรวม Common Mistake ของ ภาพดิจิทัล และสัญญาณที่ใช้สังเกต,แนวทางแก้ปัญหา: Troubleshooting แบบเป็นลำดับสำหรับปัญหาที่เกิดระหว่างทำ ภาพดิจิทัล,ความปลอดภัย/จริยธรรม: ข้อควรระวัง ความปลอดภัย กฎหมาย หรือจริยธรรมที่เกี่ยวข้องกับ ภาพดิจิทัล,ภารกิจฝึกปฏิบัติ: กิจกรรมลงมือทำเกี่ยวกับ ภาพดิจิทัล ให้ผู้เรียนสร้างหลักฐานผลงาน,ใบงานประจำหน่วย: อธิบายใบงานของหน่วย ภาพดิจิทัล: เป้าหมาย งานที่ต้องส่ง รูปแบบ และกำหนดตรวจ,เกณฑ์ประเมินและสรุป: Rubric ประเมินความถูกต้อง กระบวนการ คุณภาพงาน และสรุป Key Takeaway ของ ภาพดิจิทัล,คำถามทบทวนและคิดวิเคราะห์: คำถามทบทวน 3–5 ข้อและคำถามคิดวิเคราะห์ที่เชื่อม ภาพดิจิทัล กับสถานการณ์จริง
31900-1003,การสร้างสื่อดิจิทัล,3,กราฟิก Vector,1) อธิบาย กราฟิก Vector ได้ 2) วิเคราะห์/เลือกวิธีที่เหมาะสมได้ 3) ปฏิบัติงานหรือสร้างชิ้นงานเกี่ยวกับ กราฟิก Vector ได้ 4) ตรวจสอบและสะท้อนผลการทำงานได้,ใบงานหน่วยที่ 3: กราฟิก Vector,ภารกิจ 1 อธิบายแนวคิดหลักของ กราฟิก Vector; ภารกิจ 2 วิเคราะห์ตัวอย่าง; ภารกิจ 3 ลงมือปฏิบัติ/สร้างชิ้นงาน; ภารกิจ 4 ตรวจข้อผิดพลาด; ภารกิจ 5 สรุปสิ่งที่เรียนรู้และแนบหลักฐาน,ชื่อหน่วยและภาพรวม: อธิบายภาพรวมของ กราฟิก Vector และความเชื่อมโยงกับรายวิชา การสร้างสื่อดิจิทัล,ผลลัพธ์การเรียนรู้: ผู้เรียนอธิบายหลักการ วิเคราะห์ตัวอย่าง และปฏิบัติงานเกี่ยวกับ กราฟิก Vector ได้ตามเกณฑ์,ความรู้เดิมที่ต้องใช้: ทบทวนความรู้พื้นฐานที่จำเป็นก่อนเรียน กราฟิก Vector พร้อมคำถามตรวจความพร้อม,คำศัพท์สำคัญ: รวบรวมคำศัพท์หลักของ กราฟิก Vector พร้อมความหมายและการใช้งานจริง,ความหมายและขอบเขต: นิยาม กราฟิก Vector ขอบเขตงาน และสิ่งที่อยู่/ไม่อยู่ในขอบเขต,หลักการสำคัญ: แจกแจงหลักการสำคัญของ กราฟิก Vector เป็นข้อ ๆ พร้อมเหตุผล,องค์ประกอบ/โครงสร้าง: แสดงองค์ประกอบหลัก ความสัมพันธ์ และลำดับการทำงานของ กราฟิก Vector,ขั้นตอนการทำงาน 1: เริ่มต้นงาน กราฟิก Vector: การเตรียมข้อมูล เครื่องมือ และเงื่อนไขก่อนทำ,ขั้นตอนการทำงาน 2: ขั้นดำเนินงานหลักของ กราฟิก Vector พร้อมจุดตรวจสอบระหว่างทาง,ขั้นตอนการทำงาน 3: ขั้นตรวจผล บันทึกผล และส่งมอบงานของ กราฟิก Vector,ตัวอย่างที่ถูกต้อง: ตัวอย่างการประยุกต์ กราฟิก Vector ที่ถูกต้อง พร้อมอธิบายเหตุผลทีละส่วน,ตัวอย่างที่ผิดและเหตุผล: ตัวอย่างข้อผิดพลาดของ กราฟิก Vector วิเคราะห์สาเหตุและผลกระทบ,สาธิต/กรณีตัวอย่าง: กรณีศึกษาจากสถานการณ์จริงหรือจำลองเกี่ยวกับ กราฟิก Vector,ข้อผิดพลาดที่พบบ่อย: รวบรวม Common Mistake ของ กราฟิก Vector และสัญญาณที่ใช้สังเกต,แนวทางแก้ปัญหา: Troubleshooting แบบเป็นลำดับสำหรับปัญหาที่เกิดระหว่างทำ กราฟิก Vector,ความปลอดภัย/จริยธรรม: ข้อควรระวัง ความปลอดภัย กฎหมาย หรือจริยธรรมที่เกี่ยวข้องกับ กราฟิก Vector,ภารกิจฝึกปฏิบัติ: กิจกรรมลงมือทำเกี่ยวกับ กราฟิก Vector ให้ผู้เรียนสร้างหลักฐานผลงาน,ใบงานประจำหน่วย: อธิบายใบงานของหน่วย กราฟิก Vector: เป้าหมาย งานที่ต้องส่ง รูปแบบ และกำหนดตรวจ,เกณฑ์ประเมินและสรุป: Rubric ประเมินความถูกต้อง กระบวนการ คุณภาพงาน และสรุป Key Takeaway ของ กราฟิก Vector,คำถามทบทวนและคิดวิเคราะห์: คำถามทบทวน 3–5 ข้อและคำถามคิดวิเคราะห์ที่เชื่อม กราฟิก Vector กับสถานการณ์จริง
31900-1003,การสร้างสื่อดิจิทัล,4,Typography,1) อธิบาย Typography ได้ 2) วิเคราะห์/เลือกวิธีที่เหมาะสมได้ 3) ปฏิบัติงานหรือสร้างชิ้นงานเกี่ยวกับ Typography ได้ 4) ตรวจสอบและสะท้อนผลการทำงานได้,ใบงานหน่วยที่ 4: Typography,ภารกิจ 1 อธิบายแนวคิดหลักของ Typography; ภารกิจ 2 วิเคราะห์ตัวอย่าง; ภารกิจ 3 ลงมือปฏิบัติ/สร้างชิ้นงาน; ภารกิจ 4 ตรวจข้อผิดพลาด; ภารกิจ 5 สรุปสิ่งที่เรียนรู้และแนบหลักฐาน,ชื่อหน่วยและภาพรวม: อธิบายภาพรวมของ Typography และความเชื่อมโยงกับรายวิชา การสร้างสื่อดิจิทัล,ผลลัพธ์การเรียนรู้: ผู้เรียนอธิบายหลักการ วิเคราะห์ตัวอย่าง และปฏิบัติงานเกี่ยวกับ Typography ได้ตามเกณฑ์,ความรู้เดิมที่ต้องใช้: ทบทวนความรู้พื้นฐานที่จำเป็นก่อนเรียน Typography พร้อมคำถามตรวจความพร้อม,คำศัพท์สำคัญ: รวบรวมคำศัพท์หลักของ Typography พร้อมความหมายและการใช้งานจริง,ความหมายและขอบเขต: นิยาม Typography ขอบเขตงาน และสิ่งที่อยู่/ไม่อยู่ในขอบเขต,หลักการสำคัญ: แจกแจงหลักการสำคัญของ Typography เป็นข้อ ๆ พร้อมเหตุผล,องค์ประกอบ/โครงสร้าง: แสดงองค์ประกอบหลัก ความสัมพันธ์ และลำดับการทำงานของ Typography,ขั้นตอนการทำงาน 1: เริ่มต้นงาน Typography: การเตรียมข้อมูล เครื่องมือ และเงื่อนไขก่อนทำ,ขั้นตอนการทำงาน 2: ขั้นดำเนินงานหลักของ Typography พร้อมจุดตรวจสอบระหว่างทาง,ขั้นตอนการทำงาน 3: ขั้นตรวจผล บันทึกผล และส่งมอบงานของ Typography,ตัวอย่างที่ถูกต้อง: ตัวอย่างการประยุกต์ Typography ที่ถูกต้อง พร้อมอธิบายเหตุผลทีละส่วน,ตัวอย่างที่ผิดและเหตุผล: ตัวอย่างข้อผิดพลาดของ Typography วิเคราะห์สาเหตุและผลกระทบ,สาธิต/กรณีตัวอย่าง: กรณีศึกษาจากสถานการณ์จริงหรือจำลองเกี่ยวกับ Typography,ข้อผิดพลาดที่พบบ่อย: รวบรวม Common Mistake ของ Typography และสัญญาณที่ใช้สังเกต,แนวทางแก้ปัญหา: Troubleshooting แบบเป็นลำดับสำหรับปัญหาที่เกิดระหว่างทำ Typography,ความปลอดภัย/จริยธรรม: ข้อควรระวัง ความปลอดภัย กฎหมาย หรือจริยธรรมที่เกี่ยวข้องกับ Typography,ภารกิจฝึกปฏิบัติ: กิจกรรมลงมือทำเกี่ยวกับ Typography ให้ผู้เรียนสร้างหลักฐานผลงาน,ใบงานประจำหน่วย: อธิบายใบงานของหน่วย Typography: เป้าหมาย งานที่ต้องส่ง รูปแบบ และกำหนดตรวจ,เกณฑ์ประเมินและสรุป: Rubric ประเมินความถูกต้อง กระบวนการ คุณภาพงาน และสรุป Key Takeaway ของ Typography,คำถามทบทวนและคิดวิเคราะห์: คำถามทบทวน 3–5 ข้อและคำถามคิดวิเคราะห์ที่เชื่อม Typography กับสถานการณ์จริง
31900-1003,การสร้างสื่อดิจิทัล,5,Layout,1) อธิบาย Layout ได้ 2) วิเคราะห์/เลือกวิธีที่เหมาะสมได้ 3) ปฏิบัติงานหรือสร้างชิ้นงานเกี่ยวกับ Layout ได้ 4) ตรวจสอบและสะท้อนผลการทำงานได้,ใบงานหน่วยที่ 5: Layout,ภารกิจ 1 อธิบายแนวคิดหลักของ Layout; ภารกิจ 2 วิเคราะห์ตัวอย่าง; ภารกิจ 3 ลงมือปฏิบัติ/สร้างชิ้นงาน; ภารกิจ 4 ตรวจข้อผิดพลาด; ภารกิจ 5 สรุปสิ่งที่เรียนรู้และแนบหลักฐาน,ชื่อหน่วยและภาพรวม: อธิบายภาพรวมของ Layout และความเชื่อมโยงกับรายวิชา การสร้างสื่อดิจิทัล,ผลลัพธ์การเรียนรู้: ผู้เรียนอธิบายหลักการ วิเคราะห์ตัวอย่าง และปฏิบัติงานเกี่ยวกับ Layout ได้ตามเกณฑ์,ความรู้เดิมที่ต้องใช้: ทบทวนความรู้พื้นฐานที่จำเป็นก่อนเรียน Layout พร้อมคำถามตรวจความพร้อม,คำศัพท์สำคัญ: รวบรวมคำศัพท์หลักของ Layout พร้อมความหมายและการใช้งานจริง,ความหมายและขอบเขต: นิยาม Layout ขอบเขตงาน และสิ่งที่อยู่/ไม่อยู่ในขอบเขต,หลักการสำคัญ: แจกแจงหลักการสำคัญของ Layout เป็นข้อ ๆ พร้อมเหตุผล,องค์ประกอบ/โครงสร้าง: แสดงองค์ประกอบหลัก ความสัมพันธ์ และลำดับการทำงานของ Layout,ขั้นตอนการทำงาน 1: เริ่มต้นงาน Layout: การเตรียมข้อมูล เครื่องมือ และเงื่อนไขก่อนทำ,ขั้นตอนการทำงาน 2: ขั้นดำเนินงานหลักของ Layout พร้อมจุดตรวจสอบระหว่างทาง,ขั้นตอนการทำงาน 3: ขั้นตรวจผล บันทึกผล และส่งมอบงานของ Layout,ตัวอย่างที่ถูกต้อง: ตัวอย่างการประยุกต์ Layout ที่ถูกต้อง พร้อมอธิบายเหตุผลทีละส่วน,ตัวอย่างที่ผิดและเหตุผล: ตัวอย่างข้อผิดพลาดของ Layout วิเคราะห์สาเหตุและผลกระทบ,สาธิต/กรณีตัวอย่าง: กรณีศึกษาจากสถานการณ์จริงหรือจำลองเกี่ยวกับ Layout,ข้อผิดพลาดที่พบบ่อย: รวบรวม Common Mistake ของ Layout และสัญญาณที่ใช้สังเกต,แนวทางแก้ปัญหา: Troubleshooting แบบเป็นลำดับสำหรับปัญหาที่เกิดระหว่างทำ Layout,ความปลอดภัย/จริยธรรม: ข้อควรระวัง ความปลอดภัย กฎหมาย หรือจริยธรรมที่เกี่ยวข้องกับ Layout,ภารกิจฝึกปฏิบัติ: กิจกรรมลงมือทำเกี่ยวกับ Layout ให้ผู้เรียนสร้างหลักฐานผลงาน,ใบงานประจำหน่วย: อธิบายใบงานของหน่วย Layout: เป้าหมาย งานที่ต้องส่ง รูปแบบ และกำหนดตรวจ,เกณฑ์ประเมินและสรุป: Rubric ประเมินความถูกต้อง กระบวนการ คุณภาพงาน และสรุป Key Takeaway ของ Layout,คำถามทบทวนและคิดวิเคราะห์: คำถามทบทวน 3–5 ข้อและคำถามคิดวิเคราะห์ที่เชื่อม Layout กับสถานการณ์จริง
31900-1003,การสร้างสื่อดิจิทัล,6,สีและองค์ประกอบศิลป์,1) อธิบาย สีและองค์ประกอบศิลป์ ได้ 2) วิเคราะห์/เลือกวิธีที่เหมาะสมได้ 3) ปฏิบัติงานหรือสร้างชิ้นงานเกี่ยวกับ สีและองค์ประกอบศิลป์ ได้ 4) ตรวจสอบและสะท้อนผลการทำงานได้,ใบงานหน่วยที่ 6: สีและองค์ประกอบศิลป์,ภารกิจ 1 อธิบายแนวคิดหลักของ สีและองค์ประกอบศิลป์; ภารกิจ 2 วิเคราะห์ตัวอย่าง; ภารกิจ 3 ลงมือปฏิบัติ/สร้างชิ้นงาน; ภารกิจ 4 ตรวจข้อผิดพลาด; ภารกิจ 5 สรุปสิ่งที่เรียนรู้และแนบหลักฐาน,ชื่อหน่วยและภาพรวม: อธิบายภาพรวมของ สีและองค์ประกอบศิลป์ และความเชื่อมโยงกับรายวิชา การสร้างสื่อดิจิทัล,ผลลัพธ์การเรียนรู้: ผู้เรียนอธิบายหลักการ วิเคราะห์ตัวอย่าง และปฏิบัติงานเกี่ยวกับ สีและองค์ประกอบศิลป์ ได้ตามเกณฑ์,ความรู้เดิมที่ต้องใช้: ทบทวนความรู้พื้นฐานที่จำเป็นก่อนเรียน สีและองค์ประกอบศิลป์ พร้อมคำถามตรวจความพร้อม,คำศัพท์สำคัญ: รวบรวมคำศัพท์หลักของ สีและองค์ประกอบศิลป์ พร้อมความหมายและการใช้งานจริง,ความหมายและขอบเขต: นิยาม สีและองค์ประกอบศิลป์ ขอบเขตงาน และสิ่งที่อยู่/ไม่อยู่ในขอบเขต,หลักการสำคัญ: แจกแจงหลักการสำคัญของ สีและองค์ประกอบศิลป์ เป็นข้อ ๆ พร้อมเหตุผล,องค์ประกอบ/โครงสร้าง: แสดงองค์ประกอบหลัก ความสัมพันธ์ และลำดับการทำงานของ สีและองค์ประกอบศิลป์,ขั้นตอนการทำงาน 1: เริ่มต้นงาน สีและองค์ประกอบศิลป์: การเตรียมข้อมูล เครื่องมือ และเงื่อนไขก่อนทำ,ขั้นตอนการทำงาน 2: ขั้นดำเนินงานหลักของ สีและองค์ประกอบศิลป์ พร้อมจุดตรวจสอบระหว่างทาง,ขั้นตอนการทำงาน 3: ขั้นตรวจผล บันทึกผล และส่งมอบงานของ สีและองค์ประกอบศิลป์,ตัวอย่างที่ถูกต้อง: ตัวอย่างการประยุกต์ สีและองค์ประกอบศิลป์ ที่ถูกต้อง พร้อมอธิบายเหตุผลทีละส่วน,ตัวอย่างที่ผิดและเหตุผล: ตัวอย่างข้อผิดพลาดของ สีและองค์ประกอบศิลป์ วิเคราะห์สาเหตุและผลกระทบ,สาธิต/กรณีตัวอย่าง: กรณีศึกษาจากสถานการณ์จริงหรือจำลองเกี่ยวกับ สีและองค์ประกอบศิลป์,ข้อผิดพลาดที่พบบ่อย: รวบรวม Common Mistake ของ สีและองค์ประกอบศิลป์ และสัญญาณที่ใช้สังเกต,แนวทางแก้ปัญหา: Troubleshooting แบบเป็นลำดับสำหรับปัญหาที่เกิดระหว่างทำ สีและองค์ประกอบศิลป์,ความปลอดภัย/จริยธรรม: ข้อควรระวัง ความปลอดภัย กฎหมาย หรือจริยธรรมที่เกี่ยวข้องกับ สีและองค์ประกอบศิลป์,ภารกิจฝึกปฏิบัติ: กิจกรรมลงมือทำเกี่ยวกับ สีและองค์ประกอบศิลป์ ให้ผู้เรียนสร้างหลักฐานผลงาน,ใบงานประจำหน่วย: อธิบายใบงานของหน่วย สีและองค์ประกอบศิลป์: เป้าหมาย งานที่ต้องส่ง รูปแบบ และกำหนดตรวจ,เกณฑ์ประเมินและสรุป: Rubric ประเมินความถูกต้อง กระบวนการ คุณภาพงาน และสรุป Key Takeaway ของ สีและองค์ประกอบศิลป์,คำถามทบทวนและคิดวิเคราะห์: คำถามทบทวน 3–5 ข้อและคำถามคิดวิเคราะห์ที่เชื่อม สีและองค์ประกอบศิลป์ กับสถานการณ์จริง
31900-1003,การสร้างสื่อดิจิทัล,7,เสียงดิจิทัล,1) อธิบาย เสียงดิจิทัล ได้ 2) วิเคราะห์/เลือกวิธีที่เหมาะสมได้ 3) ปฏิบัติงานหรือสร้างชิ้นงานเกี่ยวกับ เสียงดิจิทัล ได้ 4) ตรวจสอบและสะท้อนผลการทำงานได้,ใบงานหน่วยที่ 7: เสียงดิจิทัล,ภารกิจ 1 อธิบายแนวคิดหลักของ เสียงดิจิทัล; ภารกิจ 2 วิเคราะห์ตัวอย่าง; ภารกิจ 3 ลงมือปฏิบัติ/สร้างชิ้นงาน; ภารกิจ 4 ตรวจข้อผิดพลาด; ภารกิจ 5 สรุปสิ่งที่เรียนรู้และแนบหลักฐาน,ชื่อหน่วยและภาพรวม: อธิบายภาพรวมของ เสียงดิจิทัล และความเชื่อมโยงกับรายวิชา การสร้างสื่อดิจิทัล,ผลลัพธ์การเรียนรู้: ผู้เรียนอธิบายหลักการ วิเคราะห์ตัวอย่าง และปฏิบัติงานเกี่ยวกับ เสียงดิจิทัล ได้ตามเกณฑ์,ความรู้เดิมที่ต้องใช้: ทบทวนความรู้พื้นฐานที่จำเป็นก่อนเรียน เสียงดิจิทัล พร้อมคำถามตรวจความพร้อม,คำศัพท์สำคัญ: รวบรวมคำศัพท์หลักของ เสียงดิจิทัล พร้อมความหมายและการใช้งานจริง,ความหมายและขอบเขต: นิยาม เสียงดิจิทัล ขอบเขตงาน และสิ่งที่อยู่/ไม่อยู่ในขอบเขต,หลักการสำคัญ: แจกแจงหลักการสำคัญของ เสียงดิจิทัล เป็นข้อ ๆ พร้อมเหตุผล,องค์ประกอบ/โครงสร้าง: แสดงองค์ประกอบหลัก ความสัมพันธ์ และลำดับการทำงานของ เสียงดิจิทัล,ขั้นตอนการทำงาน 1: เริ่มต้นงาน เสียงดิจิทัล: การเตรียมข้อมูล เครื่องมือ และเงื่อนไขก่อนทำ,ขั้นตอนการทำงาน 2: ขั้นดำเนินงานหลักของ เสียงดิจิทัล พร้อมจุดตรวจสอบระหว่างทาง,ขั้นตอนการทำงาน 3: ขั้นตรวจผล บันทึกผล และส่งมอบงานของ เสียงดิจิทัล,ตัวอย่างที่ถูกต้อง: ตัวอย่างการประยุกต์ เสียงดิจิทัล ที่ถูกต้อง พร้อมอธิบายเหตุผลทีละส่วน,ตัวอย่างที่ผิดและเหตุผล: ตัวอย่างข้อผิดพลาดของ เสียงดิจิทัล วิเคราะห์สาเหตุและผลกระทบ,สาธิต/กรณีตัวอย่าง: กรณีศึกษาจากสถานการณ์จริงหรือจำลองเกี่ยวกับ เสียงดิจิทัล,ข้อผิดพลาดที่พบบ่อย: รวบรวม Common Mistake ของ เสียงดิจิทัล และสัญญาณที่ใช้สังเกต,แนวทางแก้ปัญหา: Troubleshooting แบบเป็นลำดับสำหรับปัญหาที่เกิดระหว่างทำ เสียงดิจิทัล,ความปลอดภัย/จริยธรรม: ข้อควรระวัง ความปลอดภัย กฎหมาย หรือจริยธรรมที่เกี่ยวข้องกับ เสียงดิจิทัล,ภารกิจฝึกปฏิบัติ: กิจกรรมลงมือทำเกี่ยวกับ เสียงดิจิทัล ให้ผู้เรียนสร้างหลักฐานผลงาน,ใบงานประจำหน่วย: อธิบายใบงานของหน่วย เสียงดิจิทัล: เป้าหมาย งานที่ต้องส่ง รูปแบบ และกำหนดตรวจ,เกณฑ์ประเมินและสรุป: Rubric ประเมินความถูกต้อง กระบวนการ คุณภาพงาน และสรุป Key Takeaway ของ เสียงดิจิทัล,คำถามทบทวนและคิดวิเคราะห์: คำถามทบทวน 3–5 ข้อและคำถามคิดวิเคราะห์ที่เชื่อม เสียงดิจิทัล กับสถานการณ์จริง
31900-1003,การสร้างสื่อดิจิทัล,8,วิดีโอดิจิทัล,1) อธิบาย วิดีโอดิจิทัล ได้ 2) วิเคราะห์/เลือกวิธีที่เหมาะสมได้ 3) ปฏิบัติงานหรือสร้างชิ้นงานเกี่ยวกับ วิดีโอดิจิทัล ได้ 4) ตรวจสอบและสะท้อนผลการทำงานได้,ใบงานหน่วยที่ 8: วิดีโอดิจิทัล,ภารกิจ 1 อธิบายแนวคิดหลักของ วิดีโอดิจิทัล; ภารกิจ 2 วิเคราะห์ตัวอย่าง; ภารกิจ 3 ลงมือปฏิบัติ/สร้างชิ้นงาน; ภารกิจ 4 ตรวจข้อผิดพลาด; ภารกิจ 5 สรุปสิ่งที่เรียนรู้และแนบหลักฐาน,ชื่อหน่วยและภาพรวม: อธิบายภาพรวมของ วิดีโอดิจิทัล และความเชื่อมโยงกับรายวิชา การสร้างสื่อดิจิทัล,ผลลัพธ์การเรียนรู้: ผู้เรียนอธิบายหลักการ วิเคราะห์ตัวอย่าง และปฏิบัติงานเกี่ยวกับ วิดีโอดิจิทัล ได้ตามเกณฑ์,ความรู้เดิมที่ต้องใช้: ทบทวนความรู้พื้นฐานที่จำเป็นก่อนเรียน วิดีโอดิจิทัล พร้อมคำถามตรวจความพร้อม,คำศัพท์สำคัญ: รวบรวมคำศัพท์หลักของ วิดีโอดิจิทัล พร้อมความหมายและการใช้งานจริง,ความหมายและขอบเขต: นิยาม วิดีโอดิจิทัล ขอบเขตงาน และสิ่งที่อยู่/ไม่อยู่ในขอบเขต,หลักการสำคัญ: แจกแจงหลักการสำคัญของ วิดีโอดิจิทัล เป็นข้อ ๆ พร้อมเหตุผล,องค์ประกอบ/โครงสร้าง: แสดงองค์ประกอบหลัก ความสัมพันธ์ และลำดับการทำงานของ วิดีโอดิจิทัล,ขั้นตอนการทำงาน 1: เริ่มต้นงาน วิดีโอดิจิทัล: การเตรียมข้อมูล เครื่องมือ และเงื่อนไขก่อนทำ,ขั้นตอนการทำงาน 2: ขั้นดำเนินงานหลักของ วิดีโอดิจิทัล พร้อมจุดตรวจสอบระหว่างทาง,ขั้นตอนการทำงาน 3: ขั้นตรวจผล บันทึกผล และส่งมอบงานของ วิดีโอดิจิทัล,ตัวอย่างที่ถูกต้อง: ตัวอย่างการประยุกต์ วิดีโอดิจิทัล ที่ถูกต้อง พร้อมอธิบายเหตุผลทีละส่วน,ตัวอย่างที่ผิดและเหตุผล: ตัวอย่างข้อผิดพลาดของ วิดีโอดิจิทัล วิเคราะห์สาเหตุและผลกระทบ,สาธิต/กรณีตัวอย่าง: กรณีศึกษาจากสถานการณ์จริงหรือจำลองเกี่ยวกับ วิดีโอดิจิทัล,ข้อผิดพลาดที่พบบ่อย: รวบรวม Common Mistake ของ วิดีโอดิจิทัล และสัญญาณที่ใช้สังเกต,แนวทางแก้ปัญหา: Troubleshooting แบบเป็นลำดับสำหรับปัญหาที่เกิดระหว่างทำ วิดีโอดิจิทัล,ความปลอดภัย/จริยธรรม: ข้อควรระวัง ความปลอดภัย กฎหมาย หรือจริยธรรมที่เกี่ยวข้องกับ วิดีโอดิจิทัล,ภารกิจฝึกปฏิบัติ: กิจกรรมลงมือทำเกี่ยวกับ วิดีโอดิจิทัล ให้ผู้เรียนสร้างหลักฐานผลงาน,ใบงานประจำหน่วย: อธิบายใบงานของหน่วย วิดีโอดิจิทัล: เป้าหมาย งานที่ต้องส่ง รูปแบบ และกำหนดตรวจ,เกณฑ์ประเมินและสรุป: Rubric ประเมินความถูกต้อง กระบวนการ คุณภาพงาน และสรุป Key Takeaway ของ วิดีโอดิจิทัล,คำถามทบทวนและคิดวิเคราะห์: คำถามทบทวน 3–5 ข้อและคำถามคิดวิเคราะห์ที่เชื่อม วิดีโอดิจิทัล กับสถานการณ์จริง
31900-1003,การสร้างสื่อดิจิทัล,9,การตัดต่อวิดีโอ,1) อธิบาย การตัดต่อวิดีโอ ได้ 2) วิเคราะห์/เลือกวิธีที่เหมาะสมได้ 3) ปฏิบัติงานหรือสร้างชิ้นงานเกี่ยวกับ การตัดต่อวิดีโอ ได้ 4) ตรวจสอบและสะท้อนผลการทำงานได้,ใบงานหน่วยที่ 9: การตัดต่อวิดีโอ,ภารกิจ 1 อธิบายแนวคิดหลักของ การตัดต่อวิดีโอ; ภารกิจ 2 วิเคราะห์ตัวอย่าง; ภารกิจ 3 ลงมือปฏิบัติ/สร้างชิ้นงาน; ภารกิจ 4 ตรวจข้อผิดพลาด; ภารกิจ 5 สรุปสิ่งที่เรียนรู้และแนบหลักฐาน,ชื่อหน่วยและภาพรวม: อธิบายภาพรวมของ การตัดต่อวิดีโอ และความเชื่อมโยงกับรายวิชา การสร้างสื่อดิจิทัล,ผลลัพธ์การเรียนรู้: ผู้เรียนอธิบายหลักการ วิเคราะห์ตัวอย่าง และปฏิบัติงานเกี่ยวกับ การตัดต่อวิดีโอ ได้ตามเกณฑ์,ความรู้เดิมที่ต้องใช้: ทบทวนความรู้พื้นฐานที่จำเป็นก่อนเรียน การตัดต่อวิดีโอ พร้อมคำถามตรวจความพร้อม,คำศัพท์สำคัญ: รวบรวมคำศัพท์หลักของ การตัดต่อวิดีโอ พร้อมความหมายและการใช้งานจริง,ความหมายและขอบเขต: นิยาม การตัดต่อวิดีโอ ขอบเขตงาน และสิ่งที่อยู่/ไม่อยู่ในขอบเขต,หลักการสำคัญ: แจกแจงหลักการสำคัญของ การตัดต่อวิดีโอ เป็นข้อ ๆ พร้อมเหตุผล,องค์ประกอบ/โครงสร้าง: แสดงองค์ประกอบหลัก ความสัมพันธ์ และลำดับการทำงานของ การตัดต่อวิดีโอ,ขั้นตอนการทำงาน 1: เริ่มต้นงาน การตัดต่อวิดีโอ: การเตรียมข้อมูล เครื่องมือ และเงื่อนไขก่อนทำ,ขั้นตอนการทำงาน 2: ขั้นดำเนินงานหลักของ การตัดต่อวิดีโอ พร้อมจุดตรวจสอบระหว่างทาง,ขั้นตอนการทำงาน 3: ขั้นตรวจผล บันทึกผล และส่งมอบงานของ การตัดต่อวิดีโอ,ตัวอย่างที่ถูกต้อง: ตัวอย่างการประยุกต์ การตัดต่อวิดีโอ ที่ถูกต้อง พร้อมอธิบายเหตุผลทีละส่วน,ตัวอย่างที่ผิดและเหตุผล: ตัวอย่างข้อผิดพลาดของ การตัดต่อวิดีโอ วิเคราะห์สาเหตุและผลกระทบ,สาธิต/กรณีตัวอย่าง: กรณีศึกษาจากสถานการณ์จริงหรือจำลองเกี่ยวกับ การตัดต่อวิดีโอ,ข้อผิดพลาดที่พบบ่อย: รวบรวม Common Mistake ของ การตัดต่อวิดีโอ และสัญญาณที่ใช้สังเกต,แนวทางแก้ปัญหา: Troubleshooting แบบเป็นลำดับสำหรับปัญหาที่เกิดระหว่างทำ การตัดต่อวิดีโอ,ความปลอดภัย/จริยธรรม: ข้อควรระวัง ความปลอดภัย กฎหมาย หรือจริยธรรมที่เกี่ยวข้องกับ การตัดต่อวิดีโอ,ภารกิจฝึกปฏิบัติ: กิจกรรมลงมือทำเกี่ยวกับ การตัดต่อวิดีโอ ให้ผู้เรียนสร้างหลักฐานผลงาน,ใบงานประจำหน่วย: อธิบายใบงานของหน่วย การตัดต่อวิดีโอ: เป้าหมาย งานที่ต้องส่ง รูปแบบ และกำหนดตรวจ,เกณฑ์ประเมินและสรุป: Rubric ประเมินความถูกต้อง กระบวนการ คุณภาพงาน และสรุป Key Takeaway ของ การตัดต่อวิดีโอ,คำถามทบทวนและคิดวิเคราะห์: คำถามทบทวน 3–5 ข้อและคำถามคิดวิเคราะห์ที่เชื่อม การตัดต่อวิดีโอ กับสถานการณ์จริง
31900-1003,การสร้างสื่อดิจิทัล,10,Animation เบื้องต้น,1) อธิบาย Animation เบื้องต้น ได้ 2) วิเคราะห์/เลือกวิธีที่เหมาะสมได้ 3) ปฏิบัติงานหรือสร้างชิ้นงานเกี่ยวกับ Animation เบื้องต้น ได้ 4) ตรวจสอบและสะท้อนผลการทำงานได้,ใบงานหน่วยที่ 10: Animation เบื้องต้น,ภารกิจ 1 อธิบายแนวคิดหลักของ Animation เบื้องต้น; ภารกิจ 2 วิเคราะห์ตัวอย่าง; ภารกิจ 3 ลงมือปฏิบัติ/สร้างชิ้นงาน; ภารกิจ 4 ตรวจข้อผิดพลาด; ภารกิจ 5 สรุปสิ่งที่เรียนรู้และแนบหลักฐาน,ชื่อหน่วยและภาพรวม: อธิบายภาพรวมของ Animation เบื้องต้น และความเชื่อมโยงกับรายวิชา การสร้างสื่อดิจิทัล,ผลลัพธ์การเรียนรู้: ผู้เรียนอธิบายหลักการ วิเคราะห์ตัวอย่าง และปฏิบัติงานเกี่ยวกับ Animation เบื้องต้น ได้ตามเกณฑ์,ความรู้เดิมที่ต้องใช้: ทบทวนความรู้พื้นฐานที่จำเป็นก่อนเรียน Animation เบื้องต้น พร้อมคำถามตรวจความพร้อม,คำศัพท์สำคัญ: รวบรวมคำศัพท์หลักของ Animation เบื้องต้น พร้อมความหมายและการใช้งานจริง,ความหมายและขอบเขต: นิยาม Animation เบื้องต้น ขอบเขตงาน และสิ่งที่อยู่/ไม่อยู่ในขอบเขต,หลักการสำคัญ: แจกแจงหลักการสำคัญของ Animation เบื้องต้น เป็นข้อ ๆ พร้อมเหตุผล,องค์ประกอบ/โครงสร้าง: แสดงองค์ประกอบหลัก ความสัมพันธ์ และลำดับการทำงานของ Animation เบื้องต้น,ขั้นตอนการทำงาน 1: เริ่มต้นงาน Animation เบื้องต้น: การเตรียมข้อมูล เครื่องมือ และเงื่อนไขก่อนทำ,ขั้นตอนการทำงาน 2: ขั้นดำเนินงานหลักของ Animation เบื้องต้น พร้อมจุดตรวจสอบระหว่างทาง,ขั้นตอนการทำงาน 3: ขั้นตรวจผล บันทึกผล และส่งมอบงานของ Animation เบื้องต้น,ตัวอย่างที่ถูกต้อง: ตัวอย่างการประยุกต์ Animation เบื้องต้น ที่ถูกต้อง พร้อมอธิบายเหตุผลทีละส่วน,ตัวอย่างที่ผิดและเหตุผล: ตัวอย่างข้อผิดพลาดของ Animation เบื้องต้น วิเคราะห์สาเหตุและผลกระทบ,สาธิต/กรณีตัวอย่าง: กรณีศึกษาจากสถานการณ์จริงหรือจำลองเกี่ยวกับ Animation เบื้องต้น,ข้อผิดพลาดที่พบบ่อย: รวบรวม Common Mistake ของ Animation เบื้องต้น และสัญญาณที่ใช้สังเกต,แนวทางแก้ปัญหา: Troubleshooting แบบเป็นลำดับสำหรับปัญหาที่เกิดระหว่างทำ Animation เบื้องต้น,ความปลอดภัย/จริยธรรม: ข้อควรระวัง ความปลอดภัย กฎหมาย หรือจริยธรรมที่เกี่ยวข้องกับ Animation เบื้องต้น,ภารกิจฝึกปฏิบัติ: กิจกรรมลงมือทำเกี่ยวกับ Animation เบื้องต้น ให้ผู้เรียนสร้างหลักฐานผลงาน,ใบงานประจำหน่วย: อธิบายใบงานของหน่วย Animation เบื้องต้น: เป้าหมาย งานที่ต้องส่ง รูปแบบ และกำหนดตรวจ,เกณฑ์ประเมินและสรุป: Rubric ประเมินความถูกต้อง กระบวนการ คุณภาพงาน และสรุป Key Takeaway ของ Animation เบื้องต้น,คำถามทบทวนและคิดวิเคราะห์: คำถามทบทวน 3–5 ข้อและคำถามคิดวิเคราะห์ที่เชื่อม Animation เบื้องต้น กับสถานการณ์จริง
31900-1003,การสร้างสื่อดิจิทัล,11,Interactive Media,1) อธิบาย Interactive Media ได้ 2) วิเคราะห์/เลือกวิธีที่เหมาะสมได้ 3) ปฏิบัติงานหรือสร้างชิ้นงานเกี่ยวกับ Interactive Media ได้ 4) ตรวจสอบและสะท้อนผลการทำงานได้,ใบงานหน่วยที่ 11: Interactive Media,ภารกิจ 1 อธิบายแนวคิดหลักของ Interactive Media; ภารกิจ 2 วิเคราะห์ตัวอย่าง; ภารกิจ 3 ลงมือปฏิบัติ/สร้างชิ้นงาน; ภารกิจ 4 ตรวจข้อผิดพลาด; ภารกิจ 5 สรุปสิ่งที่เรียนรู้และแนบหลักฐาน,ชื่อหน่วยและภาพรวม: อธิบายภาพรวมของ Interactive Media และความเชื่อมโยงกับรายวิชา การสร้างสื่อดิจิทัล,ผลลัพธ์การเรียนรู้: ผู้เรียนอธิบายหลักการ วิเคราะห์ตัวอย่าง และปฏิบัติงานเกี่ยวกับ Interactive Media ได้ตามเกณฑ์,ความรู้เดิมที่ต้องใช้: ทบทวนความรู้พื้นฐานที่จำเป็นก่อนเรียน Interactive Media พร้อมคำถามตรวจความพร้อม,คำศัพท์สำคัญ: รวบรวมคำศัพท์หลักของ Interactive Media พร้อมความหมายและการใช้งานจริง,ความหมายและขอบเขต: นิยาม Interactive Media ขอบเขตงาน และสิ่งที่อยู่/ไม่อยู่ในขอบเขต,หลักการสำคัญ: แจกแจงหลักการสำคัญของ Interactive Media เป็นข้อ ๆ พร้อมเหตุผล,องค์ประกอบ/โครงสร้าง: แสดงองค์ประกอบหลัก ความสัมพันธ์ และลำดับการทำงานของ Interactive Media,ขั้นตอนการทำงาน 1: เริ่มต้นงาน Interactive Media: การเตรียมข้อมูล เครื่องมือ และเงื่อนไขก่อนทำ,ขั้นตอนการทำงาน 2: ขั้นดำเนินงานหลักของ Interactive Media พร้อมจุดตรวจสอบระหว่างทาง,ขั้นตอนการทำงาน 3: ขั้นตรวจผล บันทึกผล และส่งมอบงานของ Interactive Media,ตัวอย่างที่ถูกต้อง: ตัวอย่างการประยุกต์ Interactive Media ที่ถูกต้อง พร้อมอธิบายเหตุผลทีละส่วน,ตัวอย่างที่ผิดและเหตุผล: ตัวอย่างข้อผิดพลาดของ Interactive Media วิเคราะห์สาเหตุและผลกระทบ,สาธิต/กรณีตัวอย่าง: กรณีศึกษาจากสถานการณ์จริงหรือจำลองเกี่ยวกับ Interactive Media,ข้อผิดพลาดที่พบบ่อย: รวบรวม Common Mistake ของ Interactive Media และสัญญาณที่ใช้สังเกต,แนวทางแก้ปัญหา: Troubleshooting แบบเป็นลำดับสำหรับปัญหาที่เกิดระหว่างทำ Interactive Media,ความปลอดภัย/จริยธรรม: ข้อควรระวัง ความปลอดภัย กฎหมาย หรือจริยธรรมที่เกี่ยวข้องกับ Interactive Media,ภารกิจฝึกปฏิบัติ: กิจกรรมลงมือทำเกี่ยวกับ Interactive Media ให้ผู้เรียนสร้างหลักฐานผลงาน,ใบงานประจำหน่วย: อธิบายใบงานของหน่วย Interactive Media: เป้าหมาย งานที่ต้องส่ง รูปแบบ และกำหนดตรวจ,เกณฑ์ประเมินและสรุป: Rubric ประเมินความถูกต้อง กระบวนการ คุณภาพงาน และสรุป Key Takeaway ของ Interactive Media,คำถามทบทวนและคิดวิเคราะห์: คำถามทบทวน 3–5 ข้อและคำถามคิดวิเคราะห์ที่เชื่อม Interactive Media กับสถานการณ์จริง
31900-1003,การสร้างสื่อดิจิทัล,12,Infographic,1) อธิบาย Infographic ได้ 2) วิเคราะห์/เลือกวิธีที่เหมาะสมได้ 3) ปฏิบัติงานหรือสร้างชิ้นงานเกี่ยวกับ Infographic ได้ 4) ตรวจสอบและสะท้อนผลการทำงานได้,ใบงานหน่วยที่ 12: Infographic,ภารกิจ 1 อธิบายแนวคิดหลักของ Infographic; ภารกิจ 2 วิเคราะห์ตัวอย่าง; ภารกิจ 3 ลงมือปฏิบัติ/สร้างชิ้นงาน; ภารกิจ 4 ตรวจข้อผิดพลาด; ภารกิจ 5 สรุปสิ่งที่เรียนรู้และแนบหลักฐาน,ชื่อหน่วยและภาพรวม: อธิบายภาพรวมของ Infographic และความเชื่อมโยงกับรายวิชา การสร้างสื่อดิจิทัล,ผลลัพธ์การเรียนรู้: ผู้เรียนอธิบายหลักการ วิเคราะห์ตัวอย่าง และปฏิบัติงานเกี่ยวกับ Infographic ได้ตามเกณฑ์,ความรู้เดิมที่ต้องใช้: ทบทวนความรู้พื้นฐานที่จำเป็นก่อนเรียน Infographic พร้อมคำถามตรวจความพร้อม,คำศัพท์สำคัญ: รวบรวมคำศัพท์หลักของ Infographic พร้อมความหมายและการใช้งานจริง,ความหมายและขอบเขต: นิยาม Infographic ขอบเขตงาน และสิ่งที่อยู่/ไม่อยู่ในขอบเขต,หลักการสำคัญ: แจกแจงหลักการสำคัญของ Infographic เป็นข้อ ๆ พร้อมเหตุผล,องค์ประกอบ/โครงสร้าง: แสดงองค์ประกอบหลัก ความสัมพันธ์ และลำดับการทำงานของ Infographic,ขั้นตอนการทำงาน 1: เริ่มต้นงาน Infographic: การเตรียมข้อมูล เครื่องมือ และเงื่อนไขก่อนทำ,ขั้นตอนการทำงาน 2: ขั้นดำเนินงานหลักของ Infographic พร้อมจุดตรวจสอบระหว่างทาง,ขั้นตอนการทำงาน 3: ขั้นตรวจผล บันทึกผล และส่งมอบงานของ Infographic,ตัวอย่างที่ถูกต้อง: ตัวอย่างการประยุกต์ Infographic ที่ถูกต้อง พร้อมอธิบายเหตุผลทีละส่วน,ตัวอย่างที่ผิดและเหตุผล: ตัวอย่างข้อผิดพลาดของ Infographic วิเคราะห์สาเหตุและผลกระทบ,สาธิต/กรณีตัวอย่าง: กรณีศึกษาจากสถานการณ์จริงหรือจำลองเกี่ยวกับ Infographic,ข้อผิดพลาดที่พบบ่อย: รวบรวม Common Mistake ของ Infographic และสัญญาณที่ใช้สังเกต,แนวทางแก้ปัญหา: Troubleshooting แบบเป็นลำดับสำหรับปัญหาที่เกิดระหว่างทำ Infographic,ความปลอดภัย/จริยธรรม: ข้อควรระวัง ความปลอดภัย กฎหมาย หรือจริยธรรมที่เกี่ยวข้องกับ Infographic,ภารกิจฝึกปฏิบัติ: กิจกรรมลงมือทำเกี่ยวกับ Infographic ให้ผู้เรียนสร้างหลักฐานผลงาน,ใบงานประจำหน่วย: อธิบายใบงานของหน่วย Infographic: เป้าหมาย งานที่ต้องส่ง รูปแบบ และกำหนดตรวจ,เกณฑ์ประเมินและสรุป: Rubric ประเมินความถูกต้อง กระบวนการ คุณภาพงาน และสรุป Key Takeaway ของ Infographic,คำถามทบทวนและคิดวิเคราะห์: คำถามทบทวน 3–5 ข้อและคำถามคิดวิเคราะห์ที่เชื่อม Infographic กับสถานการณ์จริง
31900-1003,การสร้างสื่อดิจิทัล,13,Social Media Content,1) อธิบาย Social Media Content ได้ 2) วิเคราะห์/เลือกวิธีที่เหมาะสมได้ 3) ปฏิบัติงานหรือสร้างชิ้นงานเกี่ยวกับ Social Media Content ได้ 4) ตรวจสอบและสะท้อนผลการทำงานได้,ใบงานหน่วยที่ 13: Social Media Content,ภารกิจ 1 อธิบายแนวคิดหลักของ Social Media Content; ภารกิจ 2 วิเคราะห์ตัวอย่าง; ภารกิจ 3 ลงมือปฏิบัติ/สร้างชิ้นงาน; ภารกิจ 4 ตรวจข้อผิดพลาด; ภารกิจ 5 สรุปสิ่งที่เรียนรู้และแนบหลักฐาน,ชื่อหน่วยและภาพรวม: อธิบายภาพรวมของ Social Media Content และความเชื่อมโยงกับรายวิชา การสร้างสื่อดิจิทัล,ผลลัพธ์การเรียนรู้: ผู้เรียนอธิบายหลักการ วิเคราะห์ตัวอย่าง และปฏิบัติงานเกี่ยวกับ Social Media Content ได้ตามเกณฑ์,ความรู้เดิมที่ต้องใช้: ทบทวนความรู้พื้นฐานที่จำเป็นก่อนเรียน Social Media Content พร้อมคำถามตรวจความพร้อม,คำศัพท์สำคัญ: รวบรวมคำศัพท์หลักของ Social Media Content พร้อมความหมายและการใช้งานจริง,ความหมายและขอบเขต: นิยาม Social Media Content ขอบเขตงาน และสิ่งที่อยู่/ไม่อยู่ในขอบเขต,หลักการสำคัญ: แจกแจงหลักการสำคัญของ Social Media Content เป็นข้อ ๆ พร้อมเหตุผล,องค์ประกอบ/โครงสร้าง: แสดงองค์ประกอบหลัก ความสัมพันธ์ และลำดับการทำงานของ Social Media Content,ขั้นตอนการทำงาน 1: เริ่มต้นงาน Social Media Content: การเตรียมข้อมูล เครื่องมือ และเงื่อนไขก่อนทำ,ขั้นตอนการทำงาน 2: ขั้นดำเนินงานหลักของ Social Media Content พร้อมจุดตรวจสอบระหว่างทาง,ขั้นตอนการทำงาน 3: ขั้นตรวจผล บันทึกผล และส่งมอบงานของ Social Media Content,ตัวอย่างที่ถูกต้อง: ตัวอย่างการประยุกต์ Social Media Content ที่ถูกต้อง พร้อมอธิบายเหตุผลทีละส่วน,ตัวอย่างที่ผิดและเหตุผล: ตัวอย่างข้อผิดพลาดของ Social Media Content วิเคราะห์สาเหตุและผลกระทบ,สาธิต/กรณีตัวอย่าง: กรณีศึกษาจากสถานการณ์จริงหรือจำลองเกี่ยวกับ Social Media Content,ข้อผิดพลาดที่พบบ่อย: รวบรวม Common Mistake ของ Social Media Content และสัญญาณที่ใช้สังเกต,แนวทางแก้ปัญหา: Troubleshooting แบบเป็นลำดับสำหรับปัญหาที่เกิดระหว่างทำ Social Media Content,ความปลอดภัย/จริยธรรม: ข้อควรระวัง ความปลอดภัย กฎหมาย หรือจริยธรรมที่เกี่ยวข้องกับ Social Media Content,ภารกิจฝึกปฏิบัติ: กิจกรรมลงมือทำเกี่ยวกับ Social Media Content ให้ผู้เรียนสร้างหลักฐานผลงาน,ใบงานประจำหน่วย: อธิบายใบงานของหน่วย Social Media Content: เป้าหมาย งานที่ต้องส่ง รูปแบบ และกำหนดตรวจ,เกณฑ์ประเมินและสรุป: Rubric ประเมินความถูกต้อง กระบวนการ คุณภาพงาน และสรุป Key Takeaway ของ Social Media Content,คำถามทบทวนและคิดวิเคราะห์: คำถามทบทวน 3–5 ข้อและคำถามคิดวิเคราะห์ที่เชื่อม Social Media Content กับสถานการณ์จริง
31900-1003,การสร้างสื่อดิจิทัล,14,Asset Optimization,1) อธิบาย Asset Optimization ได้ 2) วิเคราะห์/เลือกวิธีที่เหมาะสมได้ 3) ปฏิบัติงานหรือสร้างชิ้นงานเกี่ยวกับ Asset Optimization ได้ 4) ตรวจสอบและสะท้อนผลการทำงานได้,ใบงานหน่วยที่ 14: Asset Optimization,ภารกิจ 1 อธิบายแนวคิดหลักของ Asset Optimization; ภารกิจ 2 วิเคราะห์ตัวอย่าง; ภารกิจ 3 ลงมือปฏิบัติ/สร้างชิ้นงาน; ภารกิจ 4 ตรวจข้อผิดพลาด; ภารกิจ 5 สรุปสิ่งที่เรียนรู้และแนบหลักฐาน,ชื่อหน่วยและภาพรวม: อธิบายภาพรวมของ Asset Optimization และความเชื่อมโยงกับรายวิชา การสร้างสื่อดิจิทัล,ผลลัพธ์การเรียนรู้: ผู้เรียนอธิบายหลักการ วิเคราะห์ตัวอย่าง และปฏิบัติงานเกี่ยวกับ Asset Optimization ได้ตามเกณฑ์,ความรู้เดิมที่ต้องใช้: ทบทวนความรู้พื้นฐานที่จำเป็นก่อนเรียน Asset Optimization พร้อมคำถามตรวจความพร้อม,คำศัพท์สำคัญ: รวบรวมคำศัพท์หลักของ Asset Optimization พร้อมความหมายและการใช้งานจริง,ความหมายและขอบเขต: นิยาม Asset Optimization ขอบเขตงาน และสิ่งที่อยู่/ไม่อยู่ในขอบเขต,หลักการสำคัญ: แจกแจงหลักการสำคัญของ Asset Optimization เป็นข้อ ๆ พร้อมเหตุผล,องค์ประกอบ/โครงสร้าง: แสดงองค์ประกอบหลัก ความสัมพันธ์ และลำดับการทำงานของ Asset Optimization,ขั้นตอนการทำงาน 1: เริ่มต้นงาน Asset Optimization: การเตรียมข้อมูล เครื่องมือ และเงื่อนไขก่อนทำ,ขั้นตอนการทำงาน 2: ขั้นดำเนินงานหลักของ Asset Optimization พร้อมจุดตรวจสอบระหว่างทาง,ขั้นตอนการทำงาน 3: ขั้นตรวจผล บันทึกผล และส่งมอบงานของ Asset Optimization,ตัวอย่างที่ถูกต้อง: ตัวอย่างการประยุกต์ Asset Optimization ที่ถูกต้อง พร้อมอธิบายเหตุผลทีละส่วน,ตัวอย่างที่ผิดและเหตุผล: ตัวอย่างข้อผิดพลาดของ Asset Optimization วิเคราะห์สาเหตุและผลกระทบ,สาธิต/กรณีตัวอย่าง: กรณีศึกษาจากสถานการณ์จริงหรือจำลองเกี่ยวกับ Asset Optimization,ข้อผิดพลาดที่พบบ่อย: รวบรวม Common Mistake ของ Asset Optimization และสัญญาณที่ใช้สังเกต,แนวทางแก้ปัญหา: Troubleshooting แบบเป็นลำดับสำหรับปัญหาที่เกิดระหว่างทำ Asset Optimization,ความปลอดภัย/จริยธรรม: ข้อควรระวัง ความปลอดภัย กฎหมาย หรือจริยธรรมที่เกี่ยวข้องกับ Asset Optimization,ภารกิจฝึกปฏิบัติ: กิจกรรมลงมือทำเกี่ยวกับ Asset Optimization ให้ผู้เรียนสร้างหลักฐานผลงาน,ใบงานประจำหน่วย: อธิบายใบงานของหน่วย Asset Optimization: เป้าหมาย งานที่ต้องส่ง รูปแบบ และกำหนดตรวจ,เกณฑ์ประเมินและสรุป: Rubric ประเมินความถูกต้อง กระบวนการ คุณภาพงาน และสรุป Key Takeaway ของ Asset Optimization,คำถามทบทวนและคิดวิเคราะห์: คำถามทบทวน 3–5 ข้อและคำถามคิดวิเคราะห์ที่เชื่อม Asset Optimization กับสถานการณ์จริง
31900-1003,การสร้างสื่อดิจิทัล,15,ลิขสิทธิ์,1) อธิบาย ลิขสิทธิ์ ได้ 2) วิเคราะห์/เลือกวิธีที่เหมาะสมได้ 3) ปฏิบัติงานหรือสร้างชิ้นงานเกี่ยวกับ ลิขสิทธิ์ ได้ 4) ตรวจสอบและสะท้อนผลการทำงานได้,ใบงานหน่วยที่ 15: ลิขสิทธิ์,ภารกิจ 1 อธิบายแนวคิดหลักของ ลิขสิทธิ์; ภารกิจ 2 วิเคราะห์ตัวอย่าง; ภารกิจ 3 ลงมือปฏิบัติ/สร้างชิ้นงาน; ภารกิจ 4 ตรวจข้อผิดพลาด; ภารกิจ 5 สรุปสิ่งที่เรียนรู้และแนบหลักฐาน,ชื่อหน่วยและภาพรวม: อธิบายภาพรวมของ ลิขสิทธิ์ และความเชื่อมโยงกับรายวิชา การสร้างสื่อดิจิทัล,ผลลัพธ์การเรียนรู้: ผู้เรียนอธิบายหลักการ วิเคราะห์ตัวอย่าง และปฏิบัติงานเกี่ยวกับ ลิขสิทธิ์ ได้ตามเกณฑ์,ความรู้เดิมที่ต้องใช้: ทบทวนความรู้พื้นฐานที่จำเป็นก่อนเรียน ลิขสิทธิ์ พร้อมคำถามตรวจความพร้อม,คำศัพท์สำคัญ: รวบรวมคำศัพท์หลักของ ลิขสิทธิ์ พร้อมความหมายและการใช้งานจริง,ความหมายและขอบเขต: นิยาม ลิขสิทธิ์ ขอบเขตงาน และสิ่งที่อยู่/ไม่อยู่ในขอบเขต,หลักการสำคัญ: แจกแจงหลักการสำคัญของ ลิขสิทธิ์ เป็นข้อ ๆ พร้อมเหตุผล,องค์ประกอบ/โครงสร้าง: แสดงองค์ประกอบหลัก ความสัมพันธ์ และลำดับการทำงานของ ลิขสิทธิ์,ขั้นตอนการทำงาน 1: เริ่มต้นงาน ลิขสิทธิ์: การเตรียมข้อมูล เครื่องมือ และเงื่อนไขก่อนทำ,ขั้นตอนการทำงาน 2: ขั้นดำเนินงานหลักของ ลิขสิทธิ์ พร้อมจุดตรวจสอบระหว่างทาง,ขั้นตอนการทำงาน 3: ขั้นตรวจผล บันทึกผล และส่งมอบงานของ ลิขสิทธิ์,ตัวอย่างที่ถูกต้อง: ตัวอย่างการประยุกต์ ลิขสิทธิ์ ที่ถูกต้อง พร้อมอธิบายเหตุผลทีละส่วน,ตัวอย่างที่ผิดและเหตุผล: ตัวอย่างข้อผิดพลาดของ ลิขสิทธิ์ วิเคราะห์สาเหตุและผลกระทบ,สาธิต/กรณีตัวอย่าง: กรณีศึกษาจากสถานการณ์จริงหรือจำลองเกี่ยวกับ ลิขสิทธิ์,ข้อผิดพลาดที่พบบ่อย: รวบรวม Common Mistake ของ ลิขสิทธิ์ และสัญญาณที่ใช้สังเกต,แนวทางแก้ปัญหา: Troubleshooting แบบเป็นลำดับสำหรับปัญหาที่เกิดระหว่างทำ ลิขสิทธิ์,ความปลอดภัย/จริยธรรม: ข้อควรระวัง ความปลอดภัย กฎหมาย หรือจริยธรรมที่เกี่ยวข้องกับ ลิขสิทธิ์,ภารกิจฝึกปฏิบัติ: กิจกรรมลงมือทำเกี่ยวกับ ลิขสิทธิ์ ให้ผู้เรียนสร้างหลักฐานผลงาน,ใบงานประจำหน่วย: อธิบายใบงานของหน่วย ลิขสิทธิ์: เป้าหมาย งานที่ต้องส่ง รูปแบบ และกำหนดตรวจ,เกณฑ์ประเมินและสรุป: Rubric ประเมินความถูกต้อง กระบวนการ คุณภาพงาน และสรุป Key Takeaway ของ ลิขสิทธิ์,คำถามทบทวนและคิดวิเคราะห์: คำถามทบทวน 3–5 ข้อและคำถามคิดวิเคราะห์ที่เชื่อม ลิขสิทธิ์ กับสถานการณ์จริง
31900-1003,การสร้างสื่อดิจิทัล,16,Portfolio,1) อธิบาย Portfolio ได้ 2) วิเคราะห์/เลือกวิธีที่เหมาะสมได้ 3) ปฏิบัติงานหรือสร้างชิ้นงานเกี่ยวกับ Portfolio ได้ 4) ตรวจสอบและสะท้อนผลการทำงานได้,ใบงานหน่วยที่ 16: Portfolio,ภารกิจ 1 อธิบายแนวคิดหลักของ Portfolio; ภารกิจ 2 วิเคราะห์ตัวอย่าง; ภารกิจ 3 ลงมือปฏิบัติ/สร้างชิ้นงาน; ภารกิจ 4 ตรวจข้อผิดพลาด; ภารกิจ 5 สรุปสิ่งที่เรียนรู้และแนบหลักฐาน,ชื่อหน่วยและภาพรวม: อธิบายภาพรวมของ Portfolio และความเชื่อมโยงกับรายวิชา การสร้างสื่อดิจิทัล,ผลลัพธ์การเรียนรู้: ผู้เรียนอธิบายหลักการ วิเคราะห์ตัวอย่าง และปฏิบัติงานเกี่ยวกับ Portfolio ได้ตามเกณฑ์,ความรู้เดิมที่ต้องใช้: ทบทวนความรู้พื้นฐานที่จำเป็นก่อนเรียน Portfolio พร้อมคำถามตรวจความพร้อม,คำศัพท์สำคัญ: รวบรวมคำศัพท์หลักของ Portfolio พร้อมความหมายและการใช้งานจริง,ความหมายและขอบเขต: นิยาม Portfolio ขอบเขตงาน และสิ่งที่อยู่/ไม่อยู่ในขอบเขต,หลักการสำคัญ: แจกแจงหลักการสำคัญของ Portfolio เป็นข้อ ๆ พร้อมเหตุผล,องค์ประกอบ/โครงสร้าง: แสดงองค์ประกอบหลัก ความสัมพันธ์ และลำดับการทำงานของ Portfolio,ขั้นตอนการทำงาน 1: เริ่มต้นงาน Portfolio: การเตรียมข้อมูล เครื่องมือ และเงื่อนไขก่อนทำ,ขั้นตอนการทำงาน 2: ขั้นดำเนินงานหลักของ Portfolio พร้อมจุดตรวจสอบระหว่างทาง,ขั้นตอนการทำงาน 3: ขั้นตรวจผล บันทึกผล และส่งมอบงานของ Portfolio,ตัวอย่างที่ถูกต้อง: ตัวอย่างการประยุกต์ Portfolio ที่ถูกต้อง พร้อมอธิบายเหตุผลทีละส่วน,ตัวอย่างที่ผิดและเหตุผล: ตัวอย่างข้อผิดพลาดของ Portfolio วิเคราะห์สาเหตุและผลกระทบ,สาธิต/กรณีตัวอย่าง: กรณีศึกษาจากสถานการณ์จริงหรือจำลองเกี่ยวกับ Portfolio,ข้อผิดพลาดที่พบบ่อย: รวบรวม Common Mistake ของ Portfolio และสัญญาณที่ใช้สังเกต,แนวทางแก้ปัญหา: Troubleshooting แบบเป็นลำดับสำหรับปัญหาที่เกิดระหว่างทำ Portfolio,ความปลอดภัย/จริยธรรม: ข้อควรระวัง ความปลอดภัย กฎหมาย หรือจริยธรรมที่เกี่ยวข้องกับ Portfolio,ภารกิจฝึกปฏิบัติ: กิจกรรมลงมือทำเกี่ยวกับ Portfolio ให้ผู้เรียนสร้างหลักฐานผลงาน,ใบงานประจำหน่วย: อธิบายใบงานของหน่วย Portfolio: เป้าหมาย งานที่ต้องส่ง รูปแบบ และกำหนดตรวจ,เกณฑ์ประเมินและสรุป: Rubric ประเมินความถูกต้อง กระบวนการ คุณภาพงาน และสรุป Key Takeaway ของ Portfolio,คำถามทบทวนและคิดวิเคราะห์: คำถามทบทวน 3–5 ข้อและคำถามคิดวิเคราะห์ที่เชื่อม Portfolio กับสถานการณ์จริง
31900-1003,การสร้างสื่อดิจิทัล,17,โครงงานสื่อดิจิทัล,1) อธิบาย โครงงานสื่อดิจิทัล ได้ 2) วิเคราะห์/เลือกวิธีที่เหมาะสมได้ 3) ปฏิบัติงานหรือสร้างชิ้นงานเกี่ยวกับ โครงงานสื่อดิจิทัล ได้ 4) ตรวจสอบและสะท้อนผลการทำงานได้,ใบงานหน่วยที่ 17: โครงงานสื่อดิจิทัล,ภารกิจ 1 อธิบายแนวคิดหลักของ โครงงานสื่อดิจิทัล; ภารกิจ 2 วิเคราะห์ตัวอย่าง; ภารกิจ 3 ลงมือปฏิบัติ/สร้างชิ้นงาน; ภารกิจ 4 ตรวจข้อผิดพลาด; ภารกิจ 5 สรุปสิ่งที่เรียนรู้และแนบหลักฐาน,ชื่อหน่วยและภาพรวม: อธิบายภาพรวมของ โครงงานสื่อดิจิทัล และความเชื่อมโยงกับรายวิชา การสร้างสื่อดิจิทัล,ผลลัพธ์การเรียนรู้: ผู้เรียนอธิบายหลักการ วิเคราะห์ตัวอย่าง และปฏิบัติงานเกี่ยวกับ โครงงานสื่อดิจิทัล ได้ตามเกณฑ์,ความรู้เดิมที่ต้องใช้: ทบทวนความรู้พื้นฐานที่จำเป็นก่อนเรียน โครงงานสื่อดิจิทัล พร้อมคำถามตรวจความพร้อม,คำศัพท์สำคัญ: รวบรวมคำศัพท์หลักของ โครงงานสื่อดิจิทัล พร้อมความหมายและการใช้งานจริง,ความหมายและขอบเขต: นิยาม โครงงานสื่อดิจิทัล ขอบเขตงาน และสิ่งที่อยู่/ไม่อยู่ในขอบเขต,หลักการสำคัญ: แจกแจงหลักการสำคัญของ โครงงานสื่อดิจิทัล เป็นข้อ ๆ พร้อมเหตุผล,องค์ประกอบ/โครงสร้าง: แสดงองค์ประกอบหลัก ความสัมพันธ์ และลำดับการทำงานของ โครงงานสื่อดิจิทัล,ขั้นตอนการทำงาน 1: เริ่มต้นงาน โครงงานสื่อดิจิทัล: การเตรียมข้อมูล เครื่องมือ และเงื่อนไขก่อนทำ,ขั้นตอนการทำงาน 2: ขั้นดำเนินงานหลักของ โครงงานสื่อดิจิทัล พร้อมจุดตรวจสอบระหว่างทาง,ขั้นตอนการทำงาน 3: ขั้นตรวจผล บันทึกผล และส่งมอบงานของ โครงงานสื่อดิจิทัล,ตัวอย่างที่ถูกต้อง: ตัวอย่างการประยุกต์ โครงงานสื่อดิจิทัล ที่ถูกต้อง พร้อมอธิบายเหตุผลทีละส่วน,ตัวอย่างที่ผิดและเหตุผล: ตัวอย่างข้อผิดพลาดของ โครงงานสื่อดิจิทัล วิเคราะห์สาเหตุและผลกระทบ,สาธิต/กรณีตัวอย่าง: กรณีศึกษาจากสถานการณ์จริงหรือจำลองเกี่ยวกับ โครงงานสื่อดิจิทัล,ข้อผิดพลาดที่พบบ่อย: รวบรวม Common Mistake ของ โครงงานสื่อดิจิทัล และสัญญาณที่ใช้สังเกต,แนวทางแก้ปัญหา: Troubleshooting แบบเป็นลำดับสำหรับปัญหาที่เกิดระหว่างทำ โครงงานสื่อดิจิทัล,ความปลอดภัย/จริยธรรม: ข้อควรระวัง ความปลอดภัย กฎหมาย หรือจริยธรรมที่เกี่ยวข้องกับ โครงงานสื่อดิจิทัล,ภารกิจฝึกปฏิบัติ: กิจกรรมลงมือทำเกี่ยวกับ โครงงานสื่อดิจิทัล ให้ผู้เรียนสร้างหลักฐานผลงาน,ใบงานประจำหน่วย: อธิบายใบงานของหน่วย โครงงานสื่อดิจิทัล: เป้าหมาย งานที่ต้องส่ง รูปแบบ และกำหนดตรวจ,เกณฑ์ประเมินและสรุป: Rubric ประเมินความถูกต้อง กระบวนการ คุณภาพงาน และสรุป Key Takeaway ของ โครงงานสื่อดิจิทัล,คำถามทบทวนและคิดวิเคราะห์: คำถามทบทวน 3–5 ข้อและคำถามคิดวิเคราะห์ที่เชื่อม โครงงานสื่อดิจิทัล กับสถานการณ์จริง
31901-2008,การพัฒนาซอฟต์แวร์รูปแบบเดฟออปส์ (DevOps),1,แนวคิด DevOps,1) อธิบาย แนวคิด DevOps ได้ 2) วิเคราะห์/เลือกวิธีที่เหมาะสมได้ 3) ปฏิบัติงานหรือสร้างชิ้นงานเกี่ยวกับ แนวคิด DevOps ได้ 4) ตรวจสอบและสะท้อนผลการทำงานได้,ใบงานหน่วยที่ 1: แนวคิด DevOps,ภารกิจ 1 อธิบายแนวคิดหลักของ แนวคิด DevOps; ภารกิจ 2 วิเคราะห์ตัวอย่าง; ภารกิจ 3 ลงมือปฏิบัติ/สร้างชิ้นงาน; ภารกิจ 4 ตรวจข้อผิดพลาด; ภารกิจ 5 สรุปสิ่งที่เรียนรู้และแนบหลักฐาน,ชื่อหน่วยและภาพรวม: อธิบายภาพรวมของ แนวคิด DevOps และความเชื่อมโยงกับรายวิชา การพัฒนาซอฟต์แวร์รูปแบบเดฟออปส์ (DevOps),ผลลัพธ์การเรียนรู้: ผู้เรียนอธิบายหลักการ วิเคราะห์ตัวอย่าง และปฏิบัติงานเกี่ยวกับ แนวคิด DevOps ได้ตามเกณฑ์,ความรู้เดิมที่ต้องใช้: ทบทวนความรู้พื้นฐานที่จำเป็นก่อนเรียน แนวคิด DevOps พร้อมคำถามตรวจความพร้อม,คำศัพท์สำคัญ: รวบรวมคำศัพท์หลักของ แนวคิด DevOps พร้อมความหมายและการใช้งานจริง,ความหมายและขอบเขต: นิยาม แนวคิด DevOps ขอบเขตงาน และสิ่งที่อยู่/ไม่อยู่ในขอบเขต,หลักการสำคัญ: แจกแจงหลักการสำคัญของ แนวคิด DevOps เป็นข้อ ๆ พร้อมเหตุผล,องค์ประกอบ/โครงสร้าง: แสดงองค์ประกอบหลัก ความสัมพันธ์ และลำดับการทำงานของ แนวคิด DevOps,ขั้นตอนการทำงาน 1: เริ่มต้นงาน แนวคิด DevOps: การเตรียมข้อมูล เครื่องมือ และเงื่อนไขก่อนทำ,ขั้นตอนการทำงาน 2: ขั้นดำเนินงานหลักของ แนวคิด DevOps พร้อมจุดตรวจสอบระหว่างทาง,ขั้นตอนการทำงาน 3: ขั้นตรวจผล บันทึกผล และส่งมอบงานของ แนวคิด DevOps,ตัวอย่างที่ถูกต้อง: ตัวอย่างการประยุกต์ แนวคิด DevOps ที่ถูกต้อง พร้อมอธิบายเหตุผลทีละส่วน,ตัวอย่างที่ผิดและเหตุผล: ตัวอย่างข้อผิดพลาดของ แนวคิด DevOps วิเคราะห์สาเหตุและผลกระทบ,สาธิต/กรณีตัวอย่าง: กรณีศึกษาจากสถานการณ์จริงหรือจำลองเกี่ยวกับ แนวคิด DevOps,ข้อผิดพลาดที่พบบ่อย: รวบรวม Common Mistake ของ แนวคิด DevOps และสัญญาณที่ใช้สังเกต,แนวทางแก้ปัญหา: Troubleshooting แบบเป็นลำดับสำหรับปัญหาที่เกิดระหว่างทำ แนวคิด DevOps,ความปลอดภัย/จริยธรรม: ข้อควรระวัง ความปลอดภัย กฎหมาย หรือจริยธรรมที่เกี่ยวข้องกับ แนวคิด DevOps,ภารกิจฝึกปฏิบัติ: กิจกรรมลงมือทำเกี่ยวกับ แนวคิด DevOps ให้ผู้เรียนสร้างหลักฐานผลงาน,ใบงานประจำหน่วย: อธิบายใบงานของหน่วย แนวคิด DevOps: เป้าหมาย งานที่ต้องส่ง รูปแบบ และกำหนดตรวจ,เกณฑ์ประเมินและสรุป: Rubric ประเมินความถูกต้อง กระบวนการ คุณภาพงาน และสรุป Key Takeaway ของ แนวคิด DevOps,คำถามทบทวนและคิดวิเคราะห์: คำถามทบทวน 3–5 ข้อและคำถามคิดวิเคราะห์ที่เชื่อม แนวคิด DevOps กับสถานการณ์จริง
31901-2008,การพัฒนาซอฟต์แวร์รูปแบบเดฟออปส์ (DevOps),2,Version Control ด้วย Git,1) อธิบาย Version Control ด้วย Git ได้ 2) วิเคราะห์/เลือกวิธีที่เหมาะสมได้ 3) ปฏิบัติงานหรือสร้างชิ้นงานเกี่ยวกับ Version Control ด้วย Git ได้ 4) ตรวจสอบและสะท้อนผลการทำงานได้,ใบงานหน่วยที่ 2: Version Control ด้วย Git,ภารกิจ 1 อธิบายแนวคิดหลักของ Version Control ด้วย Git; ภารกิจ 2 วิเคราะห์ตัวอย่าง; ภารกิจ 3 ลงมือปฏิบัติ/สร้างชิ้นงาน; ภารกิจ 4 ตรวจข้อผิดพลาด; ภารกิจ 5 สรุปสิ่งที่เรียนรู้และแนบหลักฐาน,ชื่อหน่วยและภาพรวม: อธิบายภาพรวมของ Version Control ด้วย Git และความเชื่อมโยงกับรายวิชา การพัฒนาซอฟต์แวร์รูปแบบเดฟออปส์ (DevOps),ผลลัพธ์การเรียนรู้: ผู้เรียนอธิบายหลักการ วิเคราะห์ตัวอย่าง และปฏิบัติงานเกี่ยวกับ Version Control ด้วย Git ได้ตามเกณฑ์,ความรู้เดิมที่ต้องใช้: ทบทวนความรู้พื้นฐานที่จำเป็นก่อนเรียน Version Control ด้วย Git พร้อมคำถามตรวจความพร้อม,คำศัพท์สำคัญ: รวบรวมคำศัพท์หลักของ Version Control ด้วย Git พร้อมความหมายและการใช้งานจริง,ความหมายและขอบเขต: นิยาม Version Control ด้วย Git ขอบเขตงาน และสิ่งที่อยู่/ไม่อยู่ในขอบเขต,หลักการสำคัญ: แจกแจงหลักการสำคัญของ Version Control ด้วย Git เป็นข้อ ๆ พร้อมเหตุผล,องค์ประกอบ/โครงสร้าง: แสดงองค์ประกอบหลัก ความสัมพันธ์ และลำดับการทำงานของ Version Control ด้วย Git,ขั้นตอนการทำงาน 1: เริ่มต้นงาน Version Control ด้วย Git: การเตรียมข้อมูล เครื่องมือ และเงื่อนไขก่อนทำ,ขั้นตอนการทำงาน 2: ขั้นดำเนินงานหลักของ Version Control ด้วย Git พร้อมจุดตรวจสอบระหว่างทาง,ขั้นตอนการทำงาน 3: ขั้นตรวจผล บันทึกผล และส่งมอบงานของ Version Control ด้วย Git,ตัวอย่างที่ถูกต้อง: ตัวอย่างการประยุกต์ Version Control ด้วย Git ที่ถูกต้อง พร้อมอธิบายเหตุผลทีละส่วน,ตัวอย่างที่ผิดและเหตุผล: ตัวอย่างข้อผิดพลาดของ Version Control ด้วย Git วิเคราะห์สาเหตุและผลกระทบ,สาธิต/กรณีตัวอย่าง: กรณีศึกษาจากสถานการณ์จริงหรือจำลองเกี่ยวกับ Version Control ด้วย Git,ข้อผิดพลาดที่พบบ่อย: รวบรวม Common Mistake ของ Version Control ด้วย Git และสัญญาณที่ใช้สังเกต,แนวทางแก้ปัญหา: Troubleshooting แบบเป็นลำดับสำหรับปัญหาที่เกิดระหว่างทำ Version Control ด้วย Git,ความปลอดภัย/จริยธรรม: ข้อควรระวัง ความปลอดภัย กฎหมาย หรือจริยธรรมที่เกี่ยวข้องกับ Version Control ด้วย Git,ภารกิจฝึกปฏิบัติ: กิจกรรมลงมือทำเกี่ยวกับ Version Control ด้วย Git ให้ผู้เรียนสร้างหลักฐานผลงาน,ใบงานประจำหน่วย: อธิบายใบงานของหน่วย Version Control ด้วย Git: เป้าหมาย งานที่ต้องส่ง รูปแบบ และกำหนดตรวจ,เกณฑ์ประเมินและสรุป: Rubric ประเมินความถูกต้อง กระบวนการ คุณภาพงาน และสรุป Key Takeaway ของ Version Control ด้วย Git,คำถามทบทวนและคิดวิเคราะห์: คำถามทบทวน 3–5 ข้อและคำถามคิดวิเคราะห์ที่เชื่อม Version Control ด้วย Git กับสถานการณ์จริง
31901-2008,การพัฒนาซอฟต์แวร์รูปแบบเดฟออปส์ (DevOps),3,Branching Strategy,1) อธิบาย Branching Strategy ได้ 2) วิเคราะห์/เลือกวิธีที่เหมาะสมได้ 3) ปฏิบัติงานหรือสร้างชิ้นงานเกี่ยวกับ Branching Strategy ได้ 4) ตรวจสอบและสะท้อนผลการทำงานได้,ใบงานหน่วยที่ 3: Branching Strategy,ภารกิจ 1 อธิบายแนวคิดหลักของ Branching Strategy; ภารกิจ 2 วิเคราะห์ตัวอย่าง; ภารกิจ 3 ลงมือปฏิบัติ/สร้างชิ้นงาน; ภารกิจ 4 ตรวจข้อผิดพลาด; ภารกิจ 5 สรุปสิ่งที่เรียนรู้และแนบหลักฐาน,ชื่อหน่วยและภาพรวม: อธิบายภาพรวมของ Branching Strategy และความเชื่อมโยงกับรายวิชา การพัฒนาซอฟต์แวร์รูปแบบเดฟออปส์ (DevOps),ผลลัพธ์การเรียนรู้: ผู้เรียนอธิบายหลักการ วิเคราะห์ตัวอย่าง และปฏิบัติงานเกี่ยวกับ Branching Strategy ได้ตามเกณฑ์,ความรู้เดิมที่ต้องใช้: ทบทวนความรู้พื้นฐานที่จำเป็นก่อนเรียน Branching Strategy พร้อมคำถามตรวจความพร้อม,คำศัพท์สำคัญ: รวบรวมคำศัพท์หลักของ Branching Strategy พร้อมความหมายและการใช้งานจริง,ความหมายและขอบเขต: นิยาม Branching Strategy ขอบเขตงาน และสิ่งที่อยู่/ไม่อยู่ในขอบเขต,หลักการสำคัญ: แจกแจงหลักการสำคัญของ Branching Strategy เป็นข้อ ๆ พร้อมเหตุผล,องค์ประกอบ/โครงสร้าง: แสดงองค์ประกอบหลัก ความสัมพันธ์ และลำดับการทำงานของ Branching Strategy,ขั้นตอนการทำงาน 1: เริ่มต้นงาน Branching Strategy: การเตรียมข้อมูล เครื่องมือ และเงื่อนไขก่อนทำ,ขั้นตอนการทำงาน 2: ขั้นดำเนินงานหลักของ Branching Strategy พร้อมจุดตรวจสอบระหว่างทาง,ขั้นตอนการทำงาน 3: ขั้นตรวจผล บันทึกผล และส่งมอบงานของ Branching Strategy,ตัวอย่างที่ถูกต้อง: ตัวอย่างการประยุกต์ Branching Strategy ที่ถูกต้อง พร้อมอธิบายเหตุผลทีละส่วน,ตัวอย่างที่ผิดและเหตุผล: ตัวอย่างข้อผิดพลาดของ Branching Strategy วิเคราะห์สาเหตุและผลกระทบ,สาธิต/กรณีตัวอย่าง: กรณีศึกษาจากสถานการณ์จริงหรือจำลองเกี่ยวกับ Branching Strategy,ข้อผิดพลาดที่พบบ่อย: รวบรวม Common Mistake ของ Branching Strategy และสัญญาณที่ใช้สังเกต,แนวทางแก้ปัญหา: Troubleshooting แบบเป็นลำดับสำหรับปัญหาที่เกิดระหว่างทำ Branching Strategy,ความปลอดภัย/จริยธรรม: ข้อควรระวัง ความปลอดภัย กฎหมาย หรือจริยธรรมที่เกี่ยวข้องกับ Branching Strategy,ภารกิจฝึกปฏิบัติ: กิจกรรมลงมือทำเกี่ยวกับ Branching Strategy ให้ผู้เรียนสร้างหลักฐานผลงาน,ใบงานประจำหน่วย: อธิบายใบงานของหน่วย Branching Strategy: เป้าหมาย งานที่ต้องส่ง รูปแบบ และกำหนดตรวจ,เกณฑ์ประเมินและสรุป: Rubric ประเมินความถูกต้อง กระบวนการ คุณภาพงาน และสรุป Key Takeaway ของ Branching Strategy,คำถามทบทวนและคิดวิเคราะห์: คำถามทบทวน 3–5 ข้อและคำถามคิดวิเคราะห์ที่เชื่อม Branching Strategy กับสถานการณ์จริง
31901-2008,การพัฒนาซอฟต์แวร์รูปแบบเดฟออปส์ (DevOps),4,Code Review,1) อธิบาย Code Review ได้ 2) วิเคราะห์/เลือกวิธีที่เหมาะสมได้ 3) ปฏิบัติงานหรือสร้างชิ้นงานเกี่ยวกับ Code Review ได้ 4) ตรวจสอบและสะท้อนผลการทำงานได้,ใบงานหน่วยที่ 4: Code Review,ภารกิจ 1 อธิบายแนวคิดหลักของ Code Review; ภารกิจ 2 วิเคราะห์ตัวอย่าง; ภารกิจ 3 ลงมือปฏิบัติ/สร้างชิ้นงาน; ภารกิจ 4 ตรวจข้อผิดพลาด; ภารกิจ 5 สรุปสิ่งที่เรียนรู้และแนบหลักฐาน,ชื่อหน่วยและภาพรวม: อธิบายภาพรวมของ Code Review และความเชื่อมโยงกับรายวิชา การพัฒนาซอฟต์แวร์รูปแบบเดฟออปส์ (DevOps),ผลลัพธ์การเรียนรู้: ผู้เรียนอธิบายหลักการ วิเคราะห์ตัวอย่าง และปฏิบัติงานเกี่ยวกับ Code Review ได้ตามเกณฑ์,ความรู้เดิมที่ต้องใช้: ทบทวนความรู้พื้นฐานที่จำเป็นก่อนเรียน Code Review พร้อมคำถามตรวจความพร้อม,คำศัพท์สำคัญ: รวบรวมคำศัพท์หลักของ Code Review พร้อมความหมายและการใช้งานจริง,ความหมายและขอบเขต: นิยาม Code Review ขอบเขตงาน และสิ่งที่อยู่/ไม่อยู่ในขอบเขต,หลักการสำคัญ: แจกแจงหลักการสำคัญของ Code Review เป็นข้อ ๆ พร้อมเหตุผล,องค์ประกอบ/โครงสร้าง: แสดงองค์ประกอบหลัก ความสัมพันธ์ และลำดับการทำงานของ Code Review,ขั้นตอนการทำงาน 1: เริ่มต้นงาน Code Review: การเตรียมข้อมูล เครื่องมือ และเงื่อนไขก่อนทำ,ขั้นตอนการทำงาน 2: ขั้นดำเนินงานหลักของ Code Review พร้อมจุดตรวจสอบระหว่างทาง,ขั้นตอนการทำงาน 3: ขั้นตรวจผล บันทึกผล และส่งมอบงานของ Code Review,ตัวอย่างที่ถูกต้อง: ตัวอย่างการประยุกต์ Code Review ที่ถูกต้อง พร้อมอธิบายเหตุผลทีละส่วน,ตัวอย่างที่ผิดและเหตุผล: ตัวอย่างข้อผิดพลาดของ Code Review วิเคราะห์สาเหตุและผลกระทบ,สาธิต/กรณีตัวอย่าง: กรณีศึกษาจากสถานการณ์จริงหรือจำลองเกี่ยวกับ Code Review,ข้อผิดพลาดที่พบบ่อย: รวบรวม Common Mistake ของ Code Review และสัญญาณที่ใช้สังเกต,แนวทางแก้ปัญหา: Troubleshooting แบบเป็นลำดับสำหรับปัญหาที่เกิดระหว่างทำ Code Review,ความปลอดภัย/จริยธรรม: ข้อควรระวัง ความปลอดภัย กฎหมาย หรือจริยธรรมที่เกี่ยวข้องกับ Code Review,ภารกิจฝึกปฏิบัติ: กิจกรรมลงมือทำเกี่ยวกับ Code Review ให้ผู้เรียนสร้างหลักฐานผลงาน,ใบงานประจำหน่วย: อธิบายใบงานของหน่วย Code Review: เป้าหมาย งานที่ต้องส่ง รูปแบบ และกำหนดตรวจ,เกณฑ์ประเมินและสรุป: Rubric ประเมินความถูกต้อง กระบวนการ คุณภาพงาน และสรุป Key Takeaway ของ Code Review,คำถามทบทวนและคิดวิเคราะห์: คำถามทบทวน 3–5 ข้อและคำถามคิดวิเคราะห์ที่เชื่อม Code Review กับสถานการณ์จริง
31901-2008,การพัฒนาซอฟต์แวร์รูปแบบเดฟออปส์ (DevOps),5,CI Fundamentals,1) อธิบาย CI Fundamentals ได้ 2) วิเคราะห์/เลือกวิธีที่เหมาะสมได้ 3) ปฏิบัติงานหรือสร้างชิ้นงานเกี่ยวกับ CI Fundamentals ได้ 4) ตรวจสอบและสะท้อนผลการทำงานได้,ใบงานหน่วยที่ 5: CI Fundamentals,ภารกิจ 1 อธิบายแนวคิดหลักของ CI Fundamentals; ภารกิจ 2 วิเคราะห์ตัวอย่าง; ภารกิจ 3 ลงมือปฏิบัติ/สร้างชิ้นงาน; ภารกิจ 4 ตรวจข้อผิดพลาด; ภารกิจ 5 สรุปสิ่งที่เรียนรู้และแนบหลักฐาน,ชื่อหน่วยและภาพรวม: อธิบายภาพรวมของ CI Fundamentals และความเชื่อมโยงกับรายวิชา การพัฒนาซอฟต์แวร์รูปแบบเดฟออปส์ (DevOps),ผลลัพธ์การเรียนรู้: ผู้เรียนอธิบายหลักการ วิเคราะห์ตัวอย่าง และปฏิบัติงานเกี่ยวกับ CI Fundamentals ได้ตามเกณฑ์,ความรู้เดิมที่ต้องใช้: ทบทวนความรู้พื้นฐานที่จำเป็นก่อนเรียน CI Fundamentals พร้อมคำถามตรวจความพร้อม,คำศัพท์สำคัญ: รวบรวมคำศัพท์หลักของ CI Fundamentals พร้อมความหมายและการใช้งานจริง,ความหมายและขอบเขต: นิยาม CI Fundamentals ขอบเขตงาน และสิ่งที่อยู่/ไม่อยู่ในขอบเขต,หลักการสำคัญ: แจกแจงหลักการสำคัญของ CI Fundamentals เป็นข้อ ๆ พร้อมเหตุผล,องค์ประกอบ/โครงสร้าง: แสดงองค์ประกอบหลัก ความสัมพันธ์ และลำดับการทำงานของ CI Fundamentals,ขั้นตอนการทำงาน 1: เริ่มต้นงาน CI Fundamentals: การเตรียมข้อมูล เครื่องมือ และเงื่อนไขก่อนทำ,ขั้นตอนการทำงาน 2: ขั้นดำเนินงานหลักของ CI Fundamentals พร้อมจุดตรวจสอบระหว่างทาง,ขั้นตอนการทำงาน 3: ขั้นตรวจผล บันทึกผล และส่งมอบงานของ CI Fundamentals,ตัวอย่างที่ถูกต้อง: ตัวอย่างการประยุกต์ CI Fundamentals ที่ถูกต้อง พร้อมอธิบายเหตุผลทีละส่วน,ตัวอย่างที่ผิดและเหตุผล: ตัวอย่างข้อผิดพลาดของ CI Fundamentals วิเคราะห์สาเหตุและผลกระทบ,สาธิต/กรณีตัวอย่าง: กรณีศึกษาจากสถานการณ์จริงหรือจำลองเกี่ยวกับ CI Fundamentals,ข้อผิดพลาดที่พบบ่อย: รวบรวม Common Mistake ของ CI Fundamentals และสัญญาณที่ใช้สังเกต,แนวทางแก้ปัญหา: Troubleshooting แบบเป็นลำดับสำหรับปัญหาที่เกิดระหว่างทำ CI Fundamentals,ความปลอดภัย/จริยธรรม: ข้อควรระวัง ความปลอดภัย กฎหมาย หรือจริยธรรมที่เกี่ยวข้องกับ CI Fundamentals,ภารกิจฝึกปฏิบัติ: กิจกรรมลงมือทำเกี่ยวกับ CI Fundamentals ให้ผู้เรียนสร้างหลักฐานผลงาน,ใบงานประจำหน่วย: อธิบายใบงานของหน่วย CI Fundamentals: เป้าหมาย งานที่ต้องส่ง รูปแบบ และกำหนดตรวจ,เกณฑ์ประเมินและสรุป: Rubric ประเมินความถูกต้อง กระบวนการ คุณภาพงาน และสรุป Key Takeaway ของ CI Fundamentals,คำถามทบทวนและคิดวิเคราะห์: คำถามทบทวน 3–5 ข้อและคำถามคิดวิเคราะห์ที่เชื่อม CI Fundamentals กับสถานการณ์จริง
31901-2008,การพัฒนาซอฟต์แวร์รูปแบบเดฟออปส์ (DevOps),6,Automated Testing,1) อธิบาย Automated Testing ได้ 2) วิเคราะห์/เลือกวิธีที่เหมาะสมได้ 3) ปฏิบัติงานหรือสร้างชิ้นงานเกี่ยวกับ Automated Testing ได้ 4) ตรวจสอบและสะท้อนผลการทำงานได้,ใบงานหน่วยที่ 6: Automated Testing,ภารกิจ 1 อธิบายแนวคิดหลักของ Automated Testing; ภารกิจ 2 วิเคราะห์ตัวอย่าง; ภารกิจ 3 ลงมือปฏิบัติ/สร้างชิ้นงาน; ภารกิจ 4 ตรวจข้อผิดพลาด; ภารกิจ 5 สรุปสิ่งที่เรียนรู้และแนบหลักฐาน,ชื่อหน่วยและภาพรวม: อธิบายภาพรวมของ Automated Testing และความเชื่อมโยงกับรายวิชา การพัฒนาซอฟต์แวร์รูปแบบเดฟออปส์ (DevOps),ผลลัพธ์การเรียนรู้: ผู้เรียนอธิบายหลักการ วิเคราะห์ตัวอย่าง และปฏิบัติงานเกี่ยวกับ Automated Testing ได้ตามเกณฑ์,ความรู้เดิมที่ต้องใช้: ทบทวนความรู้พื้นฐานที่จำเป็นก่อนเรียน Automated Testing พร้อมคำถามตรวจความพร้อม,คำศัพท์สำคัญ: รวบรวมคำศัพท์หลักของ Automated Testing พร้อมความหมายและการใช้งานจริง,ความหมายและขอบเขต: นิยาม Automated Testing ขอบเขตงาน และสิ่งที่อยู่/ไม่อยู่ในขอบเขต,หลักการสำคัญ: แจกแจงหลักการสำคัญของ Automated Testing เป็นข้อ ๆ พร้อมเหตุผล,องค์ประกอบ/โครงสร้าง: แสดงองค์ประกอบหลัก ความสัมพันธ์ และลำดับการทำงานของ Automated Testing,ขั้นตอนการทำงาน 1: เริ่มต้นงาน Automated Testing: การเตรียมข้อมูล เครื่องมือ และเงื่อนไขก่อนทำ,ขั้นตอนการทำงาน 2: ขั้นดำเนินงานหลักของ Automated Testing พร้อมจุดตรวจสอบระหว่างทาง,ขั้นตอนการทำงาน 3: ขั้นตรวจผล บันทึกผล และส่งมอบงานของ Automated Testing,ตัวอย่างที่ถูกต้อง: ตัวอย่างการประยุกต์ Automated Testing ที่ถูกต้อง พร้อมอธิบายเหตุผลทีละส่วน,ตัวอย่างที่ผิดและเหตุผล: ตัวอย่างข้อผิดพลาดของ Automated Testing วิเคราะห์สาเหตุและผลกระทบ,สาธิต/กรณีตัวอย่าง: กรณีศึกษาจากสถานการณ์จริงหรือจำลองเกี่ยวกับ Automated Testing,ข้อผิดพลาดที่พบบ่อย: รวบรวม Common Mistake ของ Automated Testing และสัญญาณที่ใช้สังเกต,แนวทางแก้ปัญหา: Troubleshooting แบบเป็นลำดับสำหรับปัญหาที่เกิดระหว่างทำ Automated Testing,ความปลอดภัย/จริยธรรม: ข้อควรระวัง ความปลอดภัย กฎหมาย หรือจริยธรรมที่เกี่ยวข้องกับ Automated Testing,ภารกิจฝึกปฏิบัติ: กิจกรรมลงมือทำเกี่ยวกับ Automated Testing ให้ผู้เรียนสร้างหลักฐานผลงาน,ใบงานประจำหน่วย: อธิบายใบงานของหน่วย Automated Testing: เป้าหมาย งานที่ต้องส่ง รูปแบบ และกำหนดตรวจ,เกณฑ์ประเมินและสรุป: Rubric ประเมินความถูกต้อง กระบวนการ คุณภาพงาน และสรุป Key Takeaway ของ Automated Testing,คำถามทบทวนและคิดวิเคราะห์: คำถามทบทวน 3–5 ข้อและคำถามคิดวิเคราะห์ที่เชื่อม Automated Testing กับสถานการณ์จริง
31901-2008,การพัฒนาซอฟต์แวร์รูปแบบเดฟออปส์ (DevOps),7,Build Pipeline,1) อธิบาย Build Pipeline ได้ 2) วิเคราะห์/เลือกวิธีที่เหมาะสมได้ 3) ปฏิบัติงานหรือสร้างชิ้นงานเกี่ยวกับ Build Pipeline ได้ 4) ตรวจสอบและสะท้อนผลการทำงานได้,ใบงานหน่วยที่ 7: Build Pipeline,ภารกิจ 1 อธิบายแนวคิดหลักของ Build Pipeline; ภารกิจ 2 วิเคราะห์ตัวอย่าง; ภารกิจ 3 ลงมือปฏิบัติ/สร้างชิ้นงาน; ภารกิจ 4 ตรวจข้อผิดพลาด; ภารกิจ 5 สรุปสิ่งที่เรียนรู้และแนบหลักฐาน,ชื่อหน่วยและภาพรวม: อธิบายภาพรวมของ Build Pipeline และความเชื่อมโยงกับรายวิชา การพัฒนาซอฟต์แวร์รูปแบบเดฟออปส์ (DevOps),ผลลัพธ์การเรียนรู้: ผู้เรียนอธิบายหลักการ วิเคราะห์ตัวอย่าง และปฏิบัติงานเกี่ยวกับ Build Pipeline ได้ตามเกณฑ์,ความรู้เดิมที่ต้องใช้: ทบทวนความรู้พื้นฐานที่จำเป็นก่อนเรียน Build Pipeline พร้อมคำถามตรวจความพร้อม,คำศัพท์สำคัญ: รวบรวมคำศัพท์หลักของ Build Pipeline พร้อมความหมายและการใช้งานจริง,ความหมายและขอบเขต: นิยาม Build Pipeline ขอบเขตงาน และสิ่งที่อยู่/ไม่อยู่ในขอบเขต,หลักการสำคัญ: แจกแจงหลักการสำคัญของ Build Pipeline เป็นข้อ ๆ พร้อมเหตุผล,องค์ประกอบ/โครงสร้าง: แสดงองค์ประกอบหลัก ความสัมพันธ์ และลำดับการทำงานของ Build Pipeline,ขั้นตอนการทำงาน 1: เริ่มต้นงาน Build Pipeline: การเตรียมข้อมูล เครื่องมือ และเงื่อนไขก่อนทำ,ขั้นตอนการทำงาน 2: ขั้นดำเนินงานหลักของ Build Pipeline พร้อมจุดตรวจสอบระหว่างทาง,ขั้นตอนการทำงาน 3: ขั้นตรวจผล บันทึกผล และส่งมอบงานของ Build Pipeline,ตัวอย่างที่ถูกต้อง: ตัวอย่างการประยุกต์ Build Pipeline ที่ถูกต้อง พร้อมอธิบายเหตุผลทีละส่วน,ตัวอย่างที่ผิดและเหตุผล: ตัวอย่างข้อผิดพลาดของ Build Pipeline วิเคราะห์สาเหตุและผลกระทบ,สาธิต/กรณีตัวอย่าง: กรณีศึกษาจากสถานการณ์จริงหรือจำลองเกี่ยวกับ Build Pipeline,ข้อผิดพลาดที่พบบ่อย: รวบรวม Common Mistake ของ Build Pipeline และสัญญาณที่ใช้สังเกต,แนวทางแก้ปัญหา: Troubleshooting แบบเป็นลำดับสำหรับปัญหาที่เกิดระหว่างทำ Build Pipeline,ความปลอดภัย/จริยธรรม: ข้อควรระวัง ความปลอดภัย กฎหมาย หรือจริยธรรมที่เกี่ยวข้องกับ Build Pipeline,ภารกิจฝึกปฏิบัติ: กิจกรรมลงมือทำเกี่ยวกับ Build Pipeline ให้ผู้เรียนสร้างหลักฐานผลงาน,ใบงานประจำหน่วย: อธิบายใบงานของหน่วย Build Pipeline: เป้าหมาย งานที่ต้องส่ง รูปแบบ และกำหนดตรวจ,เกณฑ์ประเมินและสรุป: Rubric ประเมินความถูกต้อง กระบวนการ คุณภาพงาน และสรุป Key Takeaway ของ Build Pipeline,คำถามทบทวนและคิดวิเคราะห์: คำถามทบทวน 3–5 ข้อและคำถามคิดวิเคราะห์ที่เชื่อม Build Pipeline กับสถานการณ์จริง
31901-2008,การพัฒนาซอฟต์แวร์รูปแบบเดฟออปส์ (DevOps),8,Artifact Management,1) อธิบาย Artifact Management ได้ 2) วิเคราะห์/เลือกวิธีที่เหมาะสมได้ 3) ปฏิบัติงานหรือสร้างชิ้นงานเกี่ยวกับ Artifact Management ได้ 4) ตรวจสอบและสะท้อนผลการทำงานได้,ใบงานหน่วยที่ 8: Artifact Management,ภารกิจ 1 อธิบายแนวคิดหลักของ Artifact Management; ภารกิจ 2 วิเคราะห์ตัวอย่าง; ภารกิจ 3 ลงมือปฏิบัติ/สร้างชิ้นงาน; ภารกิจ 4 ตรวจข้อผิดพลาด; ภารกิจ 5 สรุปสิ่งที่เรียนรู้และแนบหลักฐาน,ชื่อหน่วยและภาพรวม: อธิบายภาพรวมของ Artifact Management และความเชื่อมโยงกับรายวิชา การพัฒนาซอฟต์แวร์รูปแบบเดฟออปส์ (DevOps),ผลลัพธ์การเรียนรู้: ผู้เรียนอธิบายหลักการ วิเคราะห์ตัวอย่าง และปฏิบัติงานเกี่ยวกับ Artifact Management ได้ตามเกณฑ์,ความรู้เดิมที่ต้องใช้: ทบทวนความรู้พื้นฐานที่จำเป็นก่อนเรียน Artifact Management พร้อมคำถามตรวจความพร้อม,คำศัพท์สำคัญ: รวบรวมคำศัพท์หลักของ Artifact Management พร้อมความหมายและการใช้งานจริง,ความหมายและขอบเขต: นิยาม Artifact Management ขอบเขตงาน และสิ่งที่อยู่/ไม่อยู่ในขอบเขต,หลักการสำคัญ: แจกแจงหลักการสำคัญของ Artifact Management เป็นข้อ ๆ พร้อมเหตุผล,องค์ประกอบ/โครงสร้าง: แสดงองค์ประกอบหลัก ความสัมพันธ์ และลำดับการทำงานของ Artifact Management,ขั้นตอนการทำงาน 1: เริ่มต้นงาน Artifact Management: การเตรียมข้อมูล เครื่องมือ และเงื่อนไขก่อนทำ,ขั้นตอนการทำงาน 2: ขั้นดำเนินงานหลักของ Artifact Management พร้อมจุดตรวจสอบระหว่างทาง,ขั้นตอนการทำงาน 3: ขั้นตรวจผล บันทึกผล และส่งมอบงานของ Artifact Management,ตัวอย่างที่ถูกต้อง: ตัวอย่างการประยุกต์ Artifact Management ที่ถูกต้อง พร้อมอธิบายเหตุผลทีละส่วน,ตัวอย่างที่ผิดและเหตุผล: ตัวอย่างข้อผิดพลาดของ Artifact Management วิเคราะห์สาเหตุและผลกระทบ,สาธิต/กรณีตัวอย่าง: กรณีศึกษาจากสถานการณ์จริงหรือจำลองเกี่ยวกับ Artifact Management,ข้อผิดพลาดที่พบบ่อย: รวบรวม Common Mistake ของ Artifact Management และสัญญาณที่ใช้สังเกต,แนวทางแก้ปัญหา: Troubleshooting แบบเป็นลำดับสำหรับปัญหาที่เกิดระหว่างทำ Artifact Management,ความปลอดภัย/จริยธรรม: ข้อควรระวัง ความปลอดภัย กฎหมาย หรือจริยธรรมที่เกี่ยวข้องกับ Artifact Management,ภารกิจฝึกปฏิบัติ: กิจกรรมลงมือทำเกี่ยวกับ Artifact Management ให้ผู้เรียนสร้างหลักฐานผลงาน,ใบงานประจำหน่วย: อธิบายใบงานของหน่วย Artifact Management: เป้าหมาย งานที่ต้องส่ง รูปแบบ และกำหนดตรวจ,เกณฑ์ประเมินและสรุป: Rubric ประเมินความถูกต้อง กระบวนการ คุณภาพงาน และสรุป Key Takeaway ของ Artifact Management,คำถามทบทวนและคิดวิเคราะห์: คำถามทบทวน 3–5 ข้อและคำถามคิดวิเคราะห์ที่เชื่อม Artifact Management กับสถานการณ์จริง
31901-2008,การพัฒนาซอฟต์แวร์รูปแบบเดฟออปส์ (DevOps),9,Container Fundamentals,1) อธิบาย Container Fundamentals ได้ 2) วิเคราะห์/เลือกวิธีที่เหมาะสมได้ 3) ปฏิบัติงานหรือสร้างชิ้นงานเกี่ยวกับ Container Fundamentals ได้ 4) ตรวจสอบและสะท้อนผลการทำงานได้,ใบงานหน่วยที่ 9: Container Fundamentals,ภารกิจ 1 อธิบายแนวคิดหลักของ Container Fundamentals; ภารกิจ 2 วิเคราะห์ตัวอย่าง; ภารกิจ 3 ลงมือปฏิบัติ/สร้างชิ้นงาน; ภารกิจ 4 ตรวจข้อผิดพลาด; ภารกิจ 5 สรุปสิ่งที่เรียนรู้และแนบหลักฐาน,ชื่อหน่วยและภาพรวม: อธิบายภาพรวมของ Container Fundamentals และความเชื่อมโยงกับรายวิชา การพัฒนาซอฟต์แวร์รูปแบบเดฟออปส์ (DevOps),ผลลัพธ์การเรียนรู้: ผู้เรียนอธิบายหลักการ วิเคราะห์ตัวอย่าง และปฏิบัติงานเกี่ยวกับ Container Fundamentals ได้ตามเกณฑ์,ความรู้เดิมที่ต้องใช้: ทบทวนความรู้พื้นฐานที่จำเป็นก่อนเรียน Container Fundamentals พร้อมคำถามตรวจความพร้อม,คำศัพท์สำคัญ: รวบรวมคำศัพท์หลักของ Container Fundamentals พร้อมความหมายและการใช้งานจริง,ความหมายและขอบเขต: นิยาม Container Fundamentals ขอบเขตงาน และสิ่งที่อยู่/ไม่อยู่ในขอบเขต,หลักการสำคัญ: แจกแจงหลักการสำคัญของ Container Fundamentals เป็นข้อ ๆ พร้อมเหตุผล,องค์ประกอบ/โครงสร้าง: แสดงองค์ประกอบหลัก ความสัมพันธ์ และลำดับการทำงานของ Container Fundamentals,ขั้นตอนการทำงาน 1: เริ่มต้นงาน Container Fundamentals: การเตรียมข้อมูล เครื่องมือ และเงื่อนไขก่อนทำ,ขั้นตอนการทำงาน 2: ขั้นดำเนินงานหลักของ Container Fundamentals พร้อมจุดตรวจสอบระหว่างทาง,ขั้นตอนการทำงาน 3: ขั้นตรวจผล บันทึกผล และส่งมอบงานของ Container Fundamentals,ตัวอย่างที่ถูกต้อง: ตัวอย่างการประยุกต์ Container Fundamentals ที่ถูกต้อง พร้อมอธิบายเหตุผลทีละส่วน,ตัวอย่างที่ผิดและเหตุผล: ตัวอย่างข้อผิดพลาดของ Container Fundamentals วิเคราะห์สาเหตุและผลกระทบ,สาธิต/กรณีตัวอย่าง: กรณีศึกษาจากสถานการณ์จริงหรือจำลองเกี่ยวกับ Container Fundamentals,ข้อผิดพลาดที่พบบ่อย: รวบรวม Common Mistake ของ Container Fundamentals และสัญญาณที่ใช้สังเกต,แนวทางแก้ปัญหา: Troubleshooting แบบเป็นลำดับสำหรับปัญหาที่เกิดระหว่างทำ Container Fundamentals,ความปลอดภัย/จริยธรรม: ข้อควรระวัง ความปลอดภัย กฎหมาย หรือจริยธรรมที่เกี่ยวข้องกับ Container Fundamentals,ภารกิจฝึกปฏิบัติ: กิจกรรมลงมือทำเกี่ยวกับ Container Fundamentals ให้ผู้เรียนสร้างหลักฐานผลงาน,ใบงานประจำหน่วย: อธิบายใบงานของหน่วย Container Fundamentals: เป้าหมาย งานที่ต้องส่ง รูปแบบ และกำหนดตรวจ,เกณฑ์ประเมินและสรุป: Rubric ประเมินความถูกต้อง กระบวนการ คุณภาพงาน และสรุป Key Takeaway ของ Container Fundamentals,คำถามทบทวนและคิดวิเคราะห์: คำถามทบทวน 3–5 ข้อและคำถามคิดวิเคราะห์ที่เชื่อม Container Fundamentals กับสถานการณ์จริง
31901-2008,การพัฒนาซอฟต์แวร์รูปแบบเดฟออปส์ (DevOps),10,Docker Workflow,1) อธิบาย Docker Workflow ได้ 2) วิเคราะห์/เลือกวิธีที่เหมาะสมได้ 3) ปฏิบัติงานหรือสร้างชิ้นงานเกี่ยวกับ Docker Workflow ได้ 4) ตรวจสอบและสะท้อนผลการทำงานได้,ใบงานหน่วยที่ 10: Docker Workflow,ภารกิจ 1 อธิบายแนวคิดหลักของ Docker Workflow; ภารกิจ 2 วิเคราะห์ตัวอย่าง; ภารกิจ 3 ลงมือปฏิบัติ/สร้างชิ้นงาน; ภารกิจ 4 ตรวจข้อผิดพลาด; ภารกิจ 5 สรุปสิ่งที่เรียนรู้และแนบหลักฐาน,ชื่อหน่วยและภาพรวม: อธิบายภาพรวมของ Docker Workflow และความเชื่อมโยงกับรายวิชา การพัฒนาซอฟต์แวร์รูปแบบเดฟออปส์ (DevOps),ผลลัพธ์การเรียนรู้: ผู้เรียนอธิบายหลักการ วิเคราะห์ตัวอย่าง และปฏิบัติงานเกี่ยวกับ Docker Workflow ได้ตามเกณฑ์,ความรู้เดิมที่ต้องใช้: ทบทวนความรู้พื้นฐานที่จำเป็นก่อนเรียน Docker Workflow พร้อมคำถามตรวจความพร้อม,คำศัพท์สำคัญ: รวบรวมคำศัพท์หลักของ Docker Workflow พร้อมความหมายและการใช้งานจริง,ความหมายและขอบเขต: นิยาม Docker Workflow ขอบเขตงาน และสิ่งที่อยู่/ไม่อยู่ในขอบเขต,หลักการสำคัญ: แจกแจงหลักการสำคัญของ Docker Workflow เป็นข้อ ๆ พร้อมเหตุผล,องค์ประกอบ/โครงสร้าง: แสดงองค์ประกอบหลัก ความสัมพันธ์ และลำดับการทำงานของ Docker Workflow,ขั้นตอนการทำงาน 1: เริ่มต้นงาน Docker Workflow: การเตรียมข้อมูล เครื่องมือ และเงื่อนไขก่อนทำ,ขั้นตอนการทำงาน 2: ขั้นดำเนินงานหลักของ Docker Workflow พร้อมจุดตรวจสอบระหว่างทาง,ขั้นตอนการทำงาน 3: ขั้นตรวจผล บันทึกผล และส่งมอบงานของ Docker Workflow,ตัวอย่างที่ถูกต้อง: ตัวอย่างการประยุกต์ Docker Workflow ที่ถูกต้อง พร้อมอธิบายเหตุผลทีละส่วน,ตัวอย่างที่ผิดและเหตุผล: ตัวอย่างข้อผิดพลาดของ Docker Workflow วิเคราะห์สาเหตุและผลกระทบ,สาธิต/กรณีตัวอย่าง: กรณีศึกษาจากสถานการณ์จริงหรือจำลองเกี่ยวกับ Docker Workflow,ข้อผิดพลาดที่พบบ่อย: รวบรวม Common Mistake ของ Docker Workflow และสัญญาณที่ใช้สังเกต,แนวทางแก้ปัญหา: Troubleshooting แบบเป็นลำดับสำหรับปัญหาที่เกิดระหว่างทำ Docker Workflow,ความปลอดภัย/จริยธรรม: ข้อควรระวัง ความปลอดภัย กฎหมาย หรือจริยธรรมที่เกี่ยวข้องกับ Docker Workflow,ภารกิจฝึกปฏิบัติ: กิจกรรมลงมือทำเกี่ยวกับ Docker Workflow ให้ผู้เรียนสร้างหลักฐานผลงาน,ใบงานประจำหน่วย: อธิบายใบงานของหน่วย Docker Workflow: เป้าหมาย งานที่ต้องส่ง รูปแบบ และกำหนดตรวจ,เกณฑ์ประเมินและสรุป: Rubric ประเมินความถูกต้อง กระบวนการ คุณภาพงาน และสรุป Key Takeaway ของ Docker Workflow,คำถามทบทวนและคิดวิเคราะห์: คำถามทบทวน 3–5 ข้อและคำถามคิดวิเคราะห์ที่เชื่อม Docker Workflow กับสถานการณ์จริง
31901-2008,การพัฒนาซอฟต์แวร์รูปแบบเดฟออปส์ (DevOps),11,Environment Configuration,1) อธิบาย Environment Configuration ได้ 2) วิเคราะห์/เลือกวิธีที่เหมาะสมได้ 3) ปฏิบัติงานหรือสร้างชิ้นงานเกี่ยวกับ Environment Configuration ได้ 4) ตรวจสอบและสะท้อนผลการทำงานได้,ใบงานหน่วยที่ 11: Environment Configuration,ภารกิจ 1 อธิบายแนวคิดหลักของ Environment Configuration; ภารกิจ 2 วิเคราะห์ตัวอย่าง; ภารกิจ 3 ลงมือปฏิบัติ/สร้างชิ้นงาน; ภารกิจ 4 ตรวจข้อผิดพลาด; ภารกิจ 5 สรุปสิ่งที่เรียนรู้และแนบหลักฐาน,ชื่อหน่วยและภาพรวม: อธิบายภาพรวมของ Environment Configuration และความเชื่อมโยงกับรายวิชา การพัฒนาซอฟต์แวร์รูปแบบเดฟออปส์ (DevOps),ผลลัพธ์การเรียนรู้: ผู้เรียนอธิบายหลักการ วิเคราะห์ตัวอย่าง และปฏิบัติงานเกี่ยวกับ Environment Configuration ได้ตามเกณฑ์,ความรู้เดิมที่ต้องใช้: ทบทวนความรู้พื้นฐานที่จำเป็นก่อนเรียน Environment Configuration พร้อมคำถามตรวจความพร้อม,คำศัพท์สำคัญ: รวบรวมคำศัพท์หลักของ Environment Configuration พร้อมความหมายและการใช้งานจริง,ความหมายและขอบเขต: นิยาม Environment Configuration ขอบเขตงาน และสิ่งที่อยู่/ไม่อยู่ในขอบเขต,หลักการสำคัญ: แจกแจงหลักการสำคัญของ Environment Configuration เป็นข้อ ๆ พร้อมเหตุผล,องค์ประกอบ/โครงสร้าง: แสดงองค์ประกอบหลัก ความสัมพันธ์ และลำดับการทำงานของ Environment Configuration,ขั้นตอนการทำงาน 1: เริ่มต้นงาน Environment Configuration: การเตรียมข้อมูล เครื่องมือ และเงื่อนไขก่อนทำ,ขั้นตอนการทำงาน 2: ขั้นดำเนินงานหลักของ Environment Configuration พร้อมจุดตรวจสอบระหว่างทาง,ขั้นตอนการทำงาน 3: ขั้นตรวจผล บันทึกผล และส่งมอบงานของ Environment Configuration,ตัวอย่างที่ถูกต้อง: ตัวอย่างการประยุกต์ Environment Configuration ที่ถูกต้อง พร้อมอธิบายเหตุผลทีละส่วน,ตัวอย่างที่ผิดและเหตุผล: ตัวอย่างข้อผิดพลาดของ Environment Configuration วิเคราะห์สาเหตุและผลกระทบ,สาธิต/กรณีตัวอย่าง: กรณีศึกษาจากสถานการณ์จริงหรือจำลองเกี่ยวกับ Environment Configuration,ข้อผิดพลาดที่พบบ่อย: รวบรวม Common Mistake ของ Environment Configuration และสัญญาณที่ใช้สังเกต,แนวทางแก้ปัญหา: Troubleshooting แบบเป็นลำดับสำหรับปัญหาที่เกิดระหว่างทำ Environment Configuration,ความปลอดภัย/จริยธรรม: ข้อควรระวัง ความปลอดภัย กฎหมาย หรือจริยธรรมที่เกี่ยวข้องกับ Environment Configuration,ภารกิจฝึกปฏิบัติ: กิจกรรมลงมือทำเกี่ยวกับ Environment Configuration ให้ผู้เรียนสร้างหลักฐานผลงาน,ใบงานประจำหน่วย: อธิบายใบงานของหน่วย Environment Configuration: เป้าหมาย งานที่ต้องส่ง รูปแบบ และกำหนดตรวจ,เกณฑ์ประเมินและสรุป: Rubric ประเมินความถูกต้อง กระบวนการ คุณภาพงาน และสรุป Key Takeaway ของ Environment Configuration,คำถามทบทวนและคิดวิเคราะห์: คำถามทบทวน 3–5 ข้อและคำถามคิดวิเคราะห์ที่เชื่อม Environment Configuration กับสถานการณ์จริง
31901-2008,การพัฒนาซอฟต์แวร์รูปแบบเดฟออปส์ (DevOps),12,CD Fundamentals,1) อธิบาย CD Fundamentals ได้ 2) วิเคราะห์/เลือกวิธีที่เหมาะสมได้ 3) ปฏิบัติงานหรือสร้างชิ้นงานเกี่ยวกับ CD Fundamentals ได้ 4) ตรวจสอบและสะท้อนผลการทำงานได้,ใบงานหน่วยที่ 12: CD Fundamentals,ภารกิจ 1 อธิบายแนวคิดหลักของ CD Fundamentals; ภารกิจ 2 วิเคราะห์ตัวอย่าง; ภารกิจ 3 ลงมือปฏิบัติ/สร้างชิ้นงาน; ภารกิจ 4 ตรวจข้อผิดพลาด; ภารกิจ 5 สรุปสิ่งที่เรียนรู้และแนบหลักฐาน,ชื่อหน่วยและภาพรวม: อธิบายภาพรวมของ CD Fundamentals และความเชื่อมโยงกับรายวิชา การพัฒนาซอฟต์แวร์รูปแบบเดฟออปส์ (DevOps),ผลลัพธ์การเรียนรู้: ผู้เรียนอธิบายหลักการ วิเคราะห์ตัวอย่าง และปฏิบัติงานเกี่ยวกับ CD Fundamentals ได้ตามเกณฑ์,ความรู้เดิมที่ต้องใช้: ทบทวนความรู้พื้นฐานที่จำเป็นก่อนเรียน CD Fundamentals พร้อมคำถามตรวจความพร้อม,คำศัพท์สำคัญ: รวบรวมคำศัพท์หลักของ CD Fundamentals พร้อมความหมายและการใช้งานจริง,ความหมายและขอบเขต: นิยาม CD Fundamentals ขอบเขตงาน และสิ่งที่อยู่/ไม่อยู่ในขอบเขต,หลักการสำคัญ: แจกแจงหลักการสำคัญของ CD Fundamentals เป็นข้อ ๆ พร้อมเหตุผล,องค์ประกอบ/โครงสร้าง: แสดงองค์ประกอบหลัก ความสัมพันธ์ และลำดับการทำงานของ CD Fundamentals,ขั้นตอนการทำงาน 1: เริ่มต้นงาน CD Fundamentals: การเตรียมข้อมูล เครื่องมือ และเงื่อนไขก่อนทำ,ขั้นตอนการทำงาน 2: ขั้นดำเนินงานหลักของ CD Fundamentals พร้อมจุดตรวจสอบระหว่างทาง,ขั้นตอนการทำงาน 3: ขั้นตรวจผล บันทึกผล และส่งมอบงานของ CD Fundamentals,ตัวอย่างที่ถูกต้อง: ตัวอย่างการประยุกต์ CD Fundamentals ที่ถูกต้อง พร้อมอธิบายเหตุผลทีละส่วน,ตัวอย่างที่ผิดและเหตุผล: ตัวอย่างข้อผิดพลาดของ CD Fundamentals วิเคราะห์สาเหตุและผลกระทบ,สาธิต/กรณีตัวอย่าง: กรณีศึกษาจากสถานการณ์จริงหรือจำลองเกี่ยวกับ CD Fundamentals,ข้อผิดพลาดที่พบบ่อย: รวบรวม Common Mistake ของ CD Fundamentals และสัญญาณที่ใช้สังเกต,แนวทางแก้ปัญหา: Troubleshooting แบบเป็นลำดับสำหรับปัญหาที่เกิดระหว่างทำ CD Fundamentals,ความปลอดภัย/จริยธรรม: ข้อควรระวัง ความปลอดภัย กฎหมาย หรือจริยธรรมที่เกี่ยวข้องกับ CD Fundamentals,ภารกิจฝึกปฏิบัติ: กิจกรรมลงมือทำเกี่ยวกับ CD Fundamentals ให้ผู้เรียนสร้างหลักฐานผลงาน,ใบงานประจำหน่วย: อธิบายใบงานของหน่วย CD Fundamentals: เป้าหมาย งานที่ต้องส่ง รูปแบบ และกำหนดตรวจ,เกณฑ์ประเมินและสรุป: Rubric ประเมินความถูกต้อง กระบวนการ คุณภาพงาน และสรุป Key Takeaway ของ CD Fundamentals,คำถามทบทวนและคิดวิเคราะห์: คำถามทบทวน 3–5 ข้อและคำถามคิดวิเคราะห์ที่เชื่อม CD Fundamentals กับสถานการณ์จริง
31901-2008,การพัฒนาซอฟต์แวร์รูปแบบเดฟออปส์ (DevOps),13,Infrastructure as Code,1) อธิบาย Infrastructure as Code ได้ 2) วิเคราะห์/เลือกวิธีที่เหมาะสมได้ 3) ปฏิบัติงานหรือสร้างชิ้นงานเกี่ยวกับ Infrastructure as Code ได้ 4) ตรวจสอบและสะท้อนผลการทำงานได้,ใบงานหน่วยที่ 13: Infrastructure as Code,ภารกิจ 1 อธิบายแนวคิดหลักของ Infrastructure as Code; ภารกิจ 2 วิเคราะห์ตัวอย่าง; ภารกิจ 3 ลงมือปฏิบัติ/สร้างชิ้นงาน; ภารกิจ 4 ตรวจข้อผิดพลาด; ภารกิจ 5 สรุปสิ่งที่เรียนรู้และแนบหลักฐาน,ชื่อหน่วยและภาพรวม: อธิบายภาพรวมของ Infrastructure as Code และความเชื่อมโยงกับรายวิชา การพัฒนาซอฟต์แวร์รูปแบบเดฟออปส์ (DevOps),ผลลัพธ์การเรียนรู้: ผู้เรียนอธิบายหลักการ วิเคราะห์ตัวอย่าง และปฏิบัติงานเกี่ยวกับ Infrastructure as Code ได้ตามเกณฑ์,ความรู้เดิมที่ต้องใช้: ทบทวนความรู้พื้นฐานที่จำเป็นก่อนเรียน Infrastructure as Code พร้อมคำถามตรวจความพร้อม,คำศัพท์สำคัญ: รวบรวมคำศัพท์หลักของ Infrastructure as Code พร้อมความหมายและการใช้งานจริง,ความหมายและขอบเขต: นิยาม Infrastructure as Code ขอบเขตงาน และสิ่งที่อยู่/ไม่อยู่ในขอบเขต,หลักการสำคัญ: แจกแจงหลักการสำคัญของ Infrastructure as Code เป็นข้อ ๆ พร้อมเหตุผล,องค์ประกอบ/โครงสร้าง: แสดงองค์ประกอบหลัก ความสัมพันธ์ และลำดับการทำงานของ Infrastructure as Code,ขั้นตอนการทำงาน 1: เริ่มต้นงาน Infrastructure as Code: การเตรียมข้อมูล เครื่องมือ และเงื่อนไขก่อนทำ,ขั้นตอนการทำงาน 2: ขั้นดำเนินงานหลักของ Infrastructure as Code พร้อมจุดตรวจสอบระหว่างทาง,ขั้นตอนการทำงาน 3: ขั้นตรวจผล บันทึกผล และส่งมอบงานของ Infrastructure as Code,ตัวอย่างที่ถูกต้อง: ตัวอย่างการประยุกต์ Infrastructure as Code ที่ถูกต้อง พร้อมอธิบายเหตุผลทีละส่วน,ตัวอย่างที่ผิดและเหตุผล: ตัวอย่างข้อผิดพลาดของ Infrastructure as Code วิเคราะห์สาเหตุและผลกระทบ,สาธิต/กรณีตัวอย่าง: กรณีศึกษาจากสถานการณ์จริงหรือจำลองเกี่ยวกับ Infrastructure as Code,ข้อผิดพลาดที่พบบ่อย: รวบรวม Common Mistake ของ Infrastructure as Code และสัญญาณที่ใช้สังเกต,แนวทางแก้ปัญหา: Troubleshooting แบบเป็นลำดับสำหรับปัญหาที่เกิดระหว่างทำ Infrastructure as Code,ความปลอดภัย/จริยธรรม: ข้อควรระวัง ความปลอดภัย กฎหมาย หรือจริยธรรมที่เกี่ยวข้องกับ Infrastructure as Code,ภารกิจฝึกปฏิบัติ: กิจกรรมลงมือทำเกี่ยวกับ Infrastructure as Code ให้ผู้เรียนสร้างหลักฐานผลงาน,ใบงานประจำหน่วย: อธิบายใบงานของหน่วย Infrastructure as Code: เป้าหมาย งานที่ต้องส่ง รูปแบบ และกำหนดตรวจ,เกณฑ์ประเมินและสรุป: Rubric ประเมินความถูกต้อง กระบวนการ คุณภาพงาน และสรุป Key Takeaway ของ Infrastructure as Code,คำถามทบทวนและคิดวิเคราะห์: คำถามทบทวน 3–5 ข้อและคำถามคิดวิเคราะห์ที่เชื่อม Infrastructure as Code กับสถานการณ์จริง
31901-2008,การพัฒนาซอฟต์แวร์รูปแบบเดฟออปส์ (DevOps),14,Monitoring และ Logging,1) อธิบาย Monitoring และ Logging ได้ 2) วิเคราะห์/เลือกวิธีที่เหมาะสมได้ 3) ปฏิบัติงานหรือสร้างชิ้นงานเกี่ยวกับ Monitoring และ Logging ได้ 4) ตรวจสอบและสะท้อนผลการทำงานได้,ใบงานหน่วยที่ 14: Monitoring และ Logging,ภารกิจ 1 อธิบายแนวคิดหลักของ Monitoring และ Logging; ภารกิจ 2 วิเคราะห์ตัวอย่าง; ภารกิจ 3 ลงมือปฏิบัติ/สร้างชิ้นงาน; ภารกิจ 4 ตรวจข้อผิดพลาด; ภารกิจ 5 สรุปสิ่งที่เรียนรู้และแนบหลักฐาน,ชื่อหน่วยและภาพรวม: อธิบายภาพรวมของ Monitoring และ Logging และความเชื่อมโยงกับรายวิชา การพัฒนาซอฟต์แวร์รูปแบบเดฟออปส์ (DevOps),ผลลัพธ์การเรียนรู้: ผู้เรียนอธิบายหลักการ วิเคราะห์ตัวอย่าง และปฏิบัติงานเกี่ยวกับ Monitoring และ Logging ได้ตามเกณฑ์,ความรู้เดิมที่ต้องใช้: ทบทวนความรู้พื้นฐานที่จำเป็นก่อนเรียน Monitoring และ Logging พร้อมคำถามตรวจความพร้อม,คำศัพท์สำคัญ: รวบรวมคำศัพท์หลักของ Monitoring และ Logging พร้อมความหมายและการใช้งานจริง,ความหมายและขอบเขต: นิยาม Monitoring และ Logging ขอบเขตงาน และสิ่งที่อยู่/ไม่อยู่ในขอบเขต,หลักการสำคัญ: แจกแจงหลักการสำคัญของ Monitoring และ Logging เป็นข้อ ๆ พร้อมเหตุผล,องค์ประกอบ/โครงสร้าง: แสดงองค์ประกอบหลัก ความสัมพันธ์ และลำดับการทำงานของ Monitoring และ Logging,ขั้นตอนการทำงาน 1: เริ่มต้นงาน Monitoring และ Logging: การเตรียมข้อมูล เครื่องมือ และเงื่อนไขก่อนทำ,ขั้นตอนการทำงาน 2: ขั้นดำเนินงานหลักของ Monitoring และ Logging พร้อมจุดตรวจสอบระหว่างทาง,ขั้นตอนการทำงาน 3: ขั้นตรวจผล บันทึกผล และส่งมอบงานของ Monitoring และ Logging,ตัวอย่างที่ถูกต้อง: ตัวอย่างการประยุกต์ Monitoring และ Logging ที่ถูกต้อง พร้อมอธิบายเหตุผลทีละส่วน,ตัวอย่างที่ผิดและเหตุผล: ตัวอย่างข้อผิดพลาดของ Monitoring และ Logging วิเคราะห์สาเหตุและผลกระทบ,สาธิต/กรณีตัวอย่าง: กรณีศึกษาจากสถานการณ์จริงหรือจำลองเกี่ยวกับ Monitoring และ Logging,ข้อผิดพลาดที่พบบ่อย: รวบรวม Common Mistake ของ Monitoring และ Logging และสัญญาณที่ใช้สังเกต,แนวทางแก้ปัญหา: Troubleshooting แบบเป็นลำดับสำหรับปัญหาที่เกิดระหว่างทำ Monitoring และ Logging,ความปลอดภัย/จริยธรรม: ข้อควรระวัง ความปลอดภัย กฎหมาย หรือจริยธรรมที่เกี่ยวข้องกับ Monitoring และ Logging,ภารกิจฝึกปฏิบัติ: กิจกรรมลงมือทำเกี่ยวกับ Monitoring และ Logging ให้ผู้เรียนสร้างหลักฐานผลงาน,ใบงานประจำหน่วย: อธิบายใบงานของหน่วย Monitoring และ Logging: เป้าหมาย งานที่ต้องส่ง รูปแบบ และกำหนดตรวจ,เกณฑ์ประเมินและสรุป: Rubric ประเมินความถูกต้อง กระบวนการ คุณภาพงาน และสรุป Key Takeaway ของ Monitoring และ Logging,คำถามทบทวนและคิดวิเคราะห์: คำถามทบทวน 3–5 ข้อและคำถามคิดวิเคราะห์ที่เชื่อม Monitoring และ Logging กับสถานการณ์จริง
31901-2008,การพัฒนาซอฟต์แวร์รูปแบบเดฟออปส์ (DevOps),15,Security ใน Pipeline,1) อธิบาย Security ใน Pipeline ได้ 2) วิเคราะห์/เลือกวิธีที่เหมาะสมได้ 3) ปฏิบัติงานหรือสร้างชิ้นงานเกี่ยวกับ Security ใน Pipeline ได้ 4) ตรวจสอบและสะท้อนผลการทำงานได้,ใบงานหน่วยที่ 15: Security ใน Pipeline,ภารกิจ 1 อธิบายแนวคิดหลักของ Security ใน Pipeline; ภารกิจ 2 วิเคราะห์ตัวอย่าง; ภารกิจ 3 ลงมือปฏิบัติ/สร้างชิ้นงาน; ภารกิจ 4 ตรวจข้อผิดพลาด; ภารกิจ 5 สรุปสิ่งที่เรียนรู้และแนบหลักฐาน,ชื่อหน่วยและภาพรวม: อธิบายภาพรวมของ Security ใน Pipeline และความเชื่อมโยงกับรายวิชา การพัฒนาซอฟต์แวร์รูปแบบเดฟออปส์ (DevOps),ผลลัพธ์การเรียนรู้: ผู้เรียนอธิบายหลักการ วิเคราะห์ตัวอย่าง และปฏิบัติงานเกี่ยวกับ Security ใน Pipeline ได้ตามเกณฑ์,ความรู้เดิมที่ต้องใช้: ทบทวนความรู้พื้นฐานที่จำเป็นก่อนเรียน Security ใน Pipeline พร้อมคำถามตรวจความพร้อม,คำศัพท์สำคัญ: รวบรวมคำศัพท์หลักของ Security ใน Pipeline พร้อมความหมายและการใช้งานจริง,ความหมายและขอบเขต: นิยาม Security ใน Pipeline ขอบเขตงาน และสิ่งที่อยู่/ไม่อยู่ในขอบเขต,หลักการสำคัญ: แจกแจงหลักการสำคัญของ Security ใน Pipeline เป็นข้อ ๆ พร้อมเหตุผล,องค์ประกอบ/โครงสร้าง: แสดงองค์ประกอบหลัก ความสัมพันธ์ และลำดับการทำงานของ Security ใน Pipeline,ขั้นตอนการทำงาน 1: เริ่มต้นงาน Security ใน Pipeline: การเตรียมข้อมูล เครื่องมือ และเงื่อนไขก่อนทำ,ขั้นตอนการทำงาน 2: ขั้นดำเนินงานหลักของ Security ใน Pipeline พร้อมจุดตรวจสอบระหว่างทาง,ขั้นตอนการทำงาน 3: ขั้นตรวจผล บันทึกผล และส่งมอบงานของ Security ใน Pipeline,ตัวอย่างที่ถูกต้อง: ตัวอย่างการประยุกต์ Security ใน Pipeline ที่ถูกต้อง พร้อมอธิบายเหตุผลทีละส่วน,ตัวอย่างที่ผิดและเหตุผล: ตัวอย่างข้อผิดพลาดของ Security ใน Pipeline วิเคราะห์สาเหตุและผลกระทบ,สาธิต/กรณีตัวอย่าง: กรณีศึกษาจากสถานการณ์จริงหรือจำลองเกี่ยวกับ Security ใน Pipeline,ข้อผิดพลาดที่พบบ่อย: รวบรวม Common Mistake ของ Security ใน Pipeline และสัญญาณที่ใช้สังเกต,แนวทางแก้ปัญหา: Troubleshooting แบบเป็นลำดับสำหรับปัญหาที่เกิดระหว่างทำ Security ใน Pipeline,ความปลอดภัย/จริยธรรม: ข้อควรระวัง ความปลอดภัย กฎหมาย หรือจริยธรรมที่เกี่ยวข้องกับ Security ใน Pipeline,ภารกิจฝึกปฏิบัติ: กิจกรรมลงมือทำเกี่ยวกับ Security ใน Pipeline ให้ผู้เรียนสร้างหลักฐานผลงาน,ใบงานประจำหน่วย: อธิบายใบงานของหน่วย Security ใน Pipeline: เป้าหมาย งานที่ต้องส่ง รูปแบบ และกำหนดตรวจ,เกณฑ์ประเมินและสรุป: Rubric ประเมินความถูกต้อง กระบวนการ คุณภาพงาน และสรุป Key Takeaway ของ Security ใน Pipeline,คำถามทบทวนและคิดวิเคราะห์: คำถามทบทวน 3–5 ข้อและคำถามคิดวิเคราะห์ที่เชื่อม Security ใน Pipeline กับสถานการณ์จริง
31901-2008,การพัฒนาซอฟต์แวร์รูปแบบเดฟออปส์ (DevOps),16,Incident และ Rollback,1) อธิบาย Incident และ Rollback ได้ 2) วิเคราะห์/เลือกวิธีที่เหมาะสมได้ 3) ปฏิบัติงานหรือสร้างชิ้นงานเกี่ยวกับ Incident และ Rollback ได้ 4) ตรวจสอบและสะท้อนผลการทำงานได้,ใบงานหน่วยที่ 16: Incident และ Rollback,ภารกิจ 1 อธิบายแนวคิดหลักของ Incident และ Rollback; ภารกิจ 2 วิเคราะห์ตัวอย่าง; ภารกิจ 3 ลงมือปฏิบัติ/สร้างชิ้นงาน; ภารกิจ 4 ตรวจข้อผิดพลาด; ภารกิจ 5 สรุปสิ่งที่เรียนรู้และแนบหลักฐาน,ชื่อหน่วยและภาพรวม: อธิบายภาพรวมของ Incident และ Rollback และความเชื่อมโยงกับรายวิชา การพัฒนาซอฟต์แวร์รูปแบบเดฟออปส์ (DevOps),ผลลัพธ์การเรียนรู้: ผู้เรียนอธิบายหลักการ วิเคราะห์ตัวอย่าง และปฏิบัติงานเกี่ยวกับ Incident และ Rollback ได้ตามเกณฑ์,ความรู้เดิมที่ต้องใช้: ทบทวนความรู้พื้นฐานที่จำเป็นก่อนเรียน Incident และ Rollback พร้อมคำถามตรวจความพร้อม,คำศัพท์สำคัญ: รวบรวมคำศัพท์หลักของ Incident และ Rollback พร้อมความหมายและการใช้งานจริง,ความหมายและขอบเขต: นิยาม Incident และ Rollback ขอบเขตงาน และสิ่งที่อยู่/ไม่อยู่ในขอบเขต,หลักการสำคัญ: แจกแจงหลักการสำคัญของ Incident และ Rollback เป็นข้อ ๆ พร้อมเหตุผล,องค์ประกอบ/โครงสร้าง: แสดงองค์ประกอบหลัก ความสัมพันธ์ และลำดับการทำงานของ Incident และ Rollback,ขั้นตอนการทำงาน 1: เริ่มต้นงาน Incident และ Rollback: การเตรียมข้อมูล เครื่องมือ และเงื่อนไขก่อนทำ,ขั้นตอนการทำงาน 2: ขั้นดำเนินงานหลักของ Incident และ Rollback พร้อมจุดตรวจสอบระหว่างทาง,ขั้นตอนการทำงาน 3: ขั้นตรวจผล บันทึกผล และส่งมอบงานของ Incident และ Rollback,ตัวอย่างที่ถูกต้อง: ตัวอย่างการประยุกต์ Incident และ Rollback ที่ถูกต้อง พร้อมอธิบายเหตุผลทีละส่วน,ตัวอย่างที่ผิดและเหตุผล: ตัวอย่างข้อผิดพลาดของ Incident และ Rollback วิเคราะห์สาเหตุและผลกระทบ,สาธิต/กรณีตัวอย่าง: กรณีศึกษาจากสถานการณ์จริงหรือจำลองเกี่ยวกับ Incident และ Rollback,ข้อผิดพลาดที่พบบ่อย: รวบรวม Common Mistake ของ Incident และ Rollback และสัญญาณที่ใช้สังเกต,แนวทางแก้ปัญหา: Troubleshooting แบบเป็นลำดับสำหรับปัญหาที่เกิดระหว่างทำ Incident และ Rollback,ความปลอดภัย/จริยธรรม: ข้อควรระวัง ความปลอดภัย กฎหมาย หรือจริยธรรมที่เกี่ยวข้องกับ Incident และ Rollback,ภารกิจฝึกปฏิบัติ: กิจกรรมลงมือทำเกี่ยวกับ Incident และ Rollback ให้ผู้เรียนสร้างหลักฐานผลงาน,ใบงานประจำหน่วย: อธิบายใบงานของหน่วย Incident และ Rollback: เป้าหมาย งานที่ต้องส่ง รูปแบบ และกำหนดตรวจ,เกณฑ์ประเมินและสรุป: Rubric ประเมินความถูกต้อง กระบวนการ คุณภาพงาน และสรุป Key Takeaway ของ Incident และ Rollback,คำถามทบทวนและคิดวิเคราะห์: คำถามทบทวน 3–5 ข้อและคำถามคิดวิเคราะห์ที่เชื่อม Incident และ Rollback กับสถานการณ์จริง
31901-2008,การพัฒนาซอฟต์แวร์รูปแบบเดฟออปส์ (DevOps),17,โครงงาน CI/CD,1) อธิบาย โครงงาน CI/CD ได้ 2) วิเคราะห์/เลือกวิธีที่เหมาะสมได้ 3) ปฏิบัติงานหรือสร้างชิ้นงานเกี่ยวกับ โครงงาน CI/CD ได้ 4) ตรวจสอบและสะท้อนผลการทำงานได้,ใบงานหน่วยที่ 17: โครงงาน CI/CD,ภารกิจ 1 อธิบายแนวคิดหลักของ โครงงาน CI/CD; ภารกิจ 2 วิเคราะห์ตัวอย่าง; ภารกิจ 3 ลงมือปฏิบัติ/สร้างชิ้นงาน; ภารกิจ 4 ตรวจข้อผิดพลาด; ภารกิจ 5 สรุปสิ่งที่เรียนรู้และแนบหลักฐาน,ชื่อหน่วยและภาพรวม: อธิบายภาพรวมของ โครงงาน CI/CD และความเชื่อมโยงกับรายวิชา การพัฒนาซอฟต์แวร์รูปแบบเดฟออปส์ (DevOps),ผลลัพธ์การเรียนรู้: ผู้เรียนอธิบายหลักการ วิเคราะห์ตัวอย่าง และปฏิบัติงานเกี่ยวกับ โครงงาน CI/CD ได้ตามเกณฑ์,ความรู้เดิมที่ต้องใช้: ทบทวนความรู้พื้นฐานที่จำเป็นก่อนเรียน โครงงาน CI/CD พร้อมคำถามตรวจความพร้อม,คำศัพท์สำคัญ: รวบรวมคำศัพท์หลักของ โครงงาน CI/CD พร้อมความหมายและการใช้งานจริง,ความหมายและขอบเขต: นิยาม โครงงาน CI/CD ขอบเขตงาน และสิ่งที่อยู่/ไม่อยู่ในขอบเขต,หลักการสำคัญ: แจกแจงหลักการสำคัญของ โครงงาน CI/CD เป็นข้อ ๆ พร้อมเหตุผล,องค์ประกอบ/โครงสร้าง: แสดงองค์ประกอบหลัก ความสัมพันธ์ และลำดับการทำงานของ โครงงาน CI/CD,ขั้นตอนการทำงาน 1: เริ่มต้นงาน โครงงาน CI/CD: การเตรียมข้อมูล เครื่องมือ และเงื่อนไขก่อนทำ,ขั้นตอนการทำงาน 2: ขั้นดำเนินงานหลักของ โครงงาน CI/CD พร้อมจุดตรวจสอบระหว่างทาง,ขั้นตอนการทำงาน 3: ขั้นตรวจผล บันทึกผล และส่งมอบงานของ โครงงาน CI/CD,ตัวอย่างที่ถูกต้อง: ตัวอย่างการประยุกต์ โครงงาน CI/CD ที่ถูกต้อง พร้อมอธิบายเหตุผลทีละส่วน,ตัวอย่างที่ผิดและเหตุผล: ตัวอย่างข้อผิดพลาดของ โครงงาน CI/CD วิเคราะห์สาเหตุและผลกระทบ,สาธิต/กรณีตัวอย่าง: กรณีศึกษาจากสถานการณ์จริงหรือจำลองเกี่ยวกับ โครงงาน CI/CD,ข้อผิดพลาดที่พบบ่อย: รวบรวม Common Mistake ของ โครงงาน CI/CD และสัญญาณที่ใช้สังเกต,แนวทางแก้ปัญหา: Troubleshooting แบบเป็นลำดับสำหรับปัญหาที่เกิดระหว่างทำ โครงงาน CI/CD,ความปลอดภัย/จริยธรรม: ข้อควรระวัง ความปลอดภัย กฎหมาย หรือจริยธรรมที่เกี่ยวข้องกับ โครงงาน CI/CD,ภารกิจฝึกปฏิบัติ: กิจกรรมลงมือทำเกี่ยวกับ โครงงาน CI/CD ให้ผู้เรียนสร้างหลักฐานผลงาน,ใบงานประจำหน่วย: อธิบายใบงานของหน่วย โครงงาน CI/CD: เป้าหมาย งานที่ต้องส่ง รูปแบบ และกำหนดตรวจ,เกณฑ์ประเมินและสรุป: Rubric ประเมินความถูกต้อง กระบวนการ คุณภาพงาน และสรุป Key Takeaway ของ โครงงาน CI/CD,คำถามทบทวนและคิดวิเคราะห์: คำถามทบทวน 3–5 ข้อและคำถามคิดวิเคราะห์ที่เชื่อม โครงงาน CI/CD กับสถานการณ์จริง
31900-1001,กฎหมายในงานอาชีพอุตสาหกรรมดิจิทัลและเทคโนโลยีสารสนเทศ,1,พื้นฐานกฎหมายกับวิชาชีพดิจิทัล,1) อธิบาย พื้นฐานกฎหมายกับวิชาชีพดิจิทัล ได้ 2) วิเคราะห์/เลือกวิธีที่เหมาะสมได้ 3) ปฏิบัติงานหรือสร้างชิ้นงานเกี่ยวกับ พื้นฐานกฎหมายกับวิชาชีพดิจิทัล ได้ 4) ตรวจสอบและสะท้อนผลการทำงานได้,ใบงานหน่วยที่ 1: พื้นฐานกฎหมายกับวิชาชีพดิจิทัล,ภารกิจ 1 อธิบายแนวคิดหลักของ พื้นฐานกฎหมายกับวิชาชีพดิจิทัล; ภารกิจ 2 วิเคราะห์ตัวอย่าง; ภารกิจ 3 ลงมือปฏิบัติ/สร้างชิ้นงาน; ภารกิจ 4 ตรวจข้อผิดพลาด; ภารกิจ 5 สรุปสิ่งที่เรียนรู้และแนบหลักฐาน,ชื่อหน่วยและภาพรวม: อธิบายภาพรวมของ พื้นฐานกฎหมายกับวิชาชีพดิจิทัล และความเชื่อมโยงกับรายวิชา กฎหมายในงานอาชีพอุตสาหกรรมดิจิทัลและเทคโนโลยีสารสนเทศ,ผลลัพธ์การเรียนรู้: ผู้เรียนอธิบายหลักการ วิเคราะห์ตัวอย่าง และปฏิบัติงานเกี่ยวกับ พื้นฐานกฎหมายกับวิชาชีพดิจิทัล ได้ตามเกณฑ์,ความรู้เดิมที่ต้องใช้: ทบทวนความรู้พื้นฐานที่จำเป็นก่อนเรียน พื้นฐานกฎหมายกับวิชาชีพดิจิทัล พร้อมคำถามตรวจความพร้อม,คำศัพท์สำคัญ: รวบรวมคำศัพท์หลักของ พื้นฐานกฎหมายกับวิชาชีพดิจิทัล พร้อมความหมายและการใช้งานจริง,ความหมายและขอบเขต: นิยาม พื้นฐานกฎหมายกับวิชาชีพดิจิทัล ขอบเขตงาน และสิ่งที่อยู่/ไม่อยู่ในขอบเขต,หลักการสำคัญ: แจกแจงหลักการสำคัญของ พื้นฐานกฎหมายกับวิชาชีพดิจิทัล เป็นข้อ ๆ พร้อมเหตุผล,องค์ประกอบ/โครงสร้าง: แสดงองค์ประกอบหลัก ความสัมพันธ์ และลำดับการทำงานของ พื้นฐานกฎหมายกับวิชาชีพดิจิทัล,ขั้นตอนการทำงาน 1: เริ่มต้นงาน พื้นฐานกฎหมายกับวิชาชีพดิจิทัล: การเตรียมข้อมูล เครื่องมือ และเงื่อนไขก่อนทำ,ขั้นตอนการทำงาน 2: ขั้นดำเนินงานหลักของ พื้นฐานกฎหมายกับวิชาชีพดิจิทัล พร้อมจุดตรวจสอบระหว่างทาง,ขั้นตอนการทำงาน 3: ขั้นตรวจผล บันทึกผล และส่งมอบงานของ พื้นฐานกฎหมายกับวิชาชีพดิจิทัล,ตัวอย่างที่ถูกต้อง: ตัวอย่างการประยุกต์ พื้นฐานกฎหมายกับวิชาชีพดิจิทัล ที่ถูกต้อง พร้อมอธิบายเหตุผลทีละส่วน,ตัวอย่างที่ผิดและเหตุผล: ตัวอย่างข้อผิดพลาดของ พื้นฐานกฎหมายกับวิชาชีพดิจิทัล วิเคราะห์สาเหตุและผลกระทบ,สาธิต/กรณีตัวอย่าง: กรณีศึกษาจากสถานการณ์จริงหรือจำลองเกี่ยวกับ พื้นฐานกฎหมายกับวิชาชีพดิจิทัล,ข้อผิดพลาดที่พบบ่อย: รวบรวม Common Mistake ของ พื้นฐานกฎหมายกับวิชาชีพดิจิทัล และสัญญาณที่ใช้สังเกต,แนวทางแก้ปัญหา: Troubleshooting แบบเป็นลำดับสำหรับปัญหาที่เกิดระหว่างทำ พื้นฐานกฎหมายกับวิชาชีพดิจิทัล,ความปลอดภัย/จริยธรรม: ข้อควรระวัง ความปลอดภัย กฎหมาย หรือจริยธรรมที่เกี่ยวข้องกับ พื้นฐานกฎหมายกับวิชาชีพดิจิทัล,ภารกิจฝึกปฏิบัติ: กิจกรรมลงมือทำเกี่ยวกับ พื้นฐานกฎหมายกับวิชาชีพดิจิทัล ให้ผู้เรียนสร้างหลักฐานผลงาน,ใบงานประจำหน่วย: อธิบายใบงานของหน่วย พื้นฐานกฎหมายกับวิชาชีพดิจิทัล: เป้าหมาย งานที่ต้องส่ง รูปแบบ และกำหนดตรวจ,เกณฑ์ประเมินและสรุป: Rubric ประเมินความถูกต้อง กระบวนการ คุณภาพงาน และสรุป Key Takeaway ของ พื้นฐานกฎหมายกับวิชาชีพดิจิทัล,คำถามทบทวนและคิดวิเคราะห์: คำถามทบทวน 3–5 ข้อและคำถามคิดวิเคราะห์ที่เชื่อม พื้นฐานกฎหมายกับวิชาชีพดิจิทัล กับสถานการณ์จริง
31900-1001,กฎหมายในงานอาชีพอุตสาหกรรมดิจิทัลและเทคโนโลยีสารสนเทศ,2,สิทธิและหน้าที่ในโลกดิจิทัล,1) อธิบาย สิทธิและหน้าที่ในโลกดิจิทัล ได้ 2) วิเคราะห์/เลือกวิธีที่เหมาะสมได้ 3) ปฏิบัติงานหรือสร้างชิ้นงานเกี่ยวกับ สิทธิและหน้าที่ในโลกดิจิทัล ได้ 4) ตรวจสอบและสะท้อนผลการทำงานได้,ใบงานหน่วยที่ 2: สิทธิและหน้าที่ในโลกดิจิทัล,ภารกิจ 1 อธิบายแนวคิดหลักของ สิทธิและหน้าที่ในโลกดิจิทัล; ภารกิจ 2 วิเคราะห์ตัวอย่าง; ภารกิจ 3 ลงมือปฏิบัติ/สร้างชิ้นงาน; ภารกิจ 4 ตรวจข้อผิดพลาด; ภารกิจ 5 สรุปสิ่งที่เรียนรู้และแนบหลักฐาน,ชื่อหน่วยและภาพรวม: อธิบายภาพรวมของ สิทธิและหน้าที่ในโลกดิจิทัล และความเชื่อมโยงกับรายวิชา กฎหมายในงานอาชีพอุตสาหกรรมดิจิทัลและเทคโนโลยีสารสนเทศ,ผลลัพธ์การเรียนรู้: ผู้เรียนอธิบายหลักการ วิเคราะห์ตัวอย่าง และปฏิบัติงานเกี่ยวกับ สิทธิและหน้าที่ในโลกดิจิทัล ได้ตามเกณฑ์,ความรู้เดิมที่ต้องใช้: ทบทวนความรู้พื้นฐานที่จำเป็นก่อนเรียน สิทธิและหน้าที่ในโลกดิจิทัล พร้อมคำถามตรวจความพร้อม,คำศัพท์สำคัญ: รวบรวมคำศัพท์หลักของ สิทธิและหน้าที่ในโลกดิจิทัล พร้อมความหมายและการใช้งานจริง,ความหมายและขอบเขต: นิยาม สิทธิและหน้าที่ในโลกดิจิทัล ขอบเขตงาน และสิ่งที่อยู่/ไม่อยู่ในขอบเขต,หลักการสำคัญ: แจกแจงหลักการสำคัญของ สิทธิและหน้าที่ในโลกดิจิทัล เป็นข้อ ๆ พร้อมเหตุผล,องค์ประกอบ/โครงสร้าง: แสดงองค์ประกอบหลัก ความสัมพันธ์ และลำดับการทำงานของ สิทธิและหน้าที่ในโลกดิจิทัล,ขั้นตอนการทำงาน 1: เริ่มต้นงาน สิทธิและหน้าที่ในโลกดิจิทัล: การเตรียมข้อมูล เครื่องมือ และเงื่อนไขก่อนทำ,ขั้นตอนการทำงาน 2: ขั้นดำเนินงานหลักของ สิทธิและหน้าที่ในโลกดิจิทัล พร้อมจุดตรวจสอบระหว่างทาง,ขั้นตอนการทำงาน 3: ขั้นตรวจผล บันทึกผล และส่งมอบงานของ สิทธิและหน้าที่ในโลกดิจิทัล,ตัวอย่างที่ถูกต้อง: ตัวอย่างการประยุกต์ สิทธิและหน้าที่ในโลกดิจิทัล ที่ถูกต้อง พร้อมอธิบายเหตุผลทีละส่วน,ตัวอย่างที่ผิดและเหตุผล: ตัวอย่างข้อผิดพลาดของ สิทธิและหน้าที่ในโลกดิจิทัล วิเคราะห์สาเหตุและผลกระทบ,สาธิต/กรณีตัวอย่าง: กรณีศึกษาจากสถานการณ์จริงหรือจำลองเกี่ยวกับ สิทธิและหน้าที่ในโลกดิจิทัล,ข้อผิดพลาดที่พบบ่อย: รวบรวม Common Mistake ของ สิทธิและหน้าที่ในโลกดิจิทัล และสัญญาณที่ใช้สังเกต,แนวทางแก้ปัญหา: Troubleshooting แบบเป็นลำดับสำหรับปัญหาที่เกิดระหว่างทำ สิทธิและหน้าที่ในโลกดิจิทัล,ความปลอดภัย/จริยธรรม: ข้อควรระวัง ความปลอดภัย กฎหมาย หรือจริยธรรมที่เกี่ยวข้องกับ สิทธิและหน้าที่ในโลกดิจิทัล,ภารกิจฝึกปฏิบัติ: กิจกรรมลงมือทำเกี่ยวกับ สิทธิและหน้าที่ในโลกดิจิทัล ให้ผู้เรียนสร้างหลักฐานผลงาน,ใบงานประจำหน่วย: อธิบายใบงานของหน่วย สิทธิและหน้าที่ในโลกดิจิทัล: เป้าหมาย งานที่ต้องส่ง รูปแบบ และกำหนดตรวจ,เกณฑ์ประเมินและสรุป: Rubric ประเมินความถูกต้อง กระบวนการ คุณภาพงาน และสรุป Key Takeaway ของ สิทธิและหน้าที่ในโลกดิจิทัล,คำถามทบทวนและคิดวิเคราะห์: คำถามทบทวน 3–5 ข้อและคำถามคิดวิเคราะห์ที่เชื่อม สิทธิและหน้าที่ในโลกดิจิทัล กับสถานการณ์จริง
31900-1001,กฎหมายในงานอาชีพอุตสาหกรรมดิจิทัลและเทคโนโลยีสารสนเทศ,3,ธุรกรรมทางอิเล็กทรอนิกส์,1) อธิบาย ธุรกรรมทางอิเล็กทรอนิกส์ ได้ 2) วิเคราะห์/เลือกวิธีที่เหมาะสมได้ 3) ปฏิบัติงานหรือสร้างชิ้นงานเกี่ยวกับ ธุรกรรมทางอิเล็กทรอนิกส์ ได้ 4) ตรวจสอบและสะท้อนผลการทำงานได้,ใบงานหน่วยที่ 3: ธุรกรรมทางอิเล็กทรอนิกส์,ภารกิจ 1 อธิบายแนวคิดหลักของ ธุรกรรมทางอิเล็กทรอนิกส์; ภารกิจ 2 วิเคราะห์ตัวอย่าง; ภารกิจ 3 ลงมือปฏิบัติ/สร้างชิ้นงาน; ภารกิจ 4 ตรวจข้อผิดพลาด; ภารกิจ 5 สรุปสิ่งที่เรียนรู้และแนบหลักฐาน,ชื่อหน่วยและภาพรวม: อธิบายภาพรวมของ ธุรกรรมทางอิเล็กทรอนิกส์ และความเชื่อมโยงกับรายวิชา กฎหมายในงานอาชีพอุตสาหกรรมดิจิทัลและเทคโนโลยีสารสนเทศ,ผลลัพธ์การเรียนรู้: ผู้เรียนอธิบายหลักการ วิเคราะห์ตัวอย่าง และปฏิบัติงานเกี่ยวกับ ธุรกรรมทางอิเล็กทรอนิกส์ ได้ตามเกณฑ์,ความรู้เดิมที่ต้องใช้: ทบทวนความรู้พื้นฐานที่จำเป็นก่อนเรียน ธุรกรรมทางอิเล็กทรอนิกส์ พร้อมคำถามตรวจความพร้อม,คำศัพท์สำคัญ: รวบรวมคำศัพท์หลักของ ธุรกรรมทางอิเล็กทรอนิกส์ พร้อมความหมายและการใช้งานจริง,ความหมายและขอบเขต: นิยาม ธุรกรรมทางอิเล็กทรอนิกส์ ขอบเขตงาน และสิ่งที่อยู่/ไม่อยู่ในขอบเขต,หลักการสำคัญ: แจกแจงหลักการสำคัญของ ธุรกรรมทางอิเล็กทรอนิกส์ เป็นข้อ ๆ พร้อมเหตุผล,องค์ประกอบ/โครงสร้าง: แสดงองค์ประกอบหลัก ความสัมพันธ์ และลำดับการทำงานของ ธุรกรรมทางอิเล็กทรอนิกส์,ขั้นตอนการทำงาน 1: เริ่มต้นงาน ธุรกรรมทางอิเล็กทรอนิกส์: การเตรียมข้อมูล เครื่องมือ และเงื่อนไขก่อนทำ,ขั้นตอนการทำงาน 2: ขั้นดำเนินงานหลักของ ธุรกรรมทางอิเล็กทรอนิกส์ พร้อมจุดตรวจสอบระหว่างทาง,ขั้นตอนการทำงาน 3: ขั้นตรวจผล บันทึกผล และส่งมอบงานของ ธุรกรรมทางอิเล็กทรอนิกส์,ตัวอย่างที่ถูกต้อง: ตัวอย่างการประยุกต์ ธุรกรรมทางอิเล็กทรอนิกส์ ที่ถูกต้อง พร้อมอธิบายเหตุผลทีละส่วน,ตัวอย่างที่ผิดและเหตุผล: ตัวอย่างข้อผิดพลาดของ ธุรกรรมทางอิเล็กทรอนิกส์ วิเคราะห์สาเหตุและผลกระทบ,สาธิต/กรณีตัวอย่าง: กรณีศึกษาจากสถานการณ์จริงหรือจำลองเกี่ยวกับ ธุรกรรมทางอิเล็กทรอนิกส์,ข้อผิดพลาดที่พบบ่อย: รวบรวม Common Mistake ของ ธุรกรรมทางอิเล็กทรอนิกส์ และสัญญาณที่ใช้สังเกต,แนวทางแก้ปัญหา: Troubleshooting แบบเป็นลำดับสำหรับปัญหาที่เกิดระหว่างทำ ธุรกรรมทางอิเล็กทรอนิกส์,ความปลอดภัย/จริยธรรม: ข้อควรระวัง ความปลอดภัย กฎหมาย หรือจริยธรรมที่เกี่ยวข้องกับ ธุรกรรมทางอิเล็กทรอนิกส์,ภารกิจฝึกปฏิบัติ: กิจกรรมลงมือทำเกี่ยวกับ ธุรกรรมทางอิเล็กทรอนิกส์ ให้ผู้เรียนสร้างหลักฐานผลงาน,ใบงานประจำหน่วย: อธิบายใบงานของหน่วย ธุรกรรมทางอิเล็กทรอนิกส์: เป้าหมาย งานที่ต้องส่ง รูปแบบ และกำหนดตรวจ,เกณฑ์ประเมินและสรุป: Rubric ประเมินความถูกต้อง กระบวนการ คุณภาพงาน และสรุป Key Takeaway ของ ธุรกรรมทางอิเล็กทรอนิกส์,คำถามทบทวนและคิดวิเคราะห์: คำถามทบทวน 3–5 ข้อและคำถามคิดวิเคราะห์ที่เชื่อม ธุรกรรมทางอิเล็กทรอนิกส์ กับสถานการณ์จริง
31900-1001,กฎหมายในงานอาชีพอุตสาหกรรมดิจิทัลและเทคโนโลยีสารสนเทศ,4,ลายมือชื่ออิเล็กทรอนิกส์,1) อธิบาย ลายมือชื่ออิเล็กทรอนิกส์ ได้ 2) วิเคราะห์/เลือกวิธีที่เหมาะสมได้ 3) ปฏิบัติงานหรือสร้างชิ้นงานเกี่ยวกับ ลายมือชื่ออิเล็กทรอนิกส์ ได้ 4) ตรวจสอบและสะท้อนผลการทำงานได้,ใบงานหน่วยที่ 4: ลายมือชื่ออิเล็กทรอนิกส์,ภารกิจ 1 อธิบายแนวคิดหลักของ ลายมือชื่ออิเล็กทรอนิกส์; ภารกิจ 2 วิเคราะห์ตัวอย่าง; ภารกิจ 3 ลงมือปฏิบัติ/สร้างชิ้นงาน; ภารกิจ 4 ตรวจข้อผิดพลาด; ภารกิจ 5 สรุปสิ่งที่เรียนรู้และแนบหลักฐาน,ชื่อหน่วยและภาพรวม: อธิบายภาพรวมของ ลายมือชื่ออิเล็กทรอนิกส์ และความเชื่อมโยงกับรายวิชา กฎหมายในงานอาชีพอุตสาหกรรมดิจิทัลและเทคโนโลยีสารสนเทศ,ผลลัพธ์การเรียนรู้: ผู้เรียนอธิบายหลักการ วิเคราะห์ตัวอย่าง และปฏิบัติงานเกี่ยวกับ ลายมือชื่ออิเล็กทรอนิกส์ ได้ตามเกณฑ์,ความรู้เดิมที่ต้องใช้: ทบทวนความรู้พื้นฐานที่จำเป็นก่อนเรียน ลายมือชื่ออิเล็กทรอนิกส์ พร้อมคำถามตรวจความพร้อม,คำศัพท์สำคัญ: รวบรวมคำศัพท์หลักของ ลายมือชื่ออิเล็กทรอนิกส์ พร้อมความหมายและการใช้งานจริง,ความหมายและขอบเขต: นิยาม ลายมือชื่ออิเล็กทรอนิกส์ ขอบเขตงาน และสิ่งที่อยู่/ไม่อยู่ในขอบเขต,หลักการสำคัญ: แจกแจงหลักการสำคัญของ ลายมือชื่ออิเล็กทรอนิกส์ เป็นข้อ ๆ พร้อมเหตุผล,องค์ประกอบ/โครงสร้าง: แสดงองค์ประกอบหลัก ความสัมพันธ์ และลำดับการทำงานของ ลายมือชื่ออิเล็กทรอนิกส์,ขั้นตอนการทำงาน 1: เริ่มต้นงาน ลายมือชื่ออิเล็กทรอนิกส์: การเตรียมข้อมูล เครื่องมือ และเงื่อนไขก่อนทำ,ขั้นตอนการทำงาน 2: ขั้นดำเนินงานหลักของ ลายมือชื่ออิเล็กทรอนิกส์ พร้อมจุดตรวจสอบระหว่างทาง,ขั้นตอนการทำงาน 3: ขั้นตรวจผล บันทึกผล และส่งมอบงานของ ลายมือชื่ออิเล็กทรอนิกส์,ตัวอย่างที่ถูกต้อง: ตัวอย่างการประยุกต์ ลายมือชื่ออิเล็กทรอนิกส์ ที่ถูกต้อง พร้อมอธิบายเหตุผลทีละส่วน,ตัวอย่างที่ผิดและเหตุผล: ตัวอย่างข้อผิดพลาดของ ลายมือชื่ออิเล็กทรอนิกส์ วิเคราะห์สาเหตุและผลกระทบ,สาธิต/กรณีตัวอย่าง: กรณีศึกษาจากสถานการณ์จริงหรือจำลองเกี่ยวกับ ลายมือชื่ออิเล็กทรอนิกส์,ข้อผิดพลาดที่พบบ่อย: รวบรวม Common Mistake ของ ลายมือชื่ออิเล็กทรอนิกส์ และสัญญาณที่ใช้สังเกต,แนวทางแก้ปัญหา: Troubleshooting แบบเป็นลำดับสำหรับปัญหาที่เกิดระหว่างทำ ลายมือชื่ออิเล็กทรอนิกส์,ความปลอดภัย/จริยธรรม: ข้อควรระวัง ความปลอดภัย กฎหมาย หรือจริยธรรมที่เกี่ยวข้องกับ ลายมือชื่ออิเล็กทรอนิกส์,ภารกิจฝึกปฏิบัติ: กิจกรรมลงมือทำเกี่ยวกับ ลายมือชื่ออิเล็กทรอนิกส์ ให้ผู้เรียนสร้างหลักฐานผลงาน,ใบงานประจำหน่วย: อธิบายใบงานของหน่วย ลายมือชื่ออิเล็กทรอนิกส์: เป้าหมาย งานที่ต้องส่ง รูปแบบ และกำหนดตรวจ,เกณฑ์ประเมินและสรุป: Rubric ประเมินความถูกต้อง กระบวนการ คุณภาพงาน และสรุป Key Takeaway ของ ลายมือชื่ออิเล็กทรอนิกส์,คำถามทบทวนและคิดวิเคราะห์: คำถามทบทวน 3–5 ข้อและคำถามคิดวิเคราะห์ที่เชื่อม ลายมือชื่ออิเล็กทรอนิกส์ กับสถานการณ์จริง
31900-1001,กฎหมายในงานอาชีพอุตสาหกรรมดิจิทัลและเทคโนโลยีสารสนเทศ,5,ข้อมูลส่วนบุคคล,1) อธิบาย ข้อมูลส่วนบุคคล ได้ 2) วิเคราะห์/เลือกวิธีที่เหมาะสมได้ 3) ปฏิบัติงานหรือสร้างชิ้นงานเกี่ยวกับ ข้อมูลส่วนบุคคล ได้ 4) ตรวจสอบและสะท้อนผลการทำงานได้,ใบงานหน่วยที่ 5: ข้อมูลส่วนบุคคล,ภารกิจ 1 อธิบายแนวคิดหลักของ ข้อมูลส่วนบุคคล; ภารกิจ 2 วิเคราะห์ตัวอย่าง; ภารกิจ 3 ลงมือปฏิบัติ/สร้างชิ้นงาน; ภารกิจ 4 ตรวจข้อผิดพลาด; ภารกิจ 5 สรุปสิ่งที่เรียนรู้และแนบหลักฐาน,ชื่อหน่วยและภาพรวม: อธิบายภาพรวมของ ข้อมูลส่วนบุคคล และความเชื่อมโยงกับรายวิชา กฎหมายในงานอาชีพอุตสาหกรรมดิจิทัลและเทคโนโลยีสารสนเทศ,ผลลัพธ์การเรียนรู้: ผู้เรียนอธิบายหลักการ วิเคราะห์ตัวอย่าง และปฏิบัติงานเกี่ยวกับ ข้อมูลส่วนบุคคล ได้ตามเกณฑ์,ความรู้เดิมที่ต้องใช้: ทบทวนความรู้พื้นฐานที่จำเป็นก่อนเรียน ข้อมูลส่วนบุคคล พร้อมคำถามตรวจความพร้อม,คำศัพท์สำคัญ: รวบรวมคำศัพท์หลักของ ข้อมูลส่วนบุคคล พร้อมความหมายและการใช้งานจริง,ความหมายและขอบเขต: นิยาม ข้อมูลส่วนบุคคล ขอบเขตงาน และสิ่งที่อยู่/ไม่อยู่ในขอบเขต,หลักการสำคัญ: แจกแจงหลักการสำคัญของ ข้อมูลส่วนบุคคล เป็นข้อ ๆ พร้อมเหตุผล,องค์ประกอบ/โครงสร้าง: แสดงองค์ประกอบหลัก ความสัมพันธ์ และลำดับการทำงานของ ข้อมูลส่วนบุคคล,ขั้นตอนการทำงาน 1: เริ่มต้นงาน ข้อมูลส่วนบุคคล: การเตรียมข้อมูล เครื่องมือ และเงื่อนไขก่อนทำ,ขั้นตอนการทำงาน 2: ขั้นดำเนินงานหลักของ ข้อมูลส่วนบุคคล พร้อมจุดตรวจสอบระหว่างทาง,ขั้นตอนการทำงาน 3: ขั้นตรวจผล บันทึกผล และส่งมอบงานของ ข้อมูลส่วนบุคคล,ตัวอย่างที่ถูกต้อง: ตัวอย่างการประยุกต์ ข้อมูลส่วนบุคคล ที่ถูกต้อง พร้อมอธิบายเหตุผลทีละส่วน,ตัวอย่างที่ผิดและเหตุผล: ตัวอย่างข้อผิดพลาดของ ข้อมูลส่วนบุคคล วิเคราะห์สาเหตุและผลกระทบ,สาธิต/กรณีตัวอย่าง: กรณีศึกษาจากสถานการณ์จริงหรือจำลองเกี่ยวกับ ข้อมูลส่วนบุคคล,ข้อผิดพลาดที่พบบ่อย: รวบรวม Common Mistake ของ ข้อมูลส่วนบุคคล และสัญญาณที่ใช้สังเกต,แนวทางแก้ปัญหา: Troubleshooting แบบเป็นลำดับสำหรับปัญหาที่เกิดระหว่างทำ ข้อมูลส่วนบุคคล,ความปลอดภัย/จริยธรรม: ข้อควรระวัง ความปลอดภัย กฎหมาย หรือจริยธรรมที่เกี่ยวข้องกับ ข้อมูลส่วนบุคคล,ภารกิจฝึกปฏิบัติ: กิจกรรมลงมือทำเกี่ยวกับ ข้อมูลส่วนบุคคล ให้ผู้เรียนสร้างหลักฐานผลงาน,ใบงานประจำหน่วย: อธิบายใบงานของหน่วย ข้อมูลส่วนบุคคล: เป้าหมาย งานที่ต้องส่ง รูปแบบ และกำหนดตรวจ,เกณฑ์ประเมินและสรุป: Rubric ประเมินความถูกต้อง กระบวนการ คุณภาพงาน และสรุป Key Takeaway ของ ข้อมูลส่วนบุคคล,คำถามทบทวนและคิดวิเคราะห์: คำถามทบทวน 3–5 ข้อและคำถามคิดวิเคราะห์ที่เชื่อม ข้อมูลส่วนบุคคล กับสถานการณ์จริง
31900-1001,กฎหมายในงานอาชีพอุตสาหกรรมดิจิทัลและเทคโนโลยีสารสนเทศ,6,การเก็บและใช้ข้อมูล,1) อธิบาย การเก็บและใช้ข้อมูล ได้ 2) วิเคราะห์/เลือกวิธีที่เหมาะสมได้ 3) ปฏิบัติงานหรือสร้างชิ้นงานเกี่ยวกับ การเก็บและใช้ข้อมูล ได้ 4) ตรวจสอบและสะท้อนผลการทำงานได้,ใบงานหน่วยที่ 6: การเก็บและใช้ข้อมูล,ภารกิจ 1 อธิบายแนวคิดหลักของ การเก็บและใช้ข้อมูล; ภารกิจ 2 วิเคราะห์ตัวอย่าง; ภารกิจ 3 ลงมือปฏิบัติ/สร้างชิ้นงาน; ภารกิจ 4 ตรวจข้อผิดพลาด; ภารกิจ 5 สรุปสิ่งที่เรียนรู้และแนบหลักฐาน,ชื่อหน่วยและภาพรวม: อธิบายภาพรวมของ การเก็บและใช้ข้อมูล และความเชื่อมโยงกับรายวิชา กฎหมายในงานอาชีพอุตสาหกรรมดิจิทัลและเทคโนโลยีสารสนเทศ,ผลลัพธ์การเรียนรู้: ผู้เรียนอธิบายหลักการ วิเคราะห์ตัวอย่าง และปฏิบัติงานเกี่ยวกับ การเก็บและใช้ข้อมูล ได้ตามเกณฑ์,ความรู้เดิมที่ต้องใช้: ทบทวนความรู้พื้นฐานที่จำเป็นก่อนเรียน การเก็บและใช้ข้อมูล พร้อมคำถามตรวจความพร้อม,คำศัพท์สำคัญ: รวบรวมคำศัพท์หลักของ การเก็บและใช้ข้อมูล พร้อมความหมายและการใช้งานจริง,ความหมายและขอบเขต: นิยาม การเก็บและใช้ข้อมูล ขอบเขตงาน และสิ่งที่อยู่/ไม่อยู่ในขอบเขต,หลักการสำคัญ: แจกแจงหลักการสำคัญของ การเก็บและใช้ข้อมูล เป็นข้อ ๆ พร้อมเหตุผล,องค์ประกอบ/โครงสร้าง: แสดงองค์ประกอบหลัก ความสัมพันธ์ และลำดับการทำงานของ การเก็บและใช้ข้อมูล,ขั้นตอนการทำงาน 1: เริ่มต้นงาน การเก็บและใช้ข้อมูล: การเตรียมข้อมูล เครื่องมือ และเงื่อนไขก่อนทำ,ขั้นตอนการทำงาน 2: ขั้นดำเนินงานหลักของ การเก็บและใช้ข้อมูล พร้อมจุดตรวจสอบระหว่างทาง,ขั้นตอนการทำงาน 3: ขั้นตรวจผล บันทึกผล และส่งมอบงานของ การเก็บและใช้ข้อมูล,ตัวอย่างที่ถูกต้อง: ตัวอย่างการประยุกต์ การเก็บและใช้ข้อมูล ที่ถูกต้อง พร้อมอธิบายเหตุผลทีละส่วน,ตัวอย่างที่ผิดและเหตุผล: ตัวอย่างข้อผิดพลาดของ การเก็บและใช้ข้อมูล วิเคราะห์สาเหตุและผลกระทบ,สาธิต/กรณีตัวอย่าง: กรณีศึกษาจากสถานการณ์จริงหรือจำลองเกี่ยวกับ การเก็บและใช้ข้อมูล,ข้อผิดพลาดที่พบบ่อย: รวบรวม Common Mistake ของ การเก็บและใช้ข้อมูล และสัญญาณที่ใช้สังเกต,แนวทางแก้ปัญหา: Troubleshooting แบบเป็นลำดับสำหรับปัญหาที่เกิดระหว่างทำ การเก็บและใช้ข้อมูล,ความปลอดภัย/จริยธรรม: ข้อควรระวัง ความปลอดภัย กฎหมาย หรือจริยธรรมที่เกี่ยวข้องกับ การเก็บและใช้ข้อมูล,ภารกิจฝึกปฏิบัติ: กิจกรรมลงมือทำเกี่ยวกับ การเก็บและใช้ข้อมูล ให้ผู้เรียนสร้างหลักฐานผลงาน,ใบงานประจำหน่วย: อธิบายใบงานของหน่วย การเก็บและใช้ข้อมูล: เป้าหมาย งานที่ต้องส่ง รูปแบบ และกำหนดตรวจ,เกณฑ์ประเมินและสรุป: Rubric ประเมินความถูกต้อง กระบวนการ คุณภาพงาน และสรุป Key Takeaway ของ การเก็บและใช้ข้อมูล,คำถามทบทวนและคิดวิเคราะห์: คำถามทบทวน 3–5 ข้อและคำถามคิดวิเคราะห์ที่เชื่อม การเก็บและใช้ข้อมูล กับสถานการณ์จริง
31900-1001,กฎหมายในงานอาชีพอุตสาหกรรมดิจิทัลและเทคโนโลยีสารสนเทศ,7,ความมั่นคงปลอดภัยไซเบอร์,1) อธิบาย ความมั่นคงปลอดภัยไซเบอร์ ได้ 2) วิเคราะห์/เลือกวิธีที่เหมาะสมได้ 3) ปฏิบัติงานหรือสร้างชิ้นงานเกี่ยวกับ ความมั่นคงปลอดภัยไซเบอร์ ได้ 4) ตรวจสอบและสะท้อนผลการทำงานได้,ใบงานหน่วยที่ 7: ความมั่นคงปลอดภัยไซเบอร์,ภารกิจ 1 อธิบายแนวคิดหลักของ ความมั่นคงปลอดภัยไซเบอร์; ภารกิจ 2 วิเคราะห์ตัวอย่าง; ภารกิจ 3 ลงมือปฏิบัติ/สร้างชิ้นงาน; ภารกิจ 4 ตรวจข้อผิดพลาด; ภารกิจ 5 สรุปสิ่งที่เรียนรู้และแนบหลักฐาน,ชื่อหน่วยและภาพรวม: อธิบายภาพรวมของ ความมั่นคงปลอดภัยไซเบอร์ และความเชื่อมโยงกับรายวิชา กฎหมายในงานอาชีพอุตสาหกรรมดิจิทัลและเทคโนโลยีสารสนเทศ,ผลลัพธ์การเรียนรู้: ผู้เรียนอธิบายหลักการ วิเคราะห์ตัวอย่าง และปฏิบัติงานเกี่ยวกับ ความมั่นคงปลอดภัยไซเบอร์ ได้ตามเกณฑ์,ความรู้เดิมที่ต้องใช้: ทบทวนความรู้พื้นฐานที่จำเป็นก่อนเรียน ความมั่นคงปลอดภัยไซเบอร์ พร้อมคำถามตรวจความพร้อม,คำศัพท์สำคัญ: รวบรวมคำศัพท์หลักของ ความมั่นคงปลอดภัยไซเบอร์ พร้อมความหมายและการใช้งานจริง,ความหมายและขอบเขต: นิยาม ความมั่นคงปลอดภัยไซเบอร์ ขอบเขตงาน และสิ่งที่อยู่/ไม่อยู่ในขอบเขต,หลักการสำคัญ: แจกแจงหลักการสำคัญของ ความมั่นคงปลอดภัยไซเบอร์ เป็นข้อ ๆ พร้อมเหตุผล,องค์ประกอบ/โครงสร้าง: แสดงองค์ประกอบหลัก ความสัมพันธ์ และลำดับการทำงานของ ความมั่นคงปลอดภัยไซเบอร์,ขั้นตอนการทำงาน 1: เริ่มต้นงาน ความมั่นคงปลอดภัยไซเบอร์: การเตรียมข้อมูล เครื่องมือ และเงื่อนไขก่อนทำ,ขั้นตอนการทำงาน 2: ขั้นดำเนินงานหลักของ ความมั่นคงปลอดภัยไซเบอร์ พร้อมจุดตรวจสอบระหว่างทาง,ขั้นตอนการทำงาน 3: ขั้นตรวจผล บันทึกผล และส่งมอบงานของ ความมั่นคงปลอดภัยไซเบอร์,ตัวอย่างที่ถูกต้อง: ตัวอย่างการประยุกต์ ความมั่นคงปลอดภัยไซเบอร์ ที่ถูกต้อง พร้อมอธิบายเหตุผลทีละส่วน,ตัวอย่างที่ผิดและเหตุผล: ตัวอย่างข้อผิดพลาดของ ความมั่นคงปลอดภัยไซเบอร์ วิเคราะห์สาเหตุและผลกระทบ,สาธิต/กรณีตัวอย่าง: กรณีศึกษาจากสถานการณ์จริงหรือจำลองเกี่ยวกับ ความมั่นคงปลอดภัยไซเบอร์,ข้อผิดพลาดที่พบบ่อย: รวบรวม Common Mistake ของ ความมั่นคงปลอดภัยไซเบอร์ และสัญญาณที่ใช้สังเกต,แนวทางแก้ปัญหา: Troubleshooting แบบเป็นลำดับสำหรับปัญหาที่เกิดระหว่างทำ ความมั่นคงปลอดภัยไซเบอร์,ความปลอดภัย/จริยธรรม: ข้อควรระวัง ความปลอดภัย กฎหมาย หรือจริยธรรมที่เกี่ยวข้องกับ ความมั่นคงปลอดภัยไซเบอร์,ภารกิจฝึกปฏิบัติ: กิจกรรมลงมือทำเกี่ยวกับ ความมั่นคงปลอดภัยไซเบอร์ ให้ผู้เรียนสร้างหลักฐานผลงาน,ใบงานประจำหน่วย: อธิบายใบงานของหน่วย ความมั่นคงปลอดภัยไซเบอร์: เป้าหมาย งานที่ต้องส่ง รูปแบบ และกำหนดตรวจ,เกณฑ์ประเมินและสรุป: Rubric ประเมินความถูกต้อง กระบวนการ คุณภาพงาน และสรุป Key Takeaway ของ ความมั่นคงปลอดภัยไซเบอร์,คำถามทบทวนและคิดวิเคราะห์: คำถามทบทวน 3–5 ข้อและคำถามคิดวิเคราะห์ที่เชื่อม ความมั่นคงปลอดภัยไซเบอร์ กับสถานการณ์จริง
31900-1001,กฎหมายในงานอาชีพอุตสาหกรรมดิจิทัลและเทคโนโลยีสารสนเทศ,8,ความผิดเกี่ยวกับคอมพิวเตอร์,1) อธิบาย ความผิดเกี่ยวกับคอมพิวเตอร์ ได้ 2) วิเคราะห์/เลือกวิธีที่เหมาะสมได้ 3) ปฏิบัติงานหรือสร้างชิ้นงานเกี่ยวกับ ความผิดเกี่ยวกับคอมพิวเตอร์ ได้ 4) ตรวจสอบและสะท้อนผลการทำงานได้,ใบงานหน่วยที่ 8: ความผิดเกี่ยวกับคอมพิวเตอร์,ภารกิจ 1 อธิบายแนวคิดหลักของ ความผิดเกี่ยวกับคอมพิวเตอร์; ภารกิจ 2 วิเคราะห์ตัวอย่าง; ภารกิจ 3 ลงมือปฏิบัติ/สร้างชิ้นงาน; ภารกิจ 4 ตรวจข้อผิดพลาด; ภารกิจ 5 สรุปสิ่งที่เรียนรู้และแนบหลักฐาน,ชื่อหน่วยและภาพรวม: อธิบายภาพรวมของ ความผิดเกี่ยวกับคอมพิวเตอร์ และความเชื่อมโยงกับรายวิชา กฎหมายในงานอาชีพอุตสาหกรรมดิจิทัลและเทคโนโลยีสารสนเทศ,ผลลัพธ์การเรียนรู้: ผู้เรียนอธิบายหลักการ วิเคราะห์ตัวอย่าง และปฏิบัติงานเกี่ยวกับ ความผิดเกี่ยวกับคอมพิวเตอร์ ได้ตามเกณฑ์,ความรู้เดิมที่ต้องใช้: ทบทวนความรู้พื้นฐานที่จำเป็นก่อนเรียน ความผิดเกี่ยวกับคอมพิวเตอร์ พร้อมคำถามตรวจความพร้อม,คำศัพท์สำคัญ: รวบรวมคำศัพท์หลักของ ความผิดเกี่ยวกับคอมพิวเตอร์ พร้อมความหมายและการใช้งานจริง,ความหมายและขอบเขต: นิยาม ความผิดเกี่ยวกับคอมพิวเตอร์ ขอบเขตงาน และสิ่งที่อยู่/ไม่อยู่ในขอบเขต,หลักการสำคัญ: แจกแจงหลักการสำคัญของ ความผิดเกี่ยวกับคอมพิวเตอร์ เป็นข้อ ๆ พร้อมเหตุผล,องค์ประกอบ/โครงสร้าง: แสดงองค์ประกอบหลัก ความสัมพันธ์ และลำดับการทำงานของ ความผิดเกี่ยวกับคอมพิวเตอร์,ขั้นตอนการทำงาน 1: เริ่มต้นงาน ความผิดเกี่ยวกับคอมพิวเตอร์: การเตรียมข้อมูล เครื่องมือ และเงื่อนไขก่อนทำ,ขั้นตอนการทำงาน 2: ขั้นดำเนินงานหลักของ ความผิดเกี่ยวกับคอมพิวเตอร์ พร้อมจุดตรวจสอบระหว่างทาง,ขั้นตอนการทำงาน 3: ขั้นตรวจผล บันทึกผล และส่งมอบงานของ ความผิดเกี่ยวกับคอมพิวเตอร์,ตัวอย่างที่ถูกต้อง: ตัวอย่างการประยุกต์ ความผิดเกี่ยวกับคอมพิวเตอร์ ที่ถูกต้อง พร้อมอธิบายเหตุผลทีละส่วน,ตัวอย่างที่ผิดและเหตุผล: ตัวอย่างข้อผิดพลาดของ ความผิดเกี่ยวกับคอมพิวเตอร์ วิเคราะห์สาเหตุและผลกระทบ,สาธิต/กรณีตัวอย่าง: กรณีศึกษาจากสถานการณ์จริงหรือจำลองเกี่ยวกับ ความผิดเกี่ยวกับคอมพิวเตอร์,ข้อผิดพลาดที่พบบ่อย: รวบรวม Common Mistake ของ ความผิดเกี่ยวกับคอมพิวเตอร์ และสัญญาณที่ใช้สังเกต,แนวทางแก้ปัญหา: Troubleshooting แบบเป็นลำดับสำหรับปัญหาที่เกิดระหว่างทำ ความผิดเกี่ยวกับคอมพิวเตอร์,ความปลอดภัย/จริยธรรม: ข้อควรระวัง ความปลอดภัย กฎหมาย หรือจริยธรรมที่เกี่ยวข้องกับ ความผิดเกี่ยวกับคอมพิวเตอร์,ภารกิจฝึกปฏิบัติ: กิจกรรมลงมือทำเกี่ยวกับ ความผิดเกี่ยวกับคอมพิวเตอร์ ให้ผู้เรียนสร้างหลักฐานผลงาน,ใบงานประจำหน่วย: อธิบายใบงานของหน่วย ความผิดเกี่ยวกับคอมพิวเตอร์: เป้าหมาย งานที่ต้องส่ง รูปแบบ และกำหนดตรวจ,เกณฑ์ประเมินและสรุป: Rubric ประเมินความถูกต้อง กระบวนการ คุณภาพงาน และสรุป Key Takeaway ของ ความผิดเกี่ยวกับคอมพิวเตอร์,คำถามทบทวนและคิดวิเคราะห์: คำถามทบทวน 3–5 ข้อและคำถามคิดวิเคราะห์ที่เชื่อม ความผิดเกี่ยวกับคอมพิวเตอร์ กับสถานการณ์จริง
31900-1001,กฎหมายในงานอาชีพอุตสาหกรรมดิจิทัลและเทคโนโลยีสารสนเทศ,9,ทรัพย์สินทางปัญญา,1) อธิบาย ทรัพย์สินทางปัญญา ได้ 2) วิเคราะห์/เลือกวิธีที่เหมาะสมได้ 3) ปฏิบัติงานหรือสร้างชิ้นงานเกี่ยวกับ ทรัพย์สินทางปัญญา ได้ 4) ตรวจสอบและสะท้อนผลการทำงานได้,ใบงานหน่วยที่ 9: ทรัพย์สินทางปัญญา,ภารกิจ 1 อธิบายแนวคิดหลักของ ทรัพย์สินทางปัญญา; ภารกิจ 2 วิเคราะห์ตัวอย่าง; ภารกิจ 3 ลงมือปฏิบัติ/สร้างชิ้นงาน; ภารกิจ 4 ตรวจข้อผิดพลาด; ภารกิจ 5 สรุปสิ่งที่เรียนรู้และแนบหลักฐาน,ชื่อหน่วยและภาพรวม: อธิบายภาพรวมของ ทรัพย์สินทางปัญญา และความเชื่อมโยงกับรายวิชา กฎหมายในงานอาชีพอุตสาหกรรมดิจิทัลและเทคโนโลยีสารสนเทศ,ผลลัพธ์การเรียนรู้: ผู้เรียนอธิบายหลักการ วิเคราะห์ตัวอย่าง และปฏิบัติงานเกี่ยวกับ ทรัพย์สินทางปัญญา ได้ตามเกณฑ์,ความรู้เดิมที่ต้องใช้: ทบทวนความรู้พื้นฐานที่จำเป็นก่อนเรียน ทรัพย์สินทางปัญญา พร้อมคำถามตรวจความพร้อม,คำศัพท์สำคัญ: รวบรวมคำศัพท์หลักของ ทรัพย์สินทางปัญญา พร้อมความหมายและการใช้งานจริง,ความหมายและขอบเขต: นิยาม ทรัพย์สินทางปัญญา ขอบเขตงาน และสิ่งที่อยู่/ไม่อยู่ในขอบเขต,หลักการสำคัญ: แจกแจงหลักการสำคัญของ ทรัพย์สินทางปัญญา เป็นข้อ ๆ พร้อมเหตุผล,องค์ประกอบ/โครงสร้าง: แสดงองค์ประกอบหลัก ความสัมพันธ์ และลำดับการทำงานของ ทรัพย์สินทางปัญญา,ขั้นตอนการทำงาน 1: เริ่มต้นงาน ทรัพย์สินทางปัญญา: การเตรียมข้อมูล เครื่องมือ และเงื่อนไขก่อนทำ,ขั้นตอนการทำงาน 2: ขั้นดำเนินงานหลักของ ทรัพย์สินทางปัญญา พร้อมจุดตรวจสอบระหว่างทาง,ขั้นตอนการทำงาน 3: ขั้นตรวจผล บันทึกผล และส่งมอบงานของ ทรัพย์สินทางปัญญา,ตัวอย่างที่ถูกต้อง: ตัวอย่างการประยุกต์ ทรัพย์สินทางปัญญา ที่ถูกต้อง พร้อมอธิบายเหตุผลทีละส่วน,ตัวอย่างที่ผิดและเหตุผล: ตัวอย่างข้อผิดพลาดของ ทรัพย์สินทางปัญญา วิเคราะห์สาเหตุและผลกระทบ,สาธิต/กรณีตัวอย่าง: กรณีศึกษาจากสถานการณ์จริงหรือจำลองเกี่ยวกับ ทรัพย์สินทางปัญญา,ข้อผิดพลาดที่พบบ่อย: รวบรวม Common Mistake ของ ทรัพย์สินทางปัญญา และสัญญาณที่ใช้สังเกต,แนวทางแก้ปัญหา: Troubleshooting แบบเป็นลำดับสำหรับปัญหาที่เกิดระหว่างทำ ทรัพย์สินทางปัญญา,ความปลอดภัย/จริยธรรม: ข้อควรระวัง ความปลอดภัย กฎหมาย หรือจริยธรรมที่เกี่ยวข้องกับ ทรัพย์สินทางปัญญา,ภารกิจฝึกปฏิบัติ: กิจกรรมลงมือทำเกี่ยวกับ ทรัพย์สินทางปัญญา ให้ผู้เรียนสร้างหลักฐานผลงาน,ใบงานประจำหน่วย: อธิบายใบงานของหน่วย ทรัพย์สินทางปัญญา: เป้าหมาย งานที่ต้องส่ง รูปแบบ และกำหนดตรวจ,เกณฑ์ประเมินและสรุป: Rubric ประเมินความถูกต้อง กระบวนการ คุณภาพงาน และสรุป Key Takeaway ของ ทรัพย์สินทางปัญญา,คำถามทบทวนและคิดวิเคราะห์: คำถามทบทวน 3–5 ข้อและคำถามคิดวิเคราะห์ที่เชื่อม ทรัพย์สินทางปัญญา กับสถานการณ์จริง
31900-1001,กฎหมายในงานอาชีพอุตสาหกรรมดิจิทัลและเทคโนโลยีสารสนเทศ,10,ลิขสิทธิ์ซอฟต์แวร์,1) อธิบาย ลิขสิทธิ์ซอฟต์แวร์ ได้ 2) วิเคราะห์/เลือกวิธีที่เหมาะสมได้ 3) ปฏิบัติงานหรือสร้างชิ้นงานเกี่ยวกับ ลิขสิทธิ์ซอฟต์แวร์ ได้ 4) ตรวจสอบและสะท้อนผลการทำงานได้,ใบงานหน่วยที่ 10: ลิขสิทธิ์ซอฟต์แวร์,ภารกิจ 1 อธิบายแนวคิดหลักของ ลิขสิทธิ์ซอฟต์แวร์; ภารกิจ 2 วิเคราะห์ตัวอย่าง; ภารกิจ 3 ลงมือปฏิบัติ/สร้างชิ้นงาน; ภารกิจ 4 ตรวจข้อผิดพลาด; ภารกิจ 5 สรุปสิ่งที่เรียนรู้และแนบหลักฐาน,ชื่อหน่วยและภาพรวม: อธิบายภาพรวมของ ลิขสิทธิ์ซอฟต์แวร์ และความเชื่อมโยงกับรายวิชา กฎหมายในงานอาชีพอุตสาหกรรมดิจิทัลและเทคโนโลยีสารสนเทศ,ผลลัพธ์การเรียนรู้: ผู้เรียนอธิบายหลักการ วิเคราะห์ตัวอย่าง และปฏิบัติงานเกี่ยวกับ ลิขสิทธิ์ซอฟต์แวร์ ได้ตามเกณฑ์,ความรู้เดิมที่ต้องใช้: ทบทวนความรู้พื้นฐานที่จำเป็นก่อนเรียน ลิขสิทธิ์ซอฟต์แวร์ พร้อมคำถามตรวจความพร้อม,คำศัพท์สำคัญ: รวบรวมคำศัพท์หลักของ ลิขสิทธิ์ซอฟต์แวร์ พร้อมความหมายและการใช้งานจริง,ความหมายและขอบเขต: นิยาม ลิขสิทธิ์ซอฟต์แวร์ ขอบเขตงาน และสิ่งที่อยู่/ไม่อยู่ในขอบเขต,หลักการสำคัญ: แจกแจงหลักการสำคัญของ ลิขสิทธิ์ซอฟต์แวร์ เป็นข้อ ๆ พร้อมเหตุผล,องค์ประกอบ/โครงสร้าง: แสดงองค์ประกอบหลัก ความสัมพันธ์ และลำดับการทำงานของ ลิขสิทธิ์ซอฟต์แวร์,ขั้นตอนการทำงาน 1: เริ่มต้นงาน ลิขสิทธิ์ซอฟต์แวร์: การเตรียมข้อมูล เครื่องมือ และเงื่อนไขก่อนทำ,ขั้นตอนการทำงาน 2: ขั้นดำเนินงานหลักของ ลิขสิทธิ์ซอฟต์แวร์ พร้อมจุดตรวจสอบระหว่างทาง,ขั้นตอนการทำงาน 3: ขั้นตรวจผล บันทึกผล และส่งมอบงานของ ลิขสิทธิ์ซอฟต์แวร์,ตัวอย่างที่ถูกต้อง: ตัวอย่างการประยุกต์ ลิขสิทธิ์ซอฟต์แวร์ ที่ถูกต้อง พร้อมอธิบายเหตุผลทีละส่วน,ตัวอย่างที่ผิดและเหตุผล: ตัวอย่างข้อผิดพลาดของ ลิขสิทธิ์ซอฟต์แวร์ วิเคราะห์สาเหตุและผลกระทบ,สาธิต/กรณีตัวอย่าง: กรณีศึกษาจากสถานการณ์จริงหรือจำลองเกี่ยวกับ ลิขสิทธิ์ซอฟต์แวร์,ข้อผิดพลาดที่พบบ่อย: รวบรวม Common Mistake ของ ลิขสิทธิ์ซอฟต์แวร์ และสัญญาณที่ใช้สังเกต,แนวทางแก้ปัญหา: Troubleshooting แบบเป็นลำดับสำหรับปัญหาที่เกิดระหว่างทำ ลิขสิทธิ์ซอฟต์แวร์,ความปลอดภัย/จริยธรรม: ข้อควรระวัง ความปลอดภัย กฎหมาย หรือจริยธรรมที่เกี่ยวข้องกับ ลิขสิทธิ์ซอฟต์แวร์,ภารกิจฝึกปฏิบัติ: กิจกรรมลงมือทำเกี่ยวกับ ลิขสิทธิ์ซอฟต์แวร์ ให้ผู้เรียนสร้างหลักฐานผลงาน,ใบงานประจำหน่วย: อธิบายใบงานของหน่วย ลิขสิทธิ์ซอฟต์แวร์: เป้าหมาย งานที่ต้องส่ง รูปแบบ และกำหนดตรวจ,เกณฑ์ประเมินและสรุป: Rubric ประเมินความถูกต้อง กระบวนการ คุณภาพงาน และสรุป Key Takeaway ของ ลิขสิทธิ์ซอฟต์แวร์,คำถามทบทวนและคิดวิเคราะห์: คำถามทบทวน 3–5 ข้อและคำถามคิดวิเคราะห์ที่เชื่อม ลิขสิทธิ์ซอฟต์แวร์ กับสถานการณ์จริง
31900-1001,กฎหมายในงานอาชีพอุตสาหกรรมดิจิทัลและเทคโนโลยีสารสนเทศ,11,สัญญาดิจิทัล,1) อธิบาย สัญญาดิจิทัล ได้ 2) วิเคราะห์/เลือกวิธีที่เหมาะสมได้ 3) ปฏิบัติงานหรือสร้างชิ้นงานเกี่ยวกับ สัญญาดิจิทัล ได้ 4) ตรวจสอบและสะท้อนผลการทำงานได้,ใบงานหน่วยที่ 11: สัญญาดิจิทัล,ภารกิจ 1 อธิบายแนวคิดหลักของ สัญญาดิจิทัล; ภารกิจ 2 วิเคราะห์ตัวอย่าง; ภารกิจ 3 ลงมือปฏิบัติ/สร้างชิ้นงาน; ภารกิจ 4 ตรวจข้อผิดพลาด; ภารกิจ 5 สรุปสิ่งที่เรียนรู้และแนบหลักฐาน,ชื่อหน่วยและภาพรวม: อธิบายภาพรวมของ สัญญาดิจิทัล และความเชื่อมโยงกับรายวิชา กฎหมายในงานอาชีพอุตสาหกรรมดิจิทัลและเทคโนโลยีสารสนเทศ,ผลลัพธ์การเรียนรู้: ผู้เรียนอธิบายหลักการ วิเคราะห์ตัวอย่าง และปฏิบัติงานเกี่ยวกับ สัญญาดิจิทัล ได้ตามเกณฑ์,ความรู้เดิมที่ต้องใช้: ทบทวนความรู้พื้นฐานที่จำเป็นก่อนเรียน สัญญาดิจิทัล พร้อมคำถามตรวจความพร้อม,คำศัพท์สำคัญ: รวบรวมคำศัพท์หลักของ สัญญาดิจิทัล พร้อมความหมายและการใช้งานจริง,ความหมายและขอบเขต: นิยาม สัญญาดิจิทัล ขอบเขตงาน และสิ่งที่อยู่/ไม่อยู่ในขอบเขต,หลักการสำคัญ: แจกแจงหลักการสำคัญของ สัญญาดิจิทัล เป็นข้อ ๆ พร้อมเหตุผล,องค์ประกอบ/โครงสร้าง: แสดงองค์ประกอบหลัก ความสัมพันธ์ และลำดับการทำงานของ สัญญาดิจิทัล,ขั้นตอนการทำงาน 1: เริ่มต้นงาน สัญญาดิจิทัล: การเตรียมข้อมูล เครื่องมือ และเงื่อนไขก่อนทำ,ขั้นตอนการทำงาน 2: ขั้นดำเนินงานหลักของ สัญญาดิจิทัล พร้อมจุดตรวจสอบระหว่างทาง,ขั้นตอนการทำงาน 3: ขั้นตรวจผล บันทึกผล และส่งมอบงานของ สัญญาดิจิทัล,ตัวอย่างที่ถูกต้อง: ตัวอย่างการประยุกต์ สัญญาดิจิทัล ที่ถูกต้อง พร้อมอธิบายเหตุผลทีละส่วน,ตัวอย่างที่ผิดและเหตุผล: ตัวอย่างข้อผิดพลาดของ สัญญาดิจิทัล วิเคราะห์สาเหตุและผลกระทบ,สาธิต/กรณีตัวอย่าง: กรณีศึกษาจากสถานการณ์จริงหรือจำลองเกี่ยวกับ สัญญาดิจิทัล,ข้อผิดพลาดที่พบบ่อย: รวบรวม Common Mistake ของ สัญญาดิจิทัล และสัญญาณที่ใช้สังเกต,แนวทางแก้ปัญหา: Troubleshooting แบบเป็นลำดับสำหรับปัญหาที่เกิดระหว่างทำ สัญญาดิจิทัล,ความปลอดภัย/จริยธรรม: ข้อควรระวัง ความปลอดภัย กฎหมาย หรือจริยธรรมที่เกี่ยวข้องกับ สัญญาดิจิทัล,ภารกิจฝึกปฏิบัติ: กิจกรรมลงมือทำเกี่ยวกับ สัญญาดิจิทัล ให้ผู้เรียนสร้างหลักฐานผลงาน,ใบงานประจำหน่วย: อธิบายใบงานของหน่วย สัญญาดิจิทัล: เป้าหมาย งานที่ต้องส่ง รูปแบบ และกำหนดตรวจ,เกณฑ์ประเมินและสรุป: Rubric ประเมินความถูกต้อง กระบวนการ คุณภาพงาน และสรุป Key Takeaway ของ สัญญาดิจิทัล,คำถามทบทวนและคิดวิเคราะห์: คำถามทบทวน 3–5 ข้อและคำถามคิดวิเคราะห์ที่เชื่อม สัญญาดิจิทัล กับสถานการณ์จริง
31900-1001,กฎหมายในงานอาชีพอุตสาหกรรมดิจิทัลและเทคโนโลยีสารสนเทศ,12,พาณิชย์อิเล็กทรอนิกส์,1) อธิบาย พาณิชย์อิเล็กทรอนิกส์ ได้ 2) วิเคราะห์/เลือกวิธีที่เหมาะสมได้ 3) ปฏิบัติงานหรือสร้างชิ้นงานเกี่ยวกับ พาณิชย์อิเล็กทรอนิกส์ ได้ 4) ตรวจสอบและสะท้อนผลการทำงานได้,ใบงานหน่วยที่ 12: พาณิชย์อิเล็กทรอนิกส์,ภารกิจ 1 อธิบายแนวคิดหลักของ พาณิชย์อิเล็กทรอนิกส์; ภารกิจ 2 วิเคราะห์ตัวอย่าง; ภารกิจ 3 ลงมือปฏิบัติ/สร้างชิ้นงาน; ภารกิจ 4 ตรวจข้อผิดพลาด; ภารกิจ 5 สรุปสิ่งที่เรียนรู้และแนบหลักฐาน,ชื่อหน่วยและภาพรวม: อธิบายภาพรวมของ พาณิชย์อิเล็กทรอนิกส์ และความเชื่อมโยงกับรายวิชา กฎหมายในงานอาชีพอุตสาหกรรมดิจิทัลและเทคโนโลยีสารสนเทศ,ผลลัพธ์การเรียนรู้: ผู้เรียนอธิบายหลักการ วิเคราะห์ตัวอย่าง และปฏิบัติงานเกี่ยวกับ พาณิชย์อิเล็กทรอนิกส์ ได้ตามเกณฑ์,ความรู้เดิมที่ต้องใช้: ทบทวนความรู้พื้นฐานที่จำเป็นก่อนเรียน พาณิชย์อิเล็กทรอนิกส์ พร้อมคำถามตรวจความพร้อม,คำศัพท์สำคัญ: รวบรวมคำศัพท์หลักของ พาณิชย์อิเล็กทรอนิกส์ พร้อมความหมายและการใช้งานจริง,ความหมายและขอบเขต: นิยาม พาณิชย์อิเล็กทรอนิกส์ ขอบเขตงาน และสิ่งที่อยู่/ไม่อยู่ในขอบเขต,หลักการสำคัญ: แจกแจงหลักการสำคัญของ พาณิชย์อิเล็กทรอนิกส์ เป็นข้อ ๆ พร้อมเหตุผล,องค์ประกอบ/โครงสร้าง: แสดงองค์ประกอบหลัก ความสัมพันธ์ และลำดับการทำงานของ พาณิชย์อิเล็กทรอนิกส์,ขั้นตอนการทำงาน 1: เริ่มต้นงาน พาณิชย์อิเล็กทรอนิกส์: การเตรียมข้อมูล เครื่องมือ และเงื่อนไขก่อนทำ,ขั้นตอนการทำงาน 2: ขั้นดำเนินงานหลักของ พาณิชย์อิเล็กทรอนิกส์ พร้อมจุดตรวจสอบระหว่างทาง,ขั้นตอนการทำงาน 3: ขั้นตรวจผล บันทึกผล และส่งมอบงานของ พาณิชย์อิเล็กทรอนิกส์,ตัวอย่างที่ถูกต้อง: ตัวอย่างการประยุกต์ พาณิชย์อิเล็กทรอนิกส์ ที่ถูกต้อง พร้อมอธิบายเหตุผลทีละส่วน,ตัวอย่างที่ผิดและเหตุผล: ตัวอย่างข้อผิดพลาดของ พาณิชย์อิเล็กทรอนิกส์ วิเคราะห์สาเหตุและผลกระทบ,สาธิต/กรณีตัวอย่าง: กรณีศึกษาจากสถานการณ์จริงหรือจำลองเกี่ยวกับ พาณิชย์อิเล็กทรอนิกส์,ข้อผิดพลาดที่พบบ่อย: รวบรวม Common Mistake ของ พาณิชย์อิเล็กทรอนิกส์ และสัญญาณที่ใช้สังเกต,แนวทางแก้ปัญหา: Troubleshooting แบบเป็นลำดับสำหรับปัญหาที่เกิดระหว่างทำ พาณิชย์อิเล็กทรอนิกส์,ความปลอดภัย/จริยธรรม: ข้อควรระวัง ความปลอดภัย กฎหมาย หรือจริยธรรมที่เกี่ยวข้องกับ พาณิชย์อิเล็กทรอนิกส์,ภารกิจฝึกปฏิบัติ: กิจกรรมลงมือทำเกี่ยวกับ พาณิชย์อิเล็กทรอนิกส์ ให้ผู้เรียนสร้างหลักฐานผลงาน,ใบงานประจำหน่วย: อธิบายใบงานของหน่วย พาณิชย์อิเล็กทรอนิกส์: เป้าหมาย งานที่ต้องส่ง รูปแบบ และกำหนดตรวจ,เกณฑ์ประเมินและสรุป: Rubric ประเมินความถูกต้อง กระบวนการ คุณภาพงาน และสรุป Key Takeaway ของ พาณิชย์อิเล็กทรอนิกส์,คำถามทบทวนและคิดวิเคราะห์: คำถามทบทวน 3–5 ข้อและคำถามคิดวิเคราะห์ที่เชื่อม พาณิชย์อิเล็กทรอนิกส์ กับสถานการณ์จริง
31900-1001,กฎหมายในงานอาชีพอุตสาหกรรมดิจิทัลและเทคโนโลยีสารสนเทศ,13,หลักฐานอิเล็กทรอนิกส์,1) อธิบาย หลักฐานอิเล็กทรอนิกส์ ได้ 2) วิเคราะห์/เลือกวิธีที่เหมาะสมได้ 3) ปฏิบัติงานหรือสร้างชิ้นงานเกี่ยวกับ หลักฐานอิเล็กทรอนิกส์ ได้ 4) ตรวจสอบและสะท้อนผลการทำงานได้,ใบงานหน่วยที่ 13: หลักฐานอิเล็กทรอนิกส์,ภารกิจ 1 อธิบายแนวคิดหลักของ หลักฐานอิเล็กทรอนิกส์; ภารกิจ 2 วิเคราะห์ตัวอย่าง; ภารกิจ 3 ลงมือปฏิบัติ/สร้างชิ้นงาน; ภารกิจ 4 ตรวจข้อผิดพลาด; ภารกิจ 5 สรุปสิ่งที่เรียนรู้และแนบหลักฐาน,ชื่อหน่วยและภาพรวม: อธิบายภาพรวมของ หลักฐานอิเล็กทรอนิกส์ และความเชื่อมโยงกับรายวิชา กฎหมายในงานอาชีพอุตสาหกรรมดิจิทัลและเทคโนโลยีสารสนเทศ,ผลลัพธ์การเรียนรู้: ผู้เรียนอธิบายหลักการ วิเคราะห์ตัวอย่าง และปฏิบัติงานเกี่ยวกับ หลักฐานอิเล็กทรอนิกส์ ได้ตามเกณฑ์,ความรู้เดิมที่ต้องใช้: ทบทวนความรู้พื้นฐานที่จำเป็นก่อนเรียน หลักฐานอิเล็กทรอนิกส์ พร้อมคำถามตรวจความพร้อม,คำศัพท์สำคัญ: รวบรวมคำศัพท์หลักของ หลักฐานอิเล็กทรอนิกส์ พร้อมความหมายและการใช้งานจริง,ความหมายและขอบเขต: นิยาม หลักฐานอิเล็กทรอนิกส์ ขอบเขตงาน และสิ่งที่อยู่/ไม่อยู่ในขอบเขต,หลักการสำคัญ: แจกแจงหลักการสำคัญของ หลักฐานอิเล็กทรอนิกส์ เป็นข้อ ๆ พร้อมเหตุผล,องค์ประกอบ/โครงสร้าง: แสดงองค์ประกอบหลัก ความสัมพันธ์ และลำดับการทำงานของ หลักฐานอิเล็กทรอนิกส์,ขั้นตอนการทำงาน 1: เริ่มต้นงาน หลักฐานอิเล็กทรอนิกส์: การเตรียมข้อมูล เครื่องมือ และเงื่อนไขก่อนทำ,ขั้นตอนการทำงาน 2: ขั้นดำเนินงานหลักของ หลักฐานอิเล็กทรอนิกส์ พร้อมจุดตรวจสอบระหว่างทาง,ขั้นตอนการทำงาน 3: ขั้นตรวจผล บันทึกผล และส่งมอบงานของ หลักฐานอิเล็กทรอนิกส์,ตัวอย่างที่ถูกต้อง: ตัวอย่างการประยุกต์ หลักฐานอิเล็กทรอนิกส์ ที่ถูกต้อง พร้อมอธิบายเหตุผลทีละส่วน,ตัวอย่างที่ผิดและเหตุผล: ตัวอย่างข้อผิดพลาดของ หลักฐานอิเล็กทรอนิกส์ วิเคราะห์สาเหตุและผลกระทบ,สาธิต/กรณีตัวอย่าง: กรณีศึกษาจากสถานการณ์จริงหรือจำลองเกี่ยวกับ หลักฐานอิเล็กทรอนิกส์,ข้อผิดพลาดที่พบบ่อย: รวบรวม Common Mistake ของ หลักฐานอิเล็กทรอนิกส์ และสัญญาณที่ใช้สังเกต,แนวทางแก้ปัญหา: Troubleshooting แบบเป็นลำดับสำหรับปัญหาที่เกิดระหว่างทำ หลักฐานอิเล็กทรอนิกส์,ความปลอดภัย/จริยธรรม: ข้อควรระวัง ความปลอดภัย กฎหมาย หรือจริยธรรมที่เกี่ยวข้องกับ หลักฐานอิเล็กทรอนิกส์,ภารกิจฝึกปฏิบัติ: กิจกรรมลงมือทำเกี่ยวกับ หลักฐานอิเล็กทรอนิกส์ ให้ผู้เรียนสร้างหลักฐานผลงาน,ใบงานประจำหน่วย: อธิบายใบงานของหน่วย หลักฐานอิเล็กทรอนิกส์: เป้าหมาย งานที่ต้องส่ง รูปแบบ และกำหนดตรวจ,เกณฑ์ประเมินและสรุป: Rubric ประเมินความถูกต้อง กระบวนการ คุณภาพงาน และสรุป Key Takeaway ของ หลักฐานอิเล็กทรอนิกส์,คำถามทบทวนและคิดวิเคราะห์: คำถามทบทวน 3–5 ข้อและคำถามคิดวิเคราะห์ที่เชื่อม หลักฐานอิเล็กทรอนิกส์ กับสถานการณ์จริง
31900-1001,กฎหมายในงานอาชีพอุตสาหกรรมดิจิทัลและเทคโนโลยีสารสนเทศ,14,จริยธรรมวิชาชีพ,1) อธิบาย จริยธรรมวิชาชีพ ได้ 2) วิเคราะห์/เลือกวิธีที่เหมาะสมได้ 3) ปฏิบัติงานหรือสร้างชิ้นงานเกี่ยวกับ จริยธรรมวิชาชีพ ได้ 4) ตรวจสอบและสะท้อนผลการทำงานได้,ใบงานหน่วยที่ 14: จริยธรรมวิชาชีพ,ภารกิจ 1 อธิบายแนวคิดหลักของ จริยธรรมวิชาชีพ; ภารกิจ 2 วิเคราะห์ตัวอย่าง; ภารกิจ 3 ลงมือปฏิบัติ/สร้างชิ้นงาน; ภารกิจ 4 ตรวจข้อผิดพลาด; ภารกิจ 5 สรุปสิ่งที่เรียนรู้และแนบหลักฐาน,ชื่อหน่วยและภาพรวม: อธิบายภาพรวมของ จริยธรรมวิชาชีพ และความเชื่อมโยงกับรายวิชา กฎหมายในงานอาชีพอุตสาหกรรมดิจิทัลและเทคโนโลยีสารสนเทศ,ผลลัพธ์การเรียนรู้: ผู้เรียนอธิบายหลักการ วิเคราะห์ตัวอย่าง และปฏิบัติงานเกี่ยวกับ จริยธรรมวิชาชีพ ได้ตามเกณฑ์,ความรู้เดิมที่ต้องใช้: ทบทวนความรู้พื้นฐานที่จำเป็นก่อนเรียน จริยธรรมวิชาชีพ พร้อมคำถามตรวจความพร้อม,คำศัพท์สำคัญ: รวบรวมคำศัพท์หลักของ จริยธรรมวิชาชีพ พร้อมความหมายและการใช้งานจริง,ความหมายและขอบเขต: นิยาม จริยธรรมวิชาชีพ ขอบเขตงาน และสิ่งที่อยู่/ไม่อยู่ในขอบเขต,หลักการสำคัญ: แจกแจงหลักการสำคัญของ จริยธรรมวิชาชีพ เป็นข้อ ๆ พร้อมเหตุผล,องค์ประกอบ/โครงสร้าง: แสดงองค์ประกอบหลัก ความสัมพันธ์ และลำดับการทำงานของ จริยธรรมวิชาชีพ,ขั้นตอนการทำงาน 1: เริ่มต้นงาน จริยธรรมวิชาชีพ: การเตรียมข้อมูล เครื่องมือ และเงื่อนไขก่อนทำ,ขั้นตอนการทำงาน 2: ขั้นดำเนินงานหลักของ จริยธรรมวิชาชีพ พร้อมจุดตรวจสอบระหว่างทาง,ขั้นตอนการทำงาน 3: ขั้นตรวจผล บันทึกผล และส่งมอบงานของ จริยธรรมวิชาชีพ,ตัวอย่างที่ถูกต้อง: ตัวอย่างการประยุกต์ จริยธรรมวิชาชีพ ที่ถูกต้อง พร้อมอธิบายเหตุผลทีละส่วน,ตัวอย่างที่ผิดและเหตุผล: ตัวอย่างข้อผิดพลาดของ จริยธรรมวิชาชีพ วิเคราะห์สาเหตุและผลกระทบ,สาธิต/กรณีตัวอย่าง: กรณีศึกษาจากสถานการณ์จริงหรือจำลองเกี่ยวกับ จริยธรรมวิชาชีพ,ข้อผิดพลาดที่พบบ่อย: รวบรวม Common Mistake ของ จริยธรรมวิชาชีพ และสัญญาณที่ใช้สังเกต,แนวทางแก้ปัญหา: Troubleshooting แบบเป็นลำดับสำหรับปัญหาที่เกิดระหว่างทำ จริยธรรมวิชาชีพ,ความปลอดภัย/จริยธรรม: ข้อควรระวัง ความปลอดภัย กฎหมาย หรือจริยธรรมที่เกี่ยวข้องกับ จริยธรรมวิชาชีพ,ภารกิจฝึกปฏิบัติ: กิจกรรมลงมือทำเกี่ยวกับ จริยธรรมวิชาชีพ ให้ผู้เรียนสร้างหลักฐานผลงาน,ใบงานประจำหน่วย: อธิบายใบงานของหน่วย จริยธรรมวิชาชีพ: เป้าหมาย งานที่ต้องส่ง รูปแบบ และกำหนดตรวจ,เกณฑ์ประเมินและสรุป: Rubric ประเมินความถูกต้อง กระบวนการ คุณภาพงาน และสรุป Key Takeaway ของ จริยธรรมวิชาชีพ,คำถามทบทวนและคิดวิเคราะห์: คำถามทบทวน 3–5 ข้อและคำถามคิดวิเคราะห์ที่เชื่อม จริยธรรมวิชาชีพ กับสถานการณ์จริง
31900-1001,กฎหมายในงานอาชีพอุตสาหกรรมดิจิทัลและเทคโนโลยีสารสนเทศ,15,กรณีศึกษาความรับผิด,1) อธิบาย กรณีศึกษาความรับผิด ได้ 2) วิเคราะห์/เลือกวิธีที่เหมาะสมได้ 3) ปฏิบัติงานหรือสร้างชิ้นงานเกี่ยวกับ กรณีศึกษาความรับผิด ได้ 4) ตรวจสอบและสะท้อนผลการทำงานได้,ใบงานหน่วยที่ 15: กรณีศึกษาความรับผิด,ภารกิจ 1 อธิบายแนวคิดหลักของ กรณีศึกษาความรับผิด; ภารกิจ 2 วิเคราะห์ตัวอย่าง; ภารกิจ 3 ลงมือปฏิบัติ/สร้างชิ้นงาน; ภารกิจ 4 ตรวจข้อผิดพลาด; ภารกิจ 5 สรุปสิ่งที่เรียนรู้และแนบหลักฐาน,ชื่อหน่วยและภาพรวม: อธิบายภาพรวมของ กรณีศึกษาความรับผิด และความเชื่อมโยงกับรายวิชา กฎหมายในงานอาชีพอุตสาหกรรมดิจิทัลและเทคโนโลยีสารสนเทศ,ผลลัพธ์การเรียนรู้: ผู้เรียนอธิบายหลักการ วิเคราะห์ตัวอย่าง และปฏิบัติงานเกี่ยวกับ กรณีศึกษาความรับผิด ได้ตามเกณฑ์,ความรู้เดิมที่ต้องใช้: ทบทวนความรู้พื้นฐานที่จำเป็นก่อนเรียน กรณีศึกษาความรับผิด พร้อมคำถามตรวจความพร้อม,คำศัพท์สำคัญ: รวบรวมคำศัพท์หลักของ กรณีศึกษาความรับผิด พร้อมความหมายและการใช้งานจริง,ความหมายและขอบเขต: นิยาม กรณีศึกษาความรับผิด ขอบเขตงาน และสิ่งที่อยู่/ไม่อยู่ในขอบเขต,หลักการสำคัญ: แจกแจงหลักการสำคัญของ กรณีศึกษาความรับผิด เป็นข้อ ๆ พร้อมเหตุผล,องค์ประกอบ/โครงสร้าง: แสดงองค์ประกอบหลัก ความสัมพันธ์ และลำดับการทำงานของ กรณีศึกษาความรับผิด,ขั้นตอนการทำงาน 1: เริ่มต้นงาน กรณีศึกษาความรับผิด: การเตรียมข้อมูล เครื่องมือ และเงื่อนไขก่อนทำ,ขั้นตอนการทำงาน 2: ขั้นดำเนินงานหลักของ กรณีศึกษาความรับผิด พร้อมจุดตรวจสอบระหว่างทาง,ขั้นตอนการทำงาน 3: ขั้นตรวจผล บันทึกผล และส่งมอบงานของ กรณีศึกษาความรับผิด,ตัวอย่างที่ถูกต้อง: ตัวอย่างการประยุกต์ กรณีศึกษาความรับผิด ที่ถูกต้อง พร้อมอธิบายเหตุผลทีละส่วน,ตัวอย่างที่ผิดและเหตุผล: ตัวอย่างข้อผิดพลาดของ กรณีศึกษาความรับผิด วิเคราะห์สาเหตุและผลกระทบ,สาธิต/กรณีตัวอย่าง: กรณีศึกษาจากสถานการณ์จริงหรือจำลองเกี่ยวกับ กรณีศึกษาความรับผิด,ข้อผิดพลาดที่พบบ่อย: รวบรวม Common Mistake ของ กรณีศึกษาความรับผิด และสัญญาณที่ใช้สังเกต,แนวทางแก้ปัญหา: Troubleshooting แบบเป็นลำดับสำหรับปัญหาที่เกิดระหว่างทำ กรณีศึกษาความรับผิด,ความปลอดภัย/จริยธรรม: ข้อควรระวัง ความปลอดภัย กฎหมาย หรือจริยธรรมที่เกี่ยวข้องกับ กรณีศึกษาความรับผิด,ภารกิจฝึกปฏิบัติ: กิจกรรมลงมือทำเกี่ยวกับ กรณีศึกษาความรับผิด ให้ผู้เรียนสร้างหลักฐานผลงาน,ใบงานประจำหน่วย: อธิบายใบงานของหน่วย กรณีศึกษาความรับผิด: เป้าหมาย งานที่ต้องส่ง รูปแบบ และกำหนดตรวจ,เกณฑ์ประเมินและสรุป: Rubric ประเมินความถูกต้อง กระบวนการ คุณภาพงาน และสรุป Key Takeaway ของ กรณีศึกษาความรับผิด,คำถามทบทวนและคิดวิเคราะห์: คำถามทบทวน 3–5 ข้อและคำถามคิดวิเคราะห์ที่เชื่อม กรณีศึกษาความรับผิด กับสถานการณ์จริง
31900-1001,กฎหมายในงานอาชีพอุตสาหกรรมดิจิทัลและเทคโนโลยีสารสนเทศ,16,แนวปฏิบัติองค์กร,1) อธิบาย แนวปฏิบัติองค์กร ได้ 2) วิเคราะห์/เลือกวิธีที่เหมาะสมได้ 3) ปฏิบัติงานหรือสร้างชิ้นงานเกี่ยวกับ แนวปฏิบัติองค์กร ได้ 4) ตรวจสอบและสะท้อนผลการทำงานได้,ใบงานหน่วยที่ 16: แนวปฏิบัติองค์กร,ภารกิจ 1 อธิบายแนวคิดหลักของ แนวปฏิบัติองค์กร; ภารกิจ 2 วิเคราะห์ตัวอย่าง; ภารกิจ 3 ลงมือปฏิบัติ/สร้างชิ้นงาน; ภารกิจ 4 ตรวจข้อผิดพลาด; ภารกิจ 5 สรุปสิ่งที่เรียนรู้และแนบหลักฐาน,ชื่อหน่วยและภาพรวม: อธิบายภาพรวมของ แนวปฏิบัติองค์กร และความเชื่อมโยงกับรายวิชา กฎหมายในงานอาชีพอุตสาหกรรมดิจิทัลและเทคโนโลยีสารสนเทศ,ผลลัพธ์การเรียนรู้: ผู้เรียนอธิบายหลักการ วิเคราะห์ตัวอย่าง และปฏิบัติงานเกี่ยวกับ แนวปฏิบัติองค์กร ได้ตามเกณฑ์,ความรู้เดิมที่ต้องใช้: ทบทวนความรู้พื้นฐานที่จำเป็นก่อนเรียน แนวปฏิบัติองค์กร พร้อมคำถามตรวจความพร้อม,คำศัพท์สำคัญ: รวบรวมคำศัพท์หลักของ แนวปฏิบัติองค์กร พร้อมความหมายและการใช้งานจริง,ความหมายและขอบเขต: นิยาม แนวปฏิบัติองค์กร ขอบเขตงาน และสิ่งที่อยู่/ไม่อยู่ในขอบเขต,หลักการสำคัญ: แจกแจงหลักการสำคัญของ แนวปฏิบัติองค์กร เป็นข้อ ๆ พร้อมเหตุผล,องค์ประกอบ/โครงสร้าง: แสดงองค์ประกอบหลัก ความสัมพันธ์ และลำดับการทำงานของ แนวปฏิบัติองค์กร,ขั้นตอนการทำงาน 1: เริ่มต้นงาน แนวปฏิบัติองค์กร: การเตรียมข้อมูล เครื่องมือ และเงื่อนไขก่อนทำ,ขั้นตอนการทำงาน 2: ขั้นดำเนินงานหลักของ แนวปฏิบัติองค์กร พร้อมจุดตรวจสอบระหว่างทาง,ขั้นตอนการทำงาน 3: ขั้นตรวจผล บันทึกผล และส่งมอบงานของ แนวปฏิบัติองค์กร,ตัวอย่างที่ถูกต้อง: ตัวอย่างการประยุกต์ แนวปฏิบัติองค์กร ที่ถูกต้อง พร้อมอธิบายเหตุผลทีละส่วน,ตัวอย่างที่ผิดและเหตุผล: ตัวอย่างข้อผิดพลาดของ แนวปฏิบัติองค์กร วิเคราะห์สาเหตุและผลกระทบ,สาธิต/กรณีตัวอย่าง: กรณีศึกษาจากสถานการณ์จริงหรือจำลองเกี่ยวกับ แนวปฏิบัติองค์กร,ข้อผิดพลาดที่พบบ่อย: รวบรวม Common Mistake ของ แนวปฏิบัติองค์กร และสัญญาณที่ใช้สังเกต,แนวทางแก้ปัญหา: Troubleshooting แบบเป็นลำดับสำหรับปัญหาที่เกิดระหว่างทำ แนวปฏิบัติองค์กร,ความปลอดภัย/จริยธรรม: ข้อควรระวัง ความปลอดภัย กฎหมาย หรือจริยธรรมที่เกี่ยวข้องกับ แนวปฏิบัติองค์กร,ภารกิจฝึกปฏิบัติ: กิจกรรมลงมือทำเกี่ยวกับ แนวปฏิบัติองค์กร ให้ผู้เรียนสร้างหลักฐานผลงาน,ใบงานประจำหน่วย: อธิบายใบงานของหน่วย แนวปฏิบัติองค์กร: เป้าหมาย งานที่ต้องส่ง รูปแบบ และกำหนดตรวจ,เกณฑ์ประเมินและสรุป: Rubric ประเมินความถูกต้อง กระบวนการ คุณภาพงาน และสรุป Key Takeaway ของ แนวปฏิบัติองค์กร,คำถามทบทวนและคิดวิเคราะห์: คำถามทบทวน 3–5 ข้อและคำถามคิดวิเคราะห์ที่เชื่อม แนวปฏิบัติองค์กร กับสถานการณ์จริง
31900-1001,กฎหมายในงานอาชีพอุตสาหกรรมดิจิทัลและเทคโนโลยีสารสนเทศ,17,สรุปกฎหมายสำหรับผู้ปฏิบัติงาน,1) อธิบาย สรุปกฎหมายสำหรับผู้ปฏิบัติงาน ได้ 2) วิเคราะห์/เลือกวิธีที่เหมาะสมได้ 3) ปฏิบัติงานหรือสร้างชิ้นงานเกี่ยวกับ สรุปกฎหมายสำหรับผู้ปฏิบัติงาน ได้ 4) ตรวจสอบและสะท้อนผลการทำงานได้,ใบงานหน่วยที่ 17: สรุปกฎหมายสำหรับผู้ปฏิบัติงาน,ภารกิจ 1 อธิบายแนวคิดหลักของ สรุปกฎหมายสำหรับผู้ปฏิบัติงาน; ภารกิจ 2 วิเคราะห์ตัวอย่าง; ภารกิจ 3 ลงมือปฏิบัติ/สร้างชิ้นงาน; ภารกิจ 4 ตรวจข้อผิดพลาด; ภารกิจ 5 สรุปสิ่งที่เรียนรู้และแนบหลักฐาน,ชื่อหน่วยและภาพรวม: อธิบายภาพรวมของ สรุปกฎหมายสำหรับผู้ปฏิบัติงาน และความเชื่อมโยงกับรายวิชา กฎหมายในงานอาชีพอุตสาหกรรมดิจิทัลและเทคโนโลยีสารสนเทศ,ผลลัพธ์การเรียนรู้: ผู้เรียนอธิบายหลักการ วิเคราะห์ตัวอย่าง และปฏิบัติงานเกี่ยวกับ สรุปกฎหมายสำหรับผู้ปฏิบัติงาน ได้ตามเกณฑ์,ความรู้เดิมที่ต้องใช้: ทบทวนความรู้พื้นฐานที่จำเป็นก่อนเรียน สรุปกฎหมายสำหรับผู้ปฏิบัติงาน พร้อมคำถามตรวจความพร้อม,คำศัพท์สำคัญ: รวบรวมคำศัพท์หลักของ สรุปกฎหมายสำหรับผู้ปฏิบัติงาน พร้อมความหมายและการใช้งานจริง,ความหมายและขอบเขต: นิยาม สรุปกฎหมายสำหรับผู้ปฏิบัติงาน ขอบเขตงาน และสิ่งที่อยู่/ไม่อยู่ในขอบเขต,หลักการสำคัญ: แจกแจงหลักการสำคัญของ สรุปกฎหมายสำหรับผู้ปฏิบัติงาน เป็นข้อ ๆ พร้อมเหตุผล,องค์ประกอบ/โครงสร้าง: แสดงองค์ประกอบหลัก ความสัมพันธ์ และลำดับการทำงานของ สรุปกฎหมายสำหรับผู้ปฏิบัติงาน,ขั้นตอนการทำงาน 1: เริ่มต้นงาน สรุปกฎหมายสำหรับผู้ปฏิบัติงาน: การเตรียมข้อมูล เครื่องมือ และเงื่อนไขก่อนทำ,ขั้นตอนการทำงาน 2: ขั้นดำเนินงานหลักของ สรุปกฎหมายสำหรับผู้ปฏิบัติงาน พร้อมจุดตรวจสอบระหว่างทาง,ขั้นตอนการทำงาน 3: ขั้นตรวจผล บันทึกผล และส่งมอบงานของ สรุปกฎหมายสำหรับผู้ปฏิบัติงาน,ตัวอย่างที่ถูกต้อง: ตัวอย่างการประยุกต์ สรุปกฎหมายสำหรับผู้ปฏิบัติงาน ที่ถูกต้อง พร้อมอธิบายเหตุผลทีละส่วน,ตัวอย่างที่ผิดและเหตุผล: ตัวอย่างข้อผิดพลาดของ สรุปกฎหมายสำหรับผู้ปฏิบัติงาน วิเคราะห์สาเหตุและผลกระทบ,สาธิต/กรณีตัวอย่าง: กรณีศึกษาจากสถานการณ์จริงหรือจำลองเกี่ยวกับ สรุปกฎหมายสำหรับผู้ปฏิบัติงาน,ข้อผิดพลาดที่พบบ่อย: รวบรวม Common Mistake ของ สรุปกฎหมายสำหรับผู้ปฏิบัติงาน และสัญญาณที่ใช้สังเกต,แนวทางแก้ปัญหา: Troubleshooting แบบเป็นลำดับสำหรับปัญหาที่เกิดระหว่างทำ สรุปกฎหมายสำหรับผู้ปฏิบัติงาน,ความปลอดภัย/จริยธรรม: ข้อควรระวัง ความปลอดภัย กฎหมาย หรือจริยธรรมที่เกี่ยวข้องกับ สรุปกฎหมายสำหรับผู้ปฏิบัติงาน,ภารกิจฝึกปฏิบัติ: กิจกรรมลงมือทำเกี่ยวกับ สรุปกฎหมายสำหรับผู้ปฏิบัติงาน ให้ผู้เรียนสร้างหลักฐานผลงาน,ใบงานประจำหน่วย: อธิบายใบงานของหน่วย สรุปกฎหมายสำหรับผู้ปฏิบัติงาน: เป้าหมาย งานที่ต้องส่ง รูปแบบ และกำหนดตรวจ,เกณฑ์ประเมินและสรุป: Rubric ประเมินความถูกต้อง กระบวนการ คุณภาพงาน และสรุป Key Takeaway ของ สรุปกฎหมายสำหรับผู้ปฏิบัติงาน,คำถามทบทวนและคิดวิเคราะห์: คำถามทบทวน 3–5 ข้อและคำถามคิดวิเคราะห์ที่เชื่อม สรุปกฎหมายสำหรับผู้ปฏิบัติงาน กับสถานการณ์จริง
30000-2002,กิจกรรมองค์การวิชาชีพ 1,1,บทบาทองค์การวิชาชีพ,1) อธิบาย บทบาทองค์การวิชาชีพ ได้ 2) วิเคราะห์/เลือกวิธีที่เหมาะสมได้ 3) ปฏิบัติงานหรือสร้างชิ้นงานเกี่ยวกับ บทบาทองค์การวิชาชีพ ได้ 4) ตรวจสอบและสะท้อนผลการทำงานได้,ใบงานหน่วยที่ 1: บทบาทองค์การวิชาชีพ,ภารกิจ 1 อธิบายแนวคิดหลักของ บทบาทองค์การวิชาชีพ; ภารกิจ 2 วิเคราะห์ตัวอย่าง; ภารกิจ 3 ลงมือปฏิบัติ/สร้างชิ้นงาน; ภารกิจ 4 ตรวจข้อผิดพลาด; ภารกิจ 5 สรุปสิ่งที่เรียนรู้และแนบหลักฐาน,ชื่อหน่วยและภาพรวม: อธิบายภาพรวมของ บทบาทองค์การวิชาชีพ และความเชื่อมโยงกับรายวิชา กิจกรรมองค์การวิชาชีพ 1,ผลลัพธ์การเรียนรู้: ผู้เรียนอธิบายหลักการ วิเคราะห์ตัวอย่าง และปฏิบัติงานเกี่ยวกับ บทบาทองค์การวิชาชีพ ได้ตามเกณฑ์,ความรู้เดิมที่ต้องใช้: ทบทวนความรู้พื้นฐานที่จำเป็นก่อนเรียน บทบาทองค์การวิชาชีพ พร้อมคำถามตรวจความพร้อม,คำศัพท์สำคัญ: รวบรวมคำศัพท์หลักของ บทบาทองค์การวิชาชีพ พร้อมความหมายและการใช้งานจริง,ความหมายและขอบเขต: นิยาม บทบาทองค์การวิชาชีพ ขอบเขตงาน และสิ่งที่อยู่/ไม่อยู่ในขอบเขต,หลักการสำคัญ: แจกแจงหลักการสำคัญของ บทบาทองค์การวิชาชีพ เป็นข้อ ๆ พร้อมเหตุผล,องค์ประกอบ/โครงสร้าง: แสดงองค์ประกอบหลัก ความสัมพันธ์ และลำดับการทำงานของ บทบาทองค์การวิชาชีพ,ขั้นตอนการทำงาน 1: เริ่มต้นงาน บทบาทองค์การวิชาชีพ: การเตรียมข้อมูล เครื่องมือ และเงื่อนไขก่อนทำ,ขั้นตอนการทำงาน 2: ขั้นดำเนินงานหลักของ บทบาทองค์การวิชาชีพ พร้อมจุดตรวจสอบระหว่างทาง,ขั้นตอนการทำงาน 3: ขั้นตรวจผล บันทึกผล และส่งมอบงานของ บทบาทองค์การวิชาชีพ,ตัวอย่างที่ถูกต้อง: ตัวอย่างการประยุกต์ บทบาทองค์การวิชาชีพ ที่ถูกต้อง พร้อมอธิบายเหตุผลทีละส่วน,ตัวอย่างที่ผิดและเหตุผล: ตัวอย่างข้อผิดพลาดของ บทบาทองค์การวิชาชีพ วิเคราะห์สาเหตุและผลกระทบ,สาธิต/กรณีตัวอย่าง: กรณีศึกษาจากสถานการณ์จริงหรือจำลองเกี่ยวกับ บทบาทองค์การวิชาชีพ,ข้อผิดพลาดที่พบบ่อย: รวบรวม Common Mistake ของ บทบาทองค์การวิชาชีพ และสัญญาณที่ใช้สังเกต,แนวทางแก้ปัญหา: Troubleshooting แบบเป็นลำดับสำหรับปัญหาที่เกิดระหว่างทำ บทบาทองค์การวิชาชีพ,ความปลอดภัย/จริยธรรม: ข้อควรระวัง ความปลอดภัย กฎหมาย หรือจริยธรรมที่เกี่ยวข้องกับ บทบาทองค์การวิชาชีพ,ภารกิจฝึกปฏิบัติ: กิจกรรมลงมือทำเกี่ยวกับ บทบาทองค์การวิชาชีพ ให้ผู้เรียนสร้างหลักฐานผลงาน,ใบงานประจำหน่วย: อธิบายใบงานของหน่วย บทบาทองค์การวิชาชีพ: เป้าหมาย งานที่ต้องส่ง รูปแบบ และกำหนดตรวจ,เกณฑ์ประเมินและสรุป: Rubric ประเมินความถูกต้อง กระบวนการ คุณภาพงาน และสรุป Key Takeaway ของ บทบาทองค์การวิชาชีพ,คำถามทบทวนและคิดวิเคราะห์: คำถามทบทวน 3–5 ข้อและคำถามคิดวิเคราะห์ที่เชื่อม บทบาทองค์การวิชาชีพ กับสถานการณ์จริง
30000-2002,กิจกรรมองค์การวิชาชีพ 1,2,การทำงานเป็นทีม,1) อธิบาย การทำงานเป็นทีม ได้ 2) วิเคราะห์/เลือกวิธีที่เหมาะสมได้ 3) ปฏิบัติงานหรือสร้างชิ้นงานเกี่ยวกับ การทำงานเป็นทีม ได้ 4) ตรวจสอบและสะท้อนผลการทำงานได้,ใบงานหน่วยที่ 2: การทำงานเป็นทีม,ภารกิจ 1 อธิบายแนวคิดหลักของ การทำงานเป็นทีม; ภารกิจ 2 วิเคราะห์ตัวอย่าง; ภารกิจ 3 ลงมือปฏิบัติ/สร้างชิ้นงาน; ภารกิจ 4 ตรวจข้อผิดพลาด; ภารกิจ 5 สรุปสิ่งที่เรียนรู้และแนบหลักฐาน,ชื่อหน่วยและภาพรวม: อธิบายภาพรวมของ การทำงานเป็นทีม และความเชื่อมโยงกับรายวิชา กิจกรรมองค์การวิชาชีพ 1,ผลลัพธ์การเรียนรู้: ผู้เรียนอธิบายหลักการ วิเคราะห์ตัวอย่าง และปฏิบัติงานเกี่ยวกับ การทำงานเป็นทีม ได้ตามเกณฑ์,ความรู้เดิมที่ต้องใช้: ทบทวนความรู้พื้นฐานที่จำเป็นก่อนเรียน การทำงานเป็นทีม พร้อมคำถามตรวจความพร้อม,คำศัพท์สำคัญ: รวบรวมคำศัพท์หลักของ การทำงานเป็นทีม พร้อมความหมายและการใช้งานจริง,ความหมายและขอบเขต: นิยาม การทำงานเป็นทีม ขอบเขตงาน และสิ่งที่อยู่/ไม่อยู่ในขอบเขต,หลักการสำคัญ: แจกแจงหลักการสำคัญของ การทำงานเป็นทีม เป็นข้อ ๆ พร้อมเหตุผล,องค์ประกอบ/โครงสร้าง: แสดงองค์ประกอบหลัก ความสัมพันธ์ และลำดับการทำงานของ การทำงานเป็นทีม,ขั้นตอนการทำงาน 1: เริ่มต้นงาน การทำงานเป็นทีม: การเตรียมข้อมูล เครื่องมือ และเงื่อนไขก่อนทำ,ขั้นตอนการทำงาน 2: ขั้นดำเนินงานหลักของ การทำงานเป็นทีม พร้อมจุดตรวจสอบระหว่างทาง,ขั้นตอนการทำงาน 3: ขั้นตรวจผล บันทึกผล และส่งมอบงานของ การทำงานเป็นทีม,ตัวอย่างที่ถูกต้อง: ตัวอย่างการประยุกต์ การทำงานเป็นทีม ที่ถูกต้อง พร้อมอธิบายเหตุผลทีละส่วน,ตัวอย่างที่ผิดและเหตุผล: ตัวอย่างข้อผิดพลาดของ การทำงานเป็นทีม วิเคราะห์สาเหตุและผลกระทบ,สาธิต/กรณีตัวอย่าง: กรณีศึกษาจากสถานการณ์จริงหรือจำลองเกี่ยวกับ การทำงานเป็นทีม,ข้อผิดพลาดที่พบบ่อย: รวบรวม Common Mistake ของ การทำงานเป็นทีม และสัญญาณที่ใช้สังเกต,แนวทางแก้ปัญหา: Troubleshooting แบบเป็นลำดับสำหรับปัญหาที่เกิดระหว่างทำ การทำงานเป็นทีม,ความปลอดภัย/จริยธรรม: ข้อควรระวัง ความปลอดภัย กฎหมาย หรือจริยธรรมที่เกี่ยวข้องกับ การทำงานเป็นทีม,ภารกิจฝึกปฏิบัติ: กิจกรรมลงมือทำเกี่ยวกับ การทำงานเป็นทีม ให้ผู้เรียนสร้างหลักฐานผลงาน,ใบงานประจำหน่วย: อธิบายใบงานของหน่วย การทำงานเป็นทีม: เป้าหมาย งานที่ต้องส่ง รูปแบบ และกำหนดตรวจ,เกณฑ์ประเมินและสรุป: Rubric ประเมินความถูกต้อง กระบวนการ คุณภาพงาน และสรุป Key Takeaway ของ การทำงานเป็นทีม,คำถามทบทวนและคิดวิเคราะห์: คำถามทบทวน 3–5 ข้อและคำถามคิดวิเคราะห์ที่เชื่อม การทำงานเป็นทีม กับสถานการณ์จริง
30000-2002,กิจกรรมองค์การวิชาชีพ 1,3,ภาวะผู้นำ,1) อธิบาย ภาวะผู้นำ ได้ 2) วิเคราะห์/เลือกวิธีที่เหมาะสมได้ 3) ปฏิบัติงานหรือสร้างชิ้นงานเกี่ยวกับ ภาวะผู้นำ ได้ 4) ตรวจสอบและสะท้อนผลการทำงานได้,ใบงานหน่วยที่ 3: ภาวะผู้นำ,ภารกิจ 1 อธิบายแนวคิดหลักของ ภาวะผู้นำ; ภารกิจ 2 วิเคราะห์ตัวอย่าง; ภารกิจ 3 ลงมือปฏิบัติ/สร้างชิ้นงาน; ภารกิจ 4 ตรวจข้อผิดพลาด; ภารกิจ 5 สรุปสิ่งที่เรียนรู้และแนบหลักฐาน,ชื่อหน่วยและภาพรวม: อธิบายภาพรวมของ ภาวะผู้นำ และความเชื่อมโยงกับรายวิชา กิจกรรมองค์การวิชาชีพ 1,ผลลัพธ์การเรียนรู้: ผู้เรียนอธิบายหลักการ วิเคราะห์ตัวอย่าง และปฏิบัติงานเกี่ยวกับ ภาวะผู้นำ ได้ตามเกณฑ์,ความรู้เดิมที่ต้องใช้: ทบทวนความรู้พื้นฐานที่จำเป็นก่อนเรียน ภาวะผู้นำ พร้อมคำถามตรวจความพร้อม,คำศัพท์สำคัญ: รวบรวมคำศัพท์หลักของ ภาวะผู้นำ พร้อมความหมายและการใช้งานจริง,ความหมายและขอบเขต: นิยาม ภาวะผู้นำ ขอบเขตงาน และสิ่งที่อยู่/ไม่อยู่ในขอบเขต,หลักการสำคัญ: แจกแจงหลักการสำคัญของ ภาวะผู้นำ เป็นข้อ ๆ พร้อมเหตุผล,องค์ประกอบ/โครงสร้าง: แสดงองค์ประกอบหลัก ความสัมพันธ์ และลำดับการทำงานของ ภาวะผู้นำ,ขั้นตอนการทำงาน 1: เริ่มต้นงาน ภาวะผู้นำ: การเตรียมข้อมูล เครื่องมือ และเงื่อนไขก่อนทำ,ขั้นตอนการทำงาน 2: ขั้นดำเนินงานหลักของ ภาวะผู้นำ พร้อมจุดตรวจสอบระหว่างทาง,ขั้นตอนการทำงาน 3: ขั้นตรวจผล บันทึกผล และส่งมอบงานของ ภาวะผู้นำ,ตัวอย่างที่ถูกต้อง: ตัวอย่างการประยุกต์ ภาวะผู้นำ ที่ถูกต้อง พร้อมอธิบายเหตุผลทีละส่วน,ตัวอย่างที่ผิดและเหตุผล: ตัวอย่างข้อผิดพลาดของ ภาวะผู้นำ วิเคราะห์สาเหตุและผลกระทบ,สาธิต/กรณีตัวอย่าง: กรณีศึกษาจากสถานการณ์จริงหรือจำลองเกี่ยวกับ ภาวะผู้นำ,ข้อผิดพลาดที่พบบ่อย: รวบรวม Common Mistake ของ ภาวะผู้นำ และสัญญาณที่ใช้สังเกต,แนวทางแก้ปัญหา: Troubleshooting แบบเป็นลำดับสำหรับปัญหาที่เกิดระหว่างทำ ภาวะผู้นำ,ความปลอดภัย/จริยธรรม: ข้อควรระวัง ความปลอดภัย กฎหมาย หรือจริยธรรมที่เกี่ยวข้องกับ ภาวะผู้นำ,ภารกิจฝึกปฏิบัติ: กิจกรรมลงมือทำเกี่ยวกับ ภาวะผู้นำ ให้ผู้เรียนสร้างหลักฐานผลงาน,ใบงานประจำหน่วย: อธิบายใบงานของหน่วย ภาวะผู้นำ: เป้าหมาย งานที่ต้องส่ง รูปแบบ และกำหนดตรวจ,เกณฑ์ประเมินและสรุป: Rubric ประเมินความถูกต้อง กระบวนการ คุณภาพงาน และสรุป Key Takeaway ของ ภาวะผู้นำ,คำถามทบทวนและคิดวิเคราะห์: คำถามทบทวน 3–5 ข้อและคำถามคิดวิเคราะห์ที่เชื่อม ภาวะผู้นำ กับสถานการณ์จริง
30000-2002,กิจกรรมองค์การวิชาชีพ 1,4,การประชุม,1) อธิบาย การประชุม ได้ 2) วิเคราะห์/เลือกวิธีที่เหมาะสมได้ 3) ปฏิบัติงานหรือสร้างชิ้นงานเกี่ยวกับ การประชุม ได้ 4) ตรวจสอบและสะท้อนผลการทำงานได้,ใบงานหน่วยที่ 4: การประชุม,ภารกิจ 1 อธิบายแนวคิดหลักของ การประชุม; ภารกิจ 2 วิเคราะห์ตัวอย่าง; ภารกิจ 3 ลงมือปฏิบัติ/สร้างชิ้นงาน; ภารกิจ 4 ตรวจข้อผิดพลาด; ภารกิจ 5 สรุปสิ่งที่เรียนรู้และแนบหลักฐาน,ชื่อหน่วยและภาพรวม: อธิบายภาพรวมของ การประชุม และความเชื่อมโยงกับรายวิชา กิจกรรมองค์การวิชาชีพ 1,ผลลัพธ์การเรียนรู้: ผู้เรียนอธิบายหลักการ วิเคราะห์ตัวอย่าง และปฏิบัติงานเกี่ยวกับ การประชุม ได้ตามเกณฑ์,ความรู้เดิมที่ต้องใช้: ทบทวนความรู้พื้นฐานที่จำเป็นก่อนเรียน การประชุม พร้อมคำถามตรวจความพร้อม,คำศัพท์สำคัญ: รวบรวมคำศัพท์หลักของ การประชุม พร้อมความหมายและการใช้งานจริง,ความหมายและขอบเขต: นิยาม การประชุม ขอบเขตงาน และสิ่งที่อยู่/ไม่อยู่ในขอบเขต,หลักการสำคัญ: แจกแจงหลักการสำคัญของ การประชุม เป็นข้อ ๆ พร้อมเหตุผล,องค์ประกอบ/โครงสร้าง: แสดงองค์ประกอบหลัก ความสัมพันธ์ และลำดับการทำงานของ การประชุม,ขั้นตอนการทำงาน 1: เริ่มต้นงาน การประชุม: การเตรียมข้อมูล เครื่องมือ และเงื่อนไขก่อนทำ,ขั้นตอนการทำงาน 2: ขั้นดำเนินงานหลักของ การประชุม พร้อมจุดตรวจสอบระหว่างทาง,ขั้นตอนการทำงาน 3: ขั้นตรวจผล บันทึกผล และส่งมอบงานของ การประชุม,ตัวอย่างที่ถูกต้อง: ตัวอย่างการประยุกต์ การประชุม ที่ถูกต้อง พร้อมอธิบายเหตุผลทีละส่วน,ตัวอย่างที่ผิดและเหตุผล: ตัวอย่างข้อผิดพลาดของ การประชุม วิเคราะห์สาเหตุและผลกระทบ,สาธิต/กรณีตัวอย่าง: กรณีศึกษาจากสถานการณ์จริงหรือจำลองเกี่ยวกับ การประชุม,ข้อผิดพลาดที่พบบ่อย: รวบรวม Common Mistake ของ การประชุม และสัญญาณที่ใช้สังเกต,แนวทางแก้ปัญหา: Troubleshooting แบบเป็นลำดับสำหรับปัญหาที่เกิดระหว่างทำ การประชุม,ความปลอดภัย/จริยธรรม: ข้อควรระวัง ความปลอดภัย กฎหมาย หรือจริยธรรมที่เกี่ยวข้องกับ การประชุม,ภารกิจฝึกปฏิบัติ: กิจกรรมลงมือทำเกี่ยวกับ การประชุม ให้ผู้เรียนสร้างหลักฐานผลงาน,ใบงานประจำหน่วย: อธิบายใบงานของหน่วย การประชุม: เป้าหมาย งานที่ต้องส่ง รูปแบบ และกำหนดตรวจ,เกณฑ์ประเมินและสรุป: Rubric ประเมินความถูกต้อง กระบวนการ คุณภาพงาน และสรุป Key Takeaway ของ การประชุม,คำถามทบทวนและคิดวิเคราะห์: คำถามทบทวน 3–5 ข้อและคำถามคิดวิเคราะห์ที่เชื่อม การประชุม กับสถานการณ์จริง
30000-2002,กิจกรรมองค์การวิชาชีพ 1,5,การสื่อสารในองค์กร,1) อธิบาย การสื่อสารในองค์กร ได้ 2) วิเคราะห์/เลือกวิธีที่เหมาะสมได้ 3) ปฏิบัติงานหรือสร้างชิ้นงานเกี่ยวกับ การสื่อสารในองค์กร ได้ 4) ตรวจสอบและสะท้อนผลการทำงานได้,ใบงานหน่วยที่ 5: การสื่อสารในองค์กร,ภารกิจ 1 อธิบายแนวคิดหลักของ การสื่อสารในองค์กร; ภารกิจ 2 วิเคราะห์ตัวอย่าง; ภารกิจ 3 ลงมือปฏิบัติ/สร้างชิ้นงาน; ภารกิจ 4 ตรวจข้อผิดพลาด; ภารกิจ 5 สรุปสิ่งที่เรียนรู้และแนบหลักฐาน,ชื่อหน่วยและภาพรวม: อธิบายภาพรวมของ การสื่อสารในองค์กร และความเชื่อมโยงกับรายวิชา กิจกรรมองค์การวิชาชีพ 1,ผลลัพธ์การเรียนรู้: ผู้เรียนอธิบายหลักการ วิเคราะห์ตัวอย่าง และปฏิบัติงานเกี่ยวกับ การสื่อสารในองค์กร ได้ตามเกณฑ์,ความรู้เดิมที่ต้องใช้: ทบทวนความรู้พื้นฐานที่จำเป็นก่อนเรียน การสื่อสารในองค์กร พร้อมคำถามตรวจความพร้อม,คำศัพท์สำคัญ: รวบรวมคำศัพท์หลักของ การสื่อสารในองค์กร พร้อมความหมายและการใช้งานจริง,ความหมายและขอบเขต: นิยาม การสื่อสารในองค์กร ขอบเขตงาน และสิ่งที่อยู่/ไม่อยู่ในขอบเขต,หลักการสำคัญ: แจกแจงหลักการสำคัญของ การสื่อสารในองค์กร เป็นข้อ ๆ พร้อมเหตุผล,องค์ประกอบ/โครงสร้าง: แสดงองค์ประกอบหลัก ความสัมพันธ์ และลำดับการทำงานของ การสื่อสารในองค์กร,ขั้นตอนการทำงาน 1: เริ่มต้นงาน การสื่อสารในองค์กร: การเตรียมข้อมูล เครื่องมือ และเงื่อนไขก่อนทำ,ขั้นตอนการทำงาน 2: ขั้นดำเนินงานหลักของ การสื่อสารในองค์กร พร้อมจุดตรวจสอบระหว่างทาง,ขั้นตอนการทำงาน 3: ขั้นตรวจผล บันทึกผล และส่งมอบงานของ การสื่อสารในองค์กร,ตัวอย่างที่ถูกต้อง: ตัวอย่างการประยุกต์ การสื่อสารในองค์กร ที่ถูกต้อง พร้อมอธิบายเหตุผลทีละส่วน,ตัวอย่างที่ผิดและเหตุผล: ตัวอย่างข้อผิดพลาดของ การสื่อสารในองค์กร วิเคราะห์สาเหตุและผลกระทบ,สาธิต/กรณีตัวอย่าง: กรณีศึกษาจากสถานการณ์จริงหรือจำลองเกี่ยวกับ การสื่อสารในองค์กร,ข้อผิดพลาดที่พบบ่อย: รวบรวม Common Mistake ของ การสื่อสารในองค์กร และสัญญาณที่ใช้สังเกต,แนวทางแก้ปัญหา: Troubleshooting แบบเป็นลำดับสำหรับปัญหาที่เกิดระหว่างทำ การสื่อสารในองค์กร,ความปลอดภัย/จริยธรรม: ข้อควรระวัง ความปลอดภัย กฎหมาย หรือจริยธรรมที่เกี่ยวข้องกับ การสื่อสารในองค์กร,ภารกิจฝึกปฏิบัติ: กิจกรรมลงมือทำเกี่ยวกับ การสื่อสารในองค์กร ให้ผู้เรียนสร้างหลักฐานผลงาน,ใบงานประจำหน่วย: อธิบายใบงานของหน่วย การสื่อสารในองค์กร: เป้าหมาย งานที่ต้องส่ง รูปแบบ และกำหนดตรวจ,เกณฑ์ประเมินและสรุป: Rubric ประเมินความถูกต้อง กระบวนการ คุณภาพงาน และสรุป Key Takeaway ของ การสื่อสารในองค์กร,คำถามทบทวนและคิดวิเคราะห์: คำถามทบทวน 3–5 ข้อและคำถามคิดวิเคราะห์ที่เชื่อม การสื่อสารในองค์กร กับสถานการณ์จริง
30000-2002,กิจกรรมองค์การวิชาชีพ 1,6,การวางแผนกิจกรรม,1) อธิบาย การวางแผนกิจกรรม ได้ 2) วิเคราะห์/เลือกวิธีที่เหมาะสมได้ 3) ปฏิบัติงานหรือสร้างชิ้นงานเกี่ยวกับ การวางแผนกิจกรรม ได้ 4) ตรวจสอบและสะท้อนผลการทำงานได้,ใบงานหน่วยที่ 6: การวางแผนกิจกรรม,ภารกิจ 1 อธิบายแนวคิดหลักของ การวางแผนกิจกรรม; ภารกิจ 2 วิเคราะห์ตัวอย่าง; ภารกิจ 3 ลงมือปฏิบัติ/สร้างชิ้นงาน; ภารกิจ 4 ตรวจข้อผิดพลาด; ภารกิจ 5 สรุปสิ่งที่เรียนรู้และแนบหลักฐาน,ชื่อหน่วยและภาพรวม: อธิบายภาพรวมของ การวางแผนกิจกรรม และความเชื่อมโยงกับรายวิชา กิจกรรมองค์การวิชาชีพ 1,ผลลัพธ์การเรียนรู้: ผู้เรียนอธิบายหลักการ วิเคราะห์ตัวอย่าง และปฏิบัติงานเกี่ยวกับ การวางแผนกิจกรรม ได้ตามเกณฑ์,ความรู้เดิมที่ต้องใช้: ทบทวนความรู้พื้นฐานที่จำเป็นก่อนเรียน การวางแผนกิจกรรม พร้อมคำถามตรวจความพร้อม,คำศัพท์สำคัญ: รวบรวมคำศัพท์หลักของ การวางแผนกิจกรรม พร้อมความหมายและการใช้งานจริง,ความหมายและขอบเขต: นิยาม การวางแผนกิจกรรม ขอบเขตงาน และสิ่งที่อยู่/ไม่อยู่ในขอบเขต,หลักการสำคัญ: แจกแจงหลักการสำคัญของ การวางแผนกิจกรรม เป็นข้อ ๆ พร้อมเหตุผล,องค์ประกอบ/โครงสร้าง: แสดงองค์ประกอบหลัก ความสัมพันธ์ และลำดับการทำงานของ การวางแผนกิจกรรม,ขั้นตอนการทำงาน 1: เริ่มต้นงาน การวางแผนกิจกรรม: การเตรียมข้อมูล เครื่องมือ และเงื่อนไขก่อนทำ,ขั้นตอนการทำงาน 2: ขั้นดำเนินงานหลักของ การวางแผนกิจกรรม พร้อมจุดตรวจสอบระหว่างทาง,ขั้นตอนการทำงาน 3: ขั้นตรวจผล บันทึกผล และส่งมอบงานของ การวางแผนกิจกรรม,ตัวอย่างที่ถูกต้อง: ตัวอย่างการประยุกต์ การวางแผนกิจกรรม ที่ถูกต้อง พร้อมอธิบายเหตุผลทีละส่วน,ตัวอย่างที่ผิดและเหตุผล: ตัวอย่างข้อผิดพลาดของ การวางแผนกิจกรรม วิเคราะห์สาเหตุและผลกระทบ,สาธิต/กรณีตัวอย่าง: กรณีศึกษาจากสถานการณ์จริงหรือจำลองเกี่ยวกับ การวางแผนกิจกรรม,ข้อผิดพลาดที่พบบ่อย: รวบรวม Common Mistake ของ การวางแผนกิจกรรม และสัญญาณที่ใช้สังเกต,แนวทางแก้ปัญหา: Troubleshooting แบบเป็นลำดับสำหรับปัญหาที่เกิดระหว่างทำ การวางแผนกิจกรรม,ความปลอดภัย/จริยธรรม: ข้อควรระวัง ความปลอดภัย กฎหมาย หรือจริยธรรมที่เกี่ยวข้องกับ การวางแผนกิจกรรม,ภารกิจฝึกปฏิบัติ: กิจกรรมลงมือทำเกี่ยวกับ การวางแผนกิจกรรม ให้ผู้เรียนสร้างหลักฐานผลงาน,ใบงานประจำหน่วย: อธิบายใบงานของหน่วย การวางแผนกิจกรรม: เป้าหมาย งานที่ต้องส่ง รูปแบบ และกำหนดตรวจ,เกณฑ์ประเมินและสรุป: Rubric ประเมินความถูกต้อง กระบวนการ คุณภาพงาน และสรุป Key Takeaway ของ การวางแผนกิจกรรม,คำถามทบทวนและคิดวิเคราะห์: คำถามทบทวน 3–5 ข้อและคำถามคิดวิเคราะห์ที่เชื่อม การวางแผนกิจกรรม กับสถานการณ์จริง
30000-2002,กิจกรรมองค์การวิชาชีพ 1,7,การจัดทำโครงการ,1) อธิบาย การจัดทำโครงการ ได้ 2) วิเคราะห์/เลือกวิธีที่เหมาะสมได้ 3) ปฏิบัติงานหรือสร้างชิ้นงานเกี่ยวกับ การจัดทำโครงการ ได้ 4) ตรวจสอบและสะท้อนผลการทำงานได้,ใบงานหน่วยที่ 7: การจัดทำโครงการ,ภารกิจ 1 อธิบายแนวคิดหลักของ การจัดทำโครงการ; ภารกิจ 2 วิเคราะห์ตัวอย่าง; ภารกิจ 3 ลงมือปฏิบัติ/สร้างชิ้นงาน; ภารกิจ 4 ตรวจข้อผิดพลาด; ภารกิจ 5 สรุปสิ่งที่เรียนรู้และแนบหลักฐาน,ชื่อหน่วยและภาพรวม: อธิบายภาพรวมของ การจัดทำโครงการ และความเชื่อมโยงกับรายวิชา กิจกรรมองค์การวิชาชีพ 1,ผลลัพธ์การเรียนรู้: ผู้เรียนอธิบายหลักการ วิเคราะห์ตัวอย่าง และปฏิบัติงานเกี่ยวกับ การจัดทำโครงการ ได้ตามเกณฑ์,ความรู้เดิมที่ต้องใช้: ทบทวนความรู้พื้นฐานที่จำเป็นก่อนเรียน การจัดทำโครงการ พร้อมคำถามตรวจความพร้อม,คำศัพท์สำคัญ: รวบรวมคำศัพท์หลักของ การจัดทำโครงการ พร้อมความหมายและการใช้งานจริง,ความหมายและขอบเขต: นิยาม การจัดทำโครงการ ขอบเขตงาน และสิ่งที่อยู่/ไม่อยู่ในขอบเขต,หลักการสำคัญ: แจกแจงหลักการสำคัญของ การจัดทำโครงการ เป็นข้อ ๆ พร้อมเหตุผล,องค์ประกอบ/โครงสร้าง: แสดงองค์ประกอบหลัก ความสัมพันธ์ และลำดับการทำงานของ การจัดทำโครงการ,ขั้นตอนการทำงาน 1: เริ่มต้นงาน การจัดทำโครงการ: การเตรียมข้อมูล เครื่องมือ และเงื่อนไขก่อนทำ,ขั้นตอนการทำงาน 2: ขั้นดำเนินงานหลักของ การจัดทำโครงการ พร้อมจุดตรวจสอบระหว่างทาง,ขั้นตอนการทำงาน 3: ขั้นตรวจผล บันทึกผล และส่งมอบงานของ การจัดทำโครงการ,ตัวอย่างที่ถูกต้อง: ตัวอย่างการประยุกต์ การจัดทำโครงการ ที่ถูกต้อง พร้อมอธิบายเหตุผลทีละส่วน,ตัวอย่างที่ผิดและเหตุผล: ตัวอย่างข้อผิดพลาดของ การจัดทำโครงการ วิเคราะห์สาเหตุและผลกระทบ,สาธิต/กรณีตัวอย่าง: กรณีศึกษาจากสถานการณ์จริงหรือจำลองเกี่ยวกับ การจัดทำโครงการ,ข้อผิดพลาดที่พบบ่อย: รวบรวม Common Mistake ของ การจัดทำโครงการ และสัญญาณที่ใช้สังเกต,แนวทางแก้ปัญหา: Troubleshooting แบบเป็นลำดับสำหรับปัญหาที่เกิดระหว่างทำ การจัดทำโครงการ,ความปลอดภัย/จริยธรรม: ข้อควรระวัง ความปลอดภัย กฎหมาย หรือจริยธรรมที่เกี่ยวข้องกับ การจัดทำโครงการ,ภารกิจฝึกปฏิบัติ: กิจกรรมลงมือทำเกี่ยวกับ การจัดทำโครงการ ให้ผู้เรียนสร้างหลักฐานผลงาน,ใบงานประจำหน่วย: อธิบายใบงานของหน่วย การจัดทำโครงการ: เป้าหมาย งานที่ต้องส่ง รูปแบบ และกำหนดตรวจ,เกณฑ์ประเมินและสรุป: Rubric ประเมินความถูกต้อง กระบวนการ คุณภาพงาน และสรุป Key Takeaway ของ การจัดทำโครงการ,คำถามทบทวนและคิดวิเคราะห์: คำถามทบทวน 3–5 ข้อและคำถามคิดวิเคราะห์ที่เชื่อม การจัดทำโครงการ กับสถานการณ์จริง
30000-2002,กิจกรรมองค์การวิชาชีพ 1,8,งบประมาณกิจกรรม,1) อธิบาย งบประมาณกิจกรรม ได้ 2) วิเคราะห์/เลือกวิธีที่เหมาะสมได้ 3) ปฏิบัติงานหรือสร้างชิ้นงานเกี่ยวกับ งบประมาณกิจกรรม ได้ 4) ตรวจสอบและสะท้อนผลการทำงานได้,ใบงานหน่วยที่ 8: งบประมาณกิจกรรม,ภารกิจ 1 อธิบายแนวคิดหลักของ งบประมาณกิจกรรม; ภารกิจ 2 วิเคราะห์ตัวอย่าง; ภารกิจ 3 ลงมือปฏิบัติ/สร้างชิ้นงาน; ภารกิจ 4 ตรวจข้อผิดพลาด; ภารกิจ 5 สรุปสิ่งที่เรียนรู้และแนบหลักฐาน,ชื่อหน่วยและภาพรวม: อธิบายภาพรวมของ งบประมาณกิจกรรม และความเชื่อมโยงกับรายวิชา กิจกรรมองค์การวิชาชีพ 1,ผลลัพธ์การเรียนรู้: ผู้เรียนอธิบายหลักการ วิเคราะห์ตัวอย่าง และปฏิบัติงานเกี่ยวกับ งบประมาณกิจกรรม ได้ตามเกณฑ์,ความรู้เดิมที่ต้องใช้: ทบทวนความรู้พื้นฐานที่จำเป็นก่อนเรียน งบประมาณกิจกรรม พร้อมคำถามตรวจความพร้อม,คำศัพท์สำคัญ: รวบรวมคำศัพท์หลักของ งบประมาณกิจกรรม พร้อมความหมายและการใช้งานจริง,ความหมายและขอบเขต: นิยาม งบประมาณกิจกรรม ขอบเขตงาน และสิ่งที่อยู่/ไม่อยู่ในขอบเขต,หลักการสำคัญ: แจกแจงหลักการสำคัญของ งบประมาณกิจกรรม เป็นข้อ ๆ พร้อมเหตุผล,องค์ประกอบ/โครงสร้าง: แสดงองค์ประกอบหลัก ความสัมพันธ์ และลำดับการทำงานของ งบประมาณกิจกรรม,ขั้นตอนการทำงาน 1: เริ่มต้นงาน งบประมาณกิจกรรม: การเตรียมข้อมูล เครื่องมือ และเงื่อนไขก่อนทำ,ขั้นตอนการทำงาน 2: ขั้นดำเนินงานหลักของ งบประมาณกิจกรรม พร้อมจุดตรวจสอบระหว่างทาง,ขั้นตอนการทำงาน 3: ขั้นตรวจผล บันทึกผล และส่งมอบงานของ งบประมาณกิจกรรม,ตัวอย่างที่ถูกต้อง: ตัวอย่างการประยุกต์ งบประมาณกิจกรรม ที่ถูกต้อง พร้อมอธิบายเหตุผลทีละส่วน,ตัวอย่างที่ผิดและเหตุผล: ตัวอย่างข้อผิดพลาดของ งบประมาณกิจกรรม วิเคราะห์สาเหตุและผลกระทบ,สาธิต/กรณีตัวอย่าง: กรณีศึกษาจากสถานการณ์จริงหรือจำลองเกี่ยวกับ งบประมาณกิจกรรม,ข้อผิดพลาดที่พบบ่อย: รวบรวม Common Mistake ของ งบประมาณกิจกรรม และสัญญาณที่ใช้สังเกต,แนวทางแก้ปัญหา: Troubleshooting แบบเป็นลำดับสำหรับปัญหาที่เกิดระหว่างทำ งบประมาณกิจกรรม,ความปลอดภัย/จริยธรรม: ข้อควรระวัง ความปลอดภัย กฎหมาย หรือจริยธรรมที่เกี่ยวข้องกับ งบประมาณกิจกรรม,ภารกิจฝึกปฏิบัติ: กิจกรรมลงมือทำเกี่ยวกับ งบประมาณกิจกรรม ให้ผู้เรียนสร้างหลักฐานผลงาน,ใบงานประจำหน่วย: อธิบายใบงานของหน่วย งบประมาณกิจกรรม: เป้าหมาย งานที่ต้องส่ง รูปแบบ และกำหนดตรวจ,เกณฑ์ประเมินและสรุป: Rubric ประเมินความถูกต้อง กระบวนการ คุณภาพงาน และสรุป Key Takeaway ของ งบประมาณกิจกรรม,คำถามทบทวนและคิดวิเคราะห์: คำถามทบทวน 3–5 ข้อและคำถามคิดวิเคราะห์ที่เชื่อม งบประมาณกิจกรรม กับสถานการณ์จริง
30000-2002,กิจกรรมองค์การวิชาชีพ 1,9,การแบ่งหน้าที่,1) อธิบาย การแบ่งหน้าที่ ได้ 2) วิเคราะห์/เลือกวิธีที่เหมาะสมได้ 3) ปฏิบัติงานหรือสร้างชิ้นงานเกี่ยวกับ การแบ่งหน้าที่ ได้ 4) ตรวจสอบและสะท้อนผลการทำงานได้,ใบงานหน่วยที่ 9: การแบ่งหน้าที่,ภารกิจ 1 อธิบายแนวคิดหลักของ การแบ่งหน้าที่; ภารกิจ 2 วิเคราะห์ตัวอย่าง; ภารกิจ 3 ลงมือปฏิบัติ/สร้างชิ้นงาน; ภารกิจ 4 ตรวจข้อผิดพลาด; ภารกิจ 5 สรุปสิ่งที่เรียนรู้และแนบหลักฐาน,ชื่อหน่วยและภาพรวม: อธิบายภาพรวมของ การแบ่งหน้าที่ และความเชื่อมโยงกับรายวิชา กิจกรรมองค์การวิชาชีพ 1,ผลลัพธ์การเรียนรู้: ผู้เรียนอธิบายหลักการ วิเคราะห์ตัวอย่าง และปฏิบัติงานเกี่ยวกับ การแบ่งหน้าที่ ได้ตามเกณฑ์,ความรู้เดิมที่ต้องใช้: ทบทวนความรู้พื้นฐานที่จำเป็นก่อนเรียน การแบ่งหน้าที่ พร้อมคำถามตรวจความพร้อม,คำศัพท์สำคัญ: รวบรวมคำศัพท์หลักของ การแบ่งหน้าที่ พร้อมความหมายและการใช้งานจริง,ความหมายและขอบเขต: นิยาม การแบ่งหน้าที่ ขอบเขตงาน และสิ่งที่อยู่/ไม่อยู่ในขอบเขต,หลักการสำคัญ: แจกแจงหลักการสำคัญของ การแบ่งหน้าที่ เป็นข้อ ๆ พร้อมเหตุผล,องค์ประกอบ/โครงสร้าง: แสดงองค์ประกอบหลัก ความสัมพันธ์ และลำดับการทำงานของ การแบ่งหน้าที่,ขั้นตอนการทำงาน 1: เริ่มต้นงาน การแบ่งหน้าที่: การเตรียมข้อมูล เครื่องมือ และเงื่อนไขก่อนทำ,ขั้นตอนการทำงาน 2: ขั้นดำเนินงานหลักของ การแบ่งหน้าที่ พร้อมจุดตรวจสอบระหว่างทาง,ขั้นตอนการทำงาน 3: ขั้นตรวจผล บันทึกผล และส่งมอบงานของ การแบ่งหน้าที่,ตัวอย่างที่ถูกต้อง: ตัวอย่างการประยุกต์ การแบ่งหน้าที่ ที่ถูกต้อง พร้อมอธิบายเหตุผลทีละส่วน,ตัวอย่างที่ผิดและเหตุผล: ตัวอย่างข้อผิดพลาดของ การแบ่งหน้าที่ วิเคราะห์สาเหตุและผลกระทบ,สาธิต/กรณีตัวอย่าง: กรณีศึกษาจากสถานการณ์จริงหรือจำลองเกี่ยวกับ การแบ่งหน้าที่,ข้อผิดพลาดที่พบบ่อย: รวบรวม Common Mistake ของ การแบ่งหน้าที่ และสัญญาณที่ใช้สังเกต,แนวทางแก้ปัญหา: Troubleshooting แบบเป็นลำดับสำหรับปัญหาที่เกิดระหว่างทำ การแบ่งหน้าที่,ความปลอดภัย/จริยธรรม: ข้อควรระวัง ความปลอดภัย กฎหมาย หรือจริยธรรมที่เกี่ยวข้องกับ การแบ่งหน้าที่,ภารกิจฝึกปฏิบัติ: กิจกรรมลงมือทำเกี่ยวกับ การแบ่งหน้าที่ ให้ผู้เรียนสร้างหลักฐานผลงาน,ใบงานประจำหน่วย: อธิบายใบงานของหน่วย การแบ่งหน้าที่: เป้าหมาย งานที่ต้องส่ง รูปแบบ และกำหนดตรวจ,เกณฑ์ประเมินและสรุป: Rubric ประเมินความถูกต้อง กระบวนการ คุณภาพงาน และสรุป Key Takeaway ของ การแบ่งหน้าที่,คำถามทบทวนและคิดวิเคราะห์: คำถามทบทวน 3–5 ข้อและคำถามคิดวิเคราะห์ที่เชื่อม การแบ่งหน้าที่ กับสถานการณ์จริง
30000-2002,กิจกรรมองค์การวิชาชีพ 1,10,การบริหารเวลา,1) อธิบาย การบริหารเวลา ได้ 2) วิเคราะห์/เลือกวิธีที่เหมาะสมได้ 3) ปฏิบัติงานหรือสร้างชิ้นงานเกี่ยวกับ การบริหารเวลา ได้ 4) ตรวจสอบและสะท้อนผลการทำงานได้,ใบงานหน่วยที่ 10: การบริหารเวลา,ภารกิจ 1 อธิบายแนวคิดหลักของ การบริหารเวลา; ภารกิจ 2 วิเคราะห์ตัวอย่าง; ภารกิจ 3 ลงมือปฏิบัติ/สร้างชิ้นงาน; ภารกิจ 4 ตรวจข้อผิดพลาด; ภารกิจ 5 สรุปสิ่งที่เรียนรู้และแนบหลักฐาน,ชื่อหน่วยและภาพรวม: อธิบายภาพรวมของ การบริหารเวลา และความเชื่อมโยงกับรายวิชา กิจกรรมองค์การวิชาชีพ 1,ผลลัพธ์การเรียนรู้: ผู้เรียนอธิบายหลักการ วิเคราะห์ตัวอย่าง และปฏิบัติงานเกี่ยวกับ การบริหารเวลา ได้ตามเกณฑ์,ความรู้เดิมที่ต้องใช้: ทบทวนความรู้พื้นฐานที่จำเป็นก่อนเรียน การบริหารเวลา พร้อมคำถามตรวจความพร้อม,คำศัพท์สำคัญ: รวบรวมคำศัพท์หลักของ การบริหารเวลา พร้อมความหมายและการใช้งานจริง,ความหมายและขอบเขต: นิยาม การบริหารเวลา ขอบเขตงาน และสิ่งที่อยู่/ไม่อยู่ในขอบเขต,หลักการสำคัญ: แจกแจงหลักการสำคัญของ การบริหารเวลา เป็นข้อ ๆ พร้อมเหตุผล,องค์ประกอบ/โครงสร้าง: แสดงองค์ประกอบหลัก ความสัมพันธ์ และลำดับการทำงานของ การบริหารเวลา,ขั้นตอนการทำงาน 1: เริ่มต้นงาน การบริหารเวลา: การเตรียมข้อมูล เครื่องมือ และเงื่อนไขก่อนทำ,ขั้นตอนการทำงาน 2: ขั้นดำเนินงานหลักของ การบริหารเวลา พร้อมจุดตรวจสอบระหว่างทาง,ขั้นตอนการทำงาน 3: ขั้นตรวจผล บันทึกผล และส่งมอบงานของ การบริหารเวลา,ตัวอย่างที่ถูกต้อง: ตัวอย่างการประยุกต์ การบริหารเวลา ที่ถูกต้อง พร้อมอธิบายเหตุผลทีละส่วน,ตัวอย่างที่ผิดและเหตุผล: ตัวอย่างข้อผิดพลาดของ การบริหารเวลา วิเคราะห์สาเหตุและผลกระทบ,สาธิต/กรณีตัวอย่าง: กรณีศึกษาจากสถานการณ์จริงหรือจำลองเกี่ยวกับ การบริหารเวลา,ข้อผิดพลาดที่พบบ่อย: รวบรวม Common Mistake ของ การบริหารเวลา และสัญญาณที่ใช้สังเกต,แนวทางแก้ปัญหา: Troubleshooting แบบเป็นลำดับสำหรับปัญหาที่เกิดระหว่างทำ การบริหารเวลา,ความปลอดภัย/จริยธรรม: ข้อควรระวัง ความปลอดภัย กฎหมาย หรือจริยธรรมที่เกี่ยวข้องกับ การบริหารเวลา,ภารกิจฝึกปฏิบัติ: กิจกรรมลงมือทำเกี่ยวกับ การบริหารเวลา ให้ผู้เรียนสร้างหลักฐานผลงาน,ใบงานประจำหน่วย: อธิบายใบงานของหน่วย การบริหารเวลา: เป้าหมาย งานที่ต้องส่ง รูปแบบ และกำหนดตรวจ,เกณฑ์ประเมินและสรุป: Rubric ประเมินความถูกต้อง กระบวนการ คุณภาพงาน และสรุป Key Takeaway ของ การบริหารเวลา,คำถามทบทวนและคิดวิเคราะห์: คำถามทบทวน 3–5 ข้อและคำถามคิดวิเคราะห์ที่เชื่อม การบริหารเวลา กับสถานการณ์จริง
30000-2002,กิจกรรมองค์การวิชาชีพ 1,11,การประสานงาน,1) อธิบาย การประสานงาน ได้ 2) วิเคราะห์/เลือกวิธีที่เหมาะสมได้ 3) ปฏิบัติงานหรือสร้างชิ้นงานเกี่ยวกับ การประสานงาน ได้ 4) ตรวจสอบและสะท้อนผลการทำงานได้,ใบงานหน่วยที่ 11: การประสานงาน,ภารกิจ 1 อธิบายแนวคิดหลักของ การประสานงาน; ภารกิจ 2 วิเคราะห์ตัวอย่าง; ภารกิจ 3 ลงมือปฏิบัติ/สร้างชิ้นงาน; ภารกิจ 4 ตรวจข้อผิดพลาด; ภารกิจ 5 สรุปสิ่งที่เรียนรู้และแนบหลักฐาน,ชื่อหน่วยและภาพรวม: อธิบายภาพรวมของ การประสานงาน และความเชื่อมโยงกับรายวิชา กิจกรรมองค์การวิชาชีพ 1,ผลลัพธ์การเรียนรู้: ผู้เรียนอธิบายหลักการ วิเคราะห์ตัวอย่าง และปฏิบัติงานเกี่ยวกับ การประสานงาน ได้ตามเกณฑ์,ความรู้เดิมที่ต้องใช้: ทบทวนความรู้พื้นฐานที่จำเป็นก่อนเรียน การประสานงาน พร้อมคำถามตรวจความพร้อม,คำศัพท์สำคัญ: รวบรวมคำศัพท์หลักของ การประสานงาน พร้อมความหมายและการใช้งานจริง,ความหมายและขอบเขต: นิยาม การประสานงาน ขอบเขตงาน และสิ่งที่อยู่/ไม่อยู่ในขอบเขต,หลักการสำคัญ: แจกแจงหลักการสำคัญของ การประสานงาน เป็นข้อ ๆ พร้อมเหตุผล,องค์ประกอบ/โครงสร้าง: แสดงองค์ประกอบหลัก ความสัมพันธ์ และลำดับการทำงานของ การประสานงาน,ขั้นตอนการทำงาน 1: เริ่มต้นงาน การประสานงาน: การเตรียมข้อมูล เครื่องมือ และเงื่อนไขก่อนทำ,ขั้นตอนการทำงาน 2: ขั้นดำเนินงานหลักของ การประสานงาน พร้อมจุดตรวจสอบระหว่างทาง,ขั้นตอนการทำงาน 3: ขั้นตรวจผล บันทึกผล และส่งมอบงานของ การประสานงาน,ตัวอย่างที่ถูกต้อง: ตัวอย่างการประยุกต์ การประสานงาน ที่ถูกต้อง พร้อมอธิบายเหตุผลทีละส่วน,ตัวอย่างที่ผิดและเหตุผล: ตัวอย่างข้อผิดพลาดของ การประสานงาน วิเคราะห์สาเหตุและผลกระทบ,สาธิต/กรณีตัวอย่าง: กรณีศึกษาจากสถานการณ์จริงหรือจำลองเกี่ยวกับ การประสานงาน,ข้อผิดพลาดที่พบบ่อย: รวบรวม Common Mistake ของ การประสานงาน และสัญญาณที่ใช้สังเกต,แนวทางแก้ปัญหา: Troubleshooting แบบเป็นลำดับสำหรับปัญหาที่เกิดระหว่างทำ การประสานงาน,ความปลอดภัย/จริยธรรม: ข้อควรระวัง ความปลอดภัย กฎหมาย หรือจริยธรรมที่เกี่ยวข้องกับ การประสานงาน,ภารกิจฝึกปฏิบัติ: กิจกรรมลงมือทำเกี่ยวกับ การประสานงาน ให้ผู้เรียนสร้างหลักฐานผลงาน,ใบงานประจำหน่วย: อธิบายใบงานของหน่วย การประสานงาน: เป้าหมาย งานที่ต้องส่ง รูปแบบ และกำหนดตรวจ,เกณฑ์ประเมินและสรุป: Rubric ประเมินความถูกต้อง กระบวนการ คุณภาพงาน และสรุป Key Takeaway ของ การประสานงาน,คำถามทบทวนและคิดวิเคราะห์: คำถามทบทวน 3–5 ข้อและคำถามคิดวิเคราะห์ที่เชื่อม การประสานงาน กับสถานการณ์จริง
30000-2002,กิจกรรมองค์การวิชาชีพ 1,12,การจัดกิจกรรมบริการ,1) อธิบาย การจัดกิจกรรมบริการ ได้ 2) วิเคราะห์/เลือกวิธีที่เหมาะสมได้ 3) ปฏิบัติงานหรือสร้างชิ้นงานเกี่ยวกับ การจัดกิจกรรมบริการ ได้ 4) ตรวจสอบและสะท้อนผลการทำงานได้,ใบงานหน่วยที่ 12: การจัดกิจกรรมบริการ,ภารกิจ 1 อธิบายแนวคิดหลักของ การจัดกิจกรรมบริการ; ภารกิจ 2 วิเคราะห์ตัวอย่าง; ภารกิจ 3 ลงมือปฏิบัติ/สร้างชิ้นงาน; ภารกิจ 4 ตรวจข้อผิดพลาด; ภารกิจ 5 สรุปสิ่งที่เรียนรู้และแนบหลักฐาน,ชื่อหน่วยและภาพรวม: อธิบายภาพรวมของ การจัดกิจกรรมบริการ และความเชื่อมโยงกับรายวิชา กิจกรรมองค์การวิชาชีพ 1,ผลลัพธ์การเรียนรู้: ผู้เรียนอธิบายหลักการ วิเคราะห์ตัวอย่าง และปฏิบัติงานเกี่ยวกับ การจัดกิจกรรมบริการ ได้ตามเกณฑ์,ความรู้เดิมที่ต้องใช้: ทบทวนความรู้พื้นฐานที่จำเป็นก่อนเรียน การจัดกิจกรรมบริการ พร้อมคำถามตรวจความพร้อม,คำศัพท์สำคัญ: รวบรวมคำศัพท์หลักของ การจัดกิจกรรมบริการ พร้อมความหมายและการใช้งานจริง,ความหมายและขอบเขต: นิยาม การจัดกิจกรรมบริการ ขอบเขตงาน และสิ่งที่อยู่/ไม่อยู่ในขอบเขต,หลักการสำคัญ: แจกแจงหลักการสำคัญของ การจัดกิจกรรมบริการ เป็นข้อ ๆ พร้อมเหตุผล,องค์ประกอบ/โครงสร้าง: แสดงองค์ประกอบหลัก ความสัมพันธ์ และลำดับการทำงานของ การจัดกิจกรรมบริการ,ขั้นตอนการทำงาน 1: เริ่มต้นงาน การจัดกิจกรรมบริการ: การเตรียมข้อมูล เครื่องมือ และเงื่อนไขก่อนทำ,ขั้นตอนการทำงาน 2: ขั้นดำเนินงานหลักของ การจัดกิจกรรมบริการ พร้อมจุดตรวจสอบระหว่างทาง,ขั้นตอนการทำงาน 3: ขั้นตรวจผล บันทึกผล และส่งมอบงานของ การจัดกิจกรรมบริการ,ตัวอย่างที่ถูกต้อง: ตัวอย่างการประยุกต์ การจัดกิจกรรมบริการ ที่ถูกต้อง พร้อมอธิบายเหตุผลทีละส่วน,ตัวอย่างที่ผิดและเหตุผล: ตัวอย่างข้อผิดพลาดของ การจัดกิจกรรมบริการ วิเคราะห์สาเหตุและผลกระทบ,สาธิต/กรณีตัวอย่าง: กรณีศึกษาจากสถานการณ์จริงหรือจำลองเกี่ยวกับ การจัดกิจกรรมบริการ,ข้อผิดพลาดที่พบบ่อย: รวบรวม Common Mistake ของ การจัดกิจกรรมบริการ และสัญญาณที่ใช้สังเกต,แนวทางแก้ปัญหา: Troubleshooting แบบเป็นลำดับสำหรับปัญหาที่เกิดระหว่างทำ การจัดกิจกรรมบริการ,ความปลอดภัย/จริยธรรม: ข้อควรระวัง ความปลอดภัย กฎหมาย หรือจริยธรรมที่เกี่ยวข้องกับ การจัดกิจกรรมบริการ,ภารกิจฝึกปฏิบัติ: กิจกรรมลงมือทำเกี่ยวกับ การจัดกิจกรรมบริการ ให้ผู้เรียนสร้างหลักฐานผลงาน,ใบงานประจำหน่วย: อธิบายใบงานของหน่วย การจัดกิจกรรมบริการ: เป้าหมาย งานที่ต้องส่ง รูปแบบ และกำหนดตรวจ,เกณฑ์ประเมินและสรุป: Rubric ประเมินความถูกต้อง กระบวนการ คุณภาพงาน และสรุป Key Takeaway ของ การจัดกิจกรรมบริการ,คำถามทบทวนและคิดวิเคราะห์: คำถามทบทวน 3–5 ข้อและคำถามคิดวิเคราะห์ที่เชื่อม การจัดกิจกรรมบริการ กับสถานการณ์จริง
30000-2002,กิจกรรมองค์การวิชาชีพ 1,13,จิตอาสา,1) อธิบาย จิตอาสา ได้ 2) วิเคราะห์/เลือกวิธีที่เหมาะสมได้ 3) ปฏิบัติงานหรือสร้างชิ้นงานเกี่ยวกับ จิตอาสา ได้ 4) ตรวจสอบและสะท้อนผลการทำงานได้,ใบงานหน่วยที่ 13: จิตอาสา,ภารกิจ 1 อธิบายแนวคิดหลักของ จิตอาสา; ภารกิจ 2 วิเคราะห์ตัวอย่าง; ภารกิจ 3 ลงมือปฏิบัติ/สร้างชิ้นงาน; ภารกิจ 4 ตรวจข้อผิดพลาด; ภารกิจ 5 สรุปสิ่งที่เรียนรู้และแนบหลักฐาน,ชื่อหน่วยและภาพรวม: อธิบายภาพรวมของ จิตอาสา และความเชื่อมโยงกับรายวิชา กิจกรรมองค์การวิชาชีพ 1,ผลลัพธ์การเรียนรู้: ผู้เรียนอธิบายหลักการ วิเคราะห์ตัวอย่าง และปฏิบัติงานเกี่ยวกับ จิตอาสา ได้ตามเกณฑ์,ความรู้เดิมที่ต้องใช้: ทบทวนความรู้พื้นฐานที่จำเป็นก่อนเรียน จิตอาสา พร้อมคำถามตรวจความพร้อม,คำศัพท์สำคัญ: รวบรวมคำศัพท์หลักของ จิตอาสา พร้อมความหมายและการใช้งานจริง,ความหมายและขอบเขต: นิยาม จิตอาสา ขอบเขตงาน และสิ่งที่อยู่/ไม่อยู่ในขอบเขต,หลักการสำคัญ: แจกแจงหลักการสำคัญของ จิตอาสา เป็นข้อ ๆ พร้อมเหตุผล,องค์ประกอบ/โครงสร้าง: แสดงองค์ประกอบหลัก ความสัมพันธ์ และลำดับการทำงานของ จิตอาสา,ขั้นตอนการทำงาน 1: เริ่มต้นงาน จิตอาสา: การเตรียมข้อมูล เครื่องมือ และเงื่อนไขก่อนทำ,ขั้นตอนการทำงาน 2: ขั้นดำเนินงานหลักของ จิตอาสา พร้อมจุดตรวจสอบระหว่างทาง,ขั้นตอนการทำงาน 3: ขั้นตรวจผล บันทึกผล และส่งมอบงานของ จิตอาสา,ตัวอย่างที่ถูกต้อง: ตัวอย่างการประยุกต์ จิตอาสา ที่ถูกต้อง พร้อมอธิบายเหตุผลทีละส่วน,ตัวอย่างที่ผิดและเหตุผล: ตัวอย่างข้อผิดพลาดของ จิตอาสา วิเคราะห์สาเหตุและผลกระทบ,สาธิต/กรณีตัวอย่าง: กรณีศึกษาจากสถานการณ์จริงหรือจำลองเกี่ยวกับ จิตอาสา,ข้อผิดพลาดที่พบบ่อย: รวบรวม Common Mistake ของ จิตอาสา และสัญญาณที่ใช้สังเกต,แนวทางแก้ปัญหา: Troubleshooting แบบเป็นลำดับสำหรับปัญหาที่เกิดระหว่างทำ จิตอาสา,ความปลอดภัย/จริยธรรม: ข้อควรระวัง ความปลอดภัย กฎหมาย หรือจริยธรรมที่เกี่ยวข้องกับ จิตอาสา,ภารกิจฝึกปฏิบัติ: กิจกรรมลงมือทำเกี่ยวกับ จิตอาสา ให้ผู้เรียนสร้างหลักฐานผลงาน,ใบงานประจำหน่วย: อธิบายใบงานของหน่วย จิตอาสา: เป้าหมาย งานที่ต้องส่ง รูปแบบ และกำหนดตรวจ,เกณฑ์ประเมินและสรุป: Rubric ประเมินความถูกต้อง กระบวนการ คุณภาพงาน และสรุป Key Takeaway ของ จิตอาสา,คำถามทบทวนและคิดวิเคราะห์: คำถามทบทวน 3–5 ข้อและคำถามคิดวิเคราะห์ที่เชื่อม จิตอาสา กับสถานการณ์จริง
30000-2002,กิจกรรมองค์การวิชาชีพ 1,14,ความรับผิดชอบ,1) อธิบาย ความรับผิดชอบ ได้ 2) วิเคราะห์/เลือกวิธีที่เหมาะสมได้ 3) ปฏิบัติงานหรือสร้างชิ้นงานเกี่ยวกับ ความรับผิดชอบ ได้ 4) ตรวจสอบและสะท้อนผลการทำงานได้,ใบงานหน่วยที่ 14: ความรับผิดชอบ,ภารกิจ 1 อธิบายแนวคิดหลักของ ความรับผิดชอบ; ภารกิจ 2 วิเคราะห์ตัวอย่าง; ภารกิจ 3 ลงมือปฏิบัติ/สร้างชิ้นงาน; ภารกิจ 4 ตรวจข้อผิดพลาด; ภารกิจ 5 สรุปสิ่งที่เรียนรู้และแนบหลักฐาน,ชื่อหน่วยและภาพรวม: อธิบายภาพรวมของ ความรับผิดชอบ และความเชื่อมโยงกับรายวิชา กิจกรรมองค์การวิชาชีพ 1,ผลลัพธ์การเรียนรู้: ผู้เรียนอธิบายหลักการ วิเคราะห์ตัวอย่าง และปฏิบัติงานเกี่ยวกับ ความรับผิดชอบ ได้ตามเกณฑ์,ความรู้เดิมที่ต้องใช้: ทบทวนความรู้พื้นฐานที่จำเป็นก่อนเรียน ความรับผิดชอบ พร้อมคำถามตรวจความพร้อม,คำศัพท์สำคัญ: รวบรวมคำศัพท์หลักของ ความรับผิดชอบ พร้อมความหมายและการใช้งานจริง,ความหมายและขอบเขต: นิยาม ความรับผิดชอบ ขอบเขตงาน และสิ่งที่อยู่/ไม่อยู่ในขอบเขต,หลักการสำคัญ: แจกแจงหลักการสำคัญของ ความรับผิดชอบ เป็นข้อ ๆ พร้อมเหตุผล,องค์ประกอบ/โครงสร้าง: แสดงองค์ประกอบหลัก ความสัมพันธ์ และลำดับการทำงานของ ความรับผิดชอบ,ขั้นตอนการทำงาน 1: เริ่มต้นงาน ความรับผิดชอบ: การเตรียมข้อมูล เครื่องมือ และเงื่อนไขก่อนทำ,ขั้นตอนการทำงาน 2: ขั้นดำเนินงานหลักของ ความรับผิดชอบ พร้อมจุดตรวจสอบระหว่างทาง,ขั้นตอนการทำงาน 3: ขั้นตรวจผล บันทึกผล และส่งมอบงานของ ความรับผิดชอบ,ตัวอย่างที่ถูกต้อง: ตัวอย่างการประยุกต์ ความรับผิดชอบ ที่ถูกต้อง พร้อมอธิบายเหตุผลทีละส่วน,ตัวอย่างที่ผิดและเหตุผล: ตัวอย่างข้อผิดพลาดของ ความรับผิดชอบ วิเคราะห์สาเหตุและผลกระทบ,สาธิต/กรณีตัวอย่าง: กรณีศึกษาจากสถานการณ์จริงหรือจำลองเกี่ยวกับ ความรับผิดชอบ,ข้อผิดพลาดที่พบบ่อย: รวบรวม Common Mistake ของ ความรับผิดชอบ และสัญญาณที่ใช้สังเกต,แนวทางแก้ปัญหา: Troubleshooting แบบเป็นลำดับสำหรับปัญหาที่เกิดระหว่างทำ ความรับผิดชอบ,ความปลอดภัย/จริยธรรม: ข้อควรระวัง ความปลอดภัย กฎหมาย หรือจริยธรรมที่เกี่ยวข้องกับ ความรับผิดชอบ,ภารกิจฝึกปฏิบัติ: กิจกรรมลงมือทำเกี่ยวกับ ความรับผิดชอบ ให้ผู้เรียนสร้างหลักฐานผลงาน,ใบงานประจำหน่วย: อธิบายใบงานของหน่วย ความรับผิดชอบ: เป้าหมาย งานที่ต้องส่ง รูปแบบ และกำหนดตรวจ,เกณฑ์ประเมินและสรุป: Rubric ประเมินความถูกต้อง กระบวนการ คุณภาพงาน และสรุป Key Takeaway ของ ความรับผิดชอบ,คำถามทบทวนและคิดวิเคราะห์: คำถามทบทวน 3–5 ข้อและคำถามคิดวิเคราะห์ที่เชื่อม ความรับผิดชอบ กับสถานการณ์จริง
30000-2002,กิจกรรมองค์การวิชาชีพ 1,15,การประเมินกิจกรรม,1) อธิบาย การประเมินกิจกรรม ได้ 2) วิเคราะห์/เลือกวิธีที่เหมาะสมได้ 3) ปฏิบัติงานหรือสร้างชิ้นงานเกี่ยวกับ การประเมินกิจกรรม ได้ 4) ตรวจสอบและสะท้อนผลการทำงานได้,ใบงานหน่วยที่ 15: การประเมินกิจกรรม,ภารกิจ 1 อธิบายแนวคิดหลักของ การประเมินกิจกรรม; ภารกิจ 2 วิเคราะห์ตัวอย่าง; ภารกิจ 3 ลงมือปฏิบัติ/สร้างชิ้นงาน; ภารกิจ 4 ตรวจข้อผิดพลาด; ภารกิจ 5 สรุปสิ่งที่เรียนรู้และแนบหลักฐาน,ชื่อหน่วยและภาพรวม: อธิบายภาพรวมของ การประเมินกิจกรรม และความเชื่อมโยงกับรายวิชา กิจกรรมองค์การวิชาชีพ 1,ผลลัพธ์การเรียนรู้: ผู้เรียนอธิบายหลักการ วิเคราะห์ตัวอย่าง และปฏิบัติงานเกี่ยวกับ การประเมินกิจกรรม ได้ตามเกณฑ์,ความรู้เดิมที่ต้องใช้: ทบทวนความรู้พื้นฐานที่จำเป็นก่อนเรียน การประเมินกิจกรรม พร้อมคำถามตรวจความพร้อม,คำศัพท์สำคัญ: รวบรวมคำศัพท์หลักของ การประเมินกิจกรรม พร้อมความหมายและการใช้งานจริง,ความหมายและขอบเขต: นิยาม การประเมินกิจกรรม ขอบเขตงาน และสิ่งที่อยู่/ไม่อยู่ในขอบเขต,หลักการสำคัญ: แจกแจงหลักการสำคัญของ การประเมินกิจกรรม เป็นข้อ ๆ พร้อมเหตุผล,องค์ประกอบ/โครงสร้าง: แสดงองค์ประกอบหลัก ความสัมพันธ์ และลำดับการทำงานของ การประเมินกิจกรรม,ขั้นตอนการทำงาน 1: เริ่มต้นงาน การประเมินกิจกรรม: การเตรียมข้อมูล เครื่องมือ และเงื่อนไขก่อนทำ,ขั้นตอนการทำงาน 2: ขั้นดำเนินงานหลักของ การประเมินกิจกรรม พร้อมจุดตรวจสอบระหว่างทาง,ขั้นตอนการทำงาน 3: ขั้นตรวจผล บันทึกผล และส่งมอบงานของ การประเมินกิจกรรม,ตัวอย่างที่ถูกต้อง: ตัวอย่างการประยุกต์ การประเมินกิจกรรม ที่ถูกต้อง พร้อมอธิบายเหตุผลทีละส่วน,ตัวอย่างที่ผิดและเหตุผล: ตัวอย่างข้อผิดพลาดของ การประเมินกิจกรรม วิเคราะห์สาเหตุและผลกระทบ,สาธิต/กรณีตัวอย่าง: กรณีศึกษาจากสถานการณ์จริงหรือจำลองเกี่ยวกับ การประเมินกิจกรรม,ข้อผิดพลาดที่พบบ่อย: รวบรวม Common Mistake ของ การประเมินกิจกรรม และสัญญาณที่ใช้สังเกต,แนวทางแก้ปัญหา: Troubleshooting แบบเป็นลำดับสำหรับปัญหาที่เกิดระหว่างทำ การประเมินกิจกรรม,ความปลอดภัย/จริยธรรม: ข้อควรระวัง ความปลอดภัย กฎหมาย หรือจริยธรรมที่เกี่ยวข้องกับ การประเมินกิจกรรม,ภารกิจฝึกปฏิบัติ: กิจกรรมลงมือทำเกี่ยวกับ การประเมินกิจกรรม ให้ผู้เรียนสร้างหลักฐานผลงาน,ใบงานประจำหน่วย: อธิบายใบงานของหน่วย การประเมินกิจกรรม: เป้าหมาย งานที่ต้องส่ง รูปแบบ และกำหนดตรวจ,เกณฑ์ประเมินและสรุป: Rubric ประเมินความถูกต้อง กระบวนการ คุณภาพงาน และสรุป Key Takeaway ของ การประเมินกิจกรรม,คำถามทบทวนและคิดวิเคราะห์: คำถามทบทวน 3–5 ข้อและคำถามคิดวิเคราะห์ที่เชื่อม การประเมินกิจกรรม กับสถานการณ์จริง
30000-2002,กิจกรรมองค์การวิชาชีพ 1,16,การจัดทำรายงาน,1) อธิบาย การจัดทำรายงาน ได้ 2) วิเคราะห์/เลือกวิธีที่เหมาะสมได้ 3) ปฏิบัติงานหรือสร้างชิ้นงานเกี่ยวกับ การจัดทำรายงาน ได้ 4) ตรวจสอบและสะท้อนผลการทำงานได้,ใบงานหน่วยที่ 16: การจัดทำรายงาน,ภารกิจ 1 อธิบายแนวคิดหลักของ การจัดทำรายงาน; ภารกิจ 2 วิเคราะห์ตัวอย่าง; ภารกิจ 3 ลงมือปฏิบัติ/สร้างชิ้นงาน; ภารกิจ 4 ตรวจข้อผิดพลาด; ภารกิจ 5 สรุปสิ่งที่เรียนรู้และแนบหลักฐาน,ชื่อหน่วยและภาพรวม: อธิบายภาพรวมของ การจัดทำรายงาน และความเชื่อมโยงกับรายวิชา กิจกรรมองค์การวิชาชีพ 1,ผลลัพธ์การเรียนรู้: ผู้เรียนอธิบายหลักการ วิเคราะห์ตัวอย่าง และปฏิบัติงานเกี่ยวกับ การจัดทำรายงาน ได้ตามเกณฑ์,ความรู้เดิมที่ต้องใช้: ทบทวนความรู้พื้นฐานที่จำเป็นก่อนเรียน การจัดทำรายงาน พร้อมคำถามตรวจความพร้อม,คำศัพท์สำคัญ: รวบรวมคำศัพท์หลักของ การจัดทำรายงาน พร้อมความหมายและการใช้งานจริง,ความหมายและขอบเขต: นิยาม การจัดทำรายงาน ขอบเขตงาน และสิ่งที่อยู่/ไม่อยู่ในขอบเขต,หลักการสำคัญ: แจกแจงหลักการสำคัญของ การจัดทำรายงาน เป็นข้อ ๆ พร้อมเหตุผล,องค์ประกอบ/โครงสร้าง: แสดงองค์ประกอบหลัก ความสัมพันธ์ และลำดับการทำงานของ การจัดทำรายงาน,ขั้นตอนการทำงาน 1: เริ่มต้นงาน การจัดทำรายงาน: การเตรียมข้อมูล เครื่องมือ และเงื่อนไขก่อนทำ,ขั้นตอนการทำงาน 2: ขั้นดำเนินงานหลักของ การจัดทำรายงาน พร้อมจุดตรวจสอบระหว่างทาง,ขั้นตอนการทำงาน 3: ขั้นตรวจผล บันทึกผล และส่งมอบงานของ การจัดทำรายงาน,ตัวอย่างที่ถูกต้อง: ตัวอย่างการประยุกต์ การจัดทำรายงาน ที่ถูกต้อง พร้อมอธิบายเหตุผลทีละส่วน,ตัวอย่างที่ผิดและเหตุผล: ตัวอย่างข้อผิดพลาดของ การจัดทำรายงาน วิเคราะห์สาเหตุและผลกระทบ,สาธิต/กรณีตัวอย่าง: กรณีศึกษาจากสถานการณ์จริงหรือจำลองเกี่ยวกับ การจัดทำรายงาน,ข้อผิดพลาดที่พบบ่อย: รวบรวม Common Mistake ของ การจัดทำรายงาน และสัญญาณที่ใช้สังเกต,แนวทางแก้ปัญหา: Troubleshooting แบบเป็นลำดับสำหรับปัญหาที่เกิดระหว่างทำ การจัดทำรายงาน,ความปลอดภัย/จริยธรรม: ข้อควรระวัง ความปลอดภัย กฎหมาย หรือจริยธรรมที่เกี่ยวข้องกับ การจัดทำรายงาน,ภารกิจฝึกปฏิบัติ: กิจกรรมลงมือทำเกี่ยวกับ การจัดทำรายงาน ให้ผู้เรียนสร้างหลักฐานผลงาน,ใบงานประจำหน่วย: อธิบายใบงานของหน่วย การจัดทำรายงาน: เป้าหมาย งานที่ต้องส่ง รูปแบบ และกำหนดตรวจ,เกณฑ์ประเมินและสรุป: Rubric ประเมินความถูกต้อง กระบวนการ คุณภาพงาน และสรุป Key Takeaway ของ การจัดทำรายงาน,คำถามทบทวนและคิดวิเคราะห์: คำถามทบทวน 3–5 ข้อและคำถามคิดวิเคราะห์ที่เชื่อม การจัดทำรายงาน กับสถานการณ์จริง
30000-2002,กิจกรรมองค์การวิชาชีพ 1,17,สรุปผลงานองค์การวิชาชีพ,1) อธิบาย สรุปผลงานองค์การวิชาชีพ ได้ 2) วิเคราะห์/เลือกวิธีที่เหมาะสมได้ 3) ปฏิบัติงานหรือสร้างชิ้นงานเกี่ยวกับ สรุปผลงานองค์การวิชาชีพ ได้ 4) ตรวจสอบและสะท้อนผลการทำงานได้,ใบงานหน่วยที่ 17: สรุปผลงานองค์การวิชาชีพ,ภารกิจ 1 อธิบายแนวคิดหลักของ สรุปผลงานองค์การวิชาชีพ; ภารกิจ 2 วิเคราะห์ตัวอย่าง; ภารกิจ 3 ลงมือปฏิบัติ/สร้างชิ้นงาน; ภารกิจ 4 ตรวจข้อผิดพลาด; ภารกิจ 5 สรุปสิ่งที่เรียนรู้และแนบหลักฐาน,ชื่อหน่วยและภาพรวม: อธิบายภาพรวมของ สรุปผลงานองค์การวิชาชีพ และความเชื่อมโยงกับรายวิชา กิจกรรมองค์การวิชาชีพ 1,ผลลัพธ์การเรียนรู้: ผู้เรียนอธิบายหลักการ วิเคราะห์ตัวอย่าง และปฏิบัติงานเกี่ยวกับ สรุปผลงานองค์การวิชาชีพ ได้ตามเกณฑ์,ความรู้เดิมที่ต้องใช้: ทบทวนความรู้พื้นฐานที่จำเป็นก่อนเรียน สรุปผลงานองค์การวิชาชีพ พร้อมคำถามตรวจความพร้อม,คำศัพท์สำคัญ: รวบรวมคำศัพท์หลักของ สรุปผลงานองค์การวิชาชีพ พร้อมความหมายและการใช้งานจริง,ความหมายและขอบเขต: นิยาม สรุปผลงานองค์การวิชาชีพ ขอบเขตงาน และสิ่งที่อยู่/ไม่อยู่ในขอบเขต,หลักการสำคัญ: แจกแจงหลักการสำคัญของ สรุปผลงานองค์การวิชาชีพ เป็นข้อ ๆ พร้อมเหตุผล,องค์ประกอบ/โครงสร้าง: แสดงองค์ประกอบหลัก ความสัมพันธ์ และลำดับการทำงานของ สรุปผลงานองค์การวิชาชีพ,ขั้นตอนการทำงาน 1: เริ่มต้นงาน สรุปผลงานองค์การวิชาชีพ: การเตรียมข้อมูล เครื่องมือ และเงื่อนไขก่อนทำ,ขั้นตอนการทำงาน 2: ขั้นดำเนินงานหลักของ สรุปผลงานองค์การวิชาชีพ พร้อมจุดตรวจสอบระหว่างทาง,ขั้นตอนการทำงาน 3: ขั้นตรวจผล บันทึกผล และส่งมอบงานของ สรุปผลงานองค์การวิชาชีพ,ตัวอย่างที่ถูกต้อง: ตัวอย่างการประยุกต์ สรุปผลงานองค์การวิชาชีพ ที่ถูกต้อง พร้อมอธิบายเหตุผลทีละส่วน,ตัวอย่างที่ผิดและเหตุผล: ตัวอย่างข้อผิดพลาดของ สรุปผลงานองค์การวิชาชีพ วิเคราะห์สาเหตุและผลกระทบ,สาธิต/กรณีตัวอย่าง: กรณีศึกษาจากสถานการณ์จริงหรือจำลองเกี่ยวกับ สรุปผลงานองค์การวิชาชีพ,ข้อผิดพลาดที่พบบ่อย: รวบรวม Common Mistake ของ สรุปผลงานองค์การวิชาชีพ และสัญญาณที่ใช้สังเกต,แนวทางแก้ปัญหา: Troubleshooting แบบเป็นลำดับสำหรับปัญหาที่เกิดระหว่างทำ สรุปผลงานองค์การวิชาชีพ,ความปลอดภัย/จริยธรรม: ข้อควรระวัง ความปลอดภัย กฎหมาย หรือจริยธรรมที่เกี่ยวข้องกับ สรุปผลงานองค์การวิชาชีพ,ภารกิจฝึกปฏิบัติ: กิจกรรมลงมือทำเกี่ยวกับ สรุปผลงานองค์การวิชาชีพ ให้ผู้เรียนสร้างหลักฐานผลงาน,ใบงานประจำหน่วย: อธิบายใบงานของหน่วย สรุปผลงานองค์การวิชาชีพ: เป้าหมาย งานที่ต้องส่ง รูปแบบ และกำหนดตรวจ,เกณฑ์ประเมินและสรุป: Rubric ประเมินความถูกต้อง กระบวนการ คุณภาพงาน และสรุป Key Takeaway ของ สรุปผลงานองค์การวิชาชีพ,คำถามทบทวนและคิดวิเคราะห์: คำถามทบทวน 3–5 ข้อและคำถามคิดวิเคราะห์ที่เชื่อม สรุปผลงานองค์การวิชาชีพ กับสถานการณ์จริง
20000-2004,กิจกรรมองค์การวิชาชีพ 1,1,รู้จักองค์การวิชาชีพ,1) อธิบาย รู้จักองค์การวิชาชีพ ได้ 2) วิเคราะห์/เลือกวิธีที่เหมาะสมได้ 3) ปฏิบัติงานหรือสร้างชิ้นงานเกี่ยวกับ รู้จักองค์การวิชาชีพ ได้ 4) ตรวจสอบและสะท้อนผลการทำงานได้,ใบงานหน่วยที่ 1: รู้จักองค์การวิชาชีพ,ภารกิจ 1 อธิบายแนวคิดหลักของ รู้จักองค์การวิชาชีพ; ภารกิจ 2 วิเคราะห์ตัวอย่าง; ภารกิจ 3 ลงมือปฏิบัติ/สร้างชิ้นงาน; ภารกิจ 4 ตรวจข้อผิดพลาด; ภารกิจ 5 สรุปสิ่งที่เรียนรู้และแนบหลักฐาน,ชื่อหน่วยและภาพรวม: อธิบายภาพรวมของ รู้จักองค์การวิชาชีพ และความเชื่อมโยงกับรายวิชา กิจกรรมองค์การวิชาชีพ 1,ผลลัพธ์การเรียนรู้: ผู้เรียนอธิบายหลักการ วิเคราะห์ตัวอย่าง และปฏิบัติงานเกี่ยวกับ รู้จักองค์การวิชาชีพ ได้ตามเกณฑ์,ความรู้เดิมที่ต้องใช้: ทบทวนความรู้พื้นฐานที่จำเป็นก่อนเรียน รู้จักองค์การวิชาชีพ พร้อมคำถามตรวจความพร้อม,คำศัพท์สำคัญ: รวบรวมคำศัพท์หลักของ รู้จักองค์การวิชาชีพ พร้อมความหมายและการใช้งานจริง,ความหมายและขอบเขต: นิยาม รู้จักองค์การวิชาชีพ ขอบเขตงาน และสิ่งที่อยู่/ไม่อยู่ในขอบเขต,หลักการสำคัญ: แจกแจงหลักการสำคัญของ รู้จักองค์การวิชาชีพ เป็นข้อ ๆ พร้อมเหตุผล,องค์ประกอบ/โครงสร้าง: แสดงองค์ประกอบหลัก ความสัมพันธ์ และลำดับการทำงานของ รู้จักองค์การวิชาชีพ,ขั้นตอนการทำงาน 1: เริ่มต้นงาน รู้จักองค์การวิชาชีพ: การเตรียมข้อมูล เครื่องมือ และเงื่อนไขก่อนทำ,ขั้นตอนการทำงาน 2: ขั้นดำเนินงานหลักของ รู้จักองค์การวิชาชีพ พร้อมจุดตรวจสอบระหว่างทาง,ขั้นตอนการทำงาน 3: ขั้นตรวจผล บันทึกผล และส่งมอบงานของ รู้จักองค์การวิชาชีพ,ตัวอย่างที่ถูกต้อง: ตัวอย่างการประยุกต์ รู้จักองค์การวิชาชีพ ที่ถูกต้อง พร้อมอธิบายเหตุผลทีละส่วน,ตัวอย่างที่ผิดและเหตุผล: ตัวอย่างข้อผิดพลาดของ รู้จักองค์การวิชาชีพ วิเคราะห์สาเหตุและผลกระทบ,สาธิต/กรณีตัวอย่าง: กรณีศึกษาจากสถานการณ์จริงหรือจำลองเกี่ยวกับ รู้จักองค์การวิชาชีพ,ข้อผิดพลาดที่พบบ่อย: รวบรวม Common Mistake ของ รู้จักองค์การวิชาชีพ และสัญญาณที่ใช้สังเกต,แนวทางแก้ปัญหา: Troubleshooting แบบเป็นลำดับสำหรับปัญหาที่เกิดระหว่างทำ รู้จักองค์การวิชาชีพ,ความปลอดภัย/จริยธรรม: ข้อควรระวัง ความปลอดภัย กฎหมาย หรือจริยธรรมที่เกี่ยวข้องกับ รู้จักองค์การวิชาชีพ,ภารกิจฝึกปฏิบัติ: กิจกรรมลงมือทำเกี่ยวกับ รู้จักองค์การวิชาชีพ ให้ผู้เรียนสร้างหลักฐานผลงาน,ใบงานประจำหน่วย: อธิบายใบงานของหน่วย รู้จักองค์การวิชาชีพ: เป้าหมาย งานที่ต้องส่ง รูปแบบ และกำหนดตรวจ,เกณฑ์ประเมินและสรุป: Rubric ประเมินความถูกต้อง กระบวนการ คุณภาพงาน และสรุป Key Takeaway ของ รู้จักองค์การวิชาชีพ,คำถามทบทวนและคิดวิเคราะห์: คำถามทบทวน 3–5 ข้อและคำถามคิดวิเคราะห์ที่เชื่อม รู้จักองค์การวิชาชีพ กับสถานการณ์จริง
20000-2004,กิจกรรมองค์การวิชาชีพ 1,2,วินัยและความรับผิดชอบ,1) อธิบาย วินัยและความรับผิดชอบ ได้ 2) วิเคราะห์/เลือกวิธีที่เหมาะสมได้ 3) ปฏิบัติงานหรือสร้างชิ้นงานเกี่ยวกับ วินัยและความรับผิดชอบ ได้ 4) ตรวจสอบและสะท้อนผลการทำงานได้,ใบงานหน่วยที่ 2: วินัยและความรับผิดชอบ,ภารกิจ 1 อธิบายแนวคิดหลักของ วินัยและความรับผิดชอบ; ภารกิจ 2 วิเคราะห์ตัวอย่าง; ภารกิจ 3 ลงมือปฏิบัติ/สร้างชิ้นงาน; ภารกิจ 4 ตรวจข้อผิดพลาด; ภารกิจ 5 สรุปสิ่งที่เรียนรู้และแนบหลักฐาน,ชื่อหน่วยและภาพรวม: อธิบายภาพรวมของ วินัยและความรับผิดชอบ และความเชื่อมโยงกับรายวิชา กิจกรรมองค์การวิชาชีพ 1,ผลลัพธ์การเรียนรู้: ผู้เรียนอธิบายหลักการ วิเคราะห์ตัวอย่าง และปฏิบัติงานเกี่ยวกับ วินัยและความรับผิดชอบ ได้ตามเกณฑ์,ความรู้เดิมที่ต้องใช้: ทบทวนความรู้พื้นฐานที่จำเป็นก่อนเรียน วินัยและความรับผิดชอบ พร้อมคำถามตรวจความพร้อม,คำศัพท์สำคัญ: รวบรวมคำศัพท์หลักของ วินัยและความรับผิดชอบ พร้อมความหมายและการใช้งานจริง,ความหมายและขอบเขต: นิยาม วินัยและความรับผิดชอบ ขอบเขตงาน และสิ่งที่อยู่/ไม่อยู่ในขอบเขต,หลักการสำคัญ: แจกแจงหลักการสำคัญของ วินัยและความรับผิดชอบ เป็นข้อ ๆ พร้อมเหตุผล,องค์ประกอบ/โครงสร้าง: แสดงองค์ประกอบหลัก ความสัมพันธ์ และลำดับการทำงานของ วินัยและความรับผิดชอบ,ขั้นตอนการทำงาน 1: เริ่มต้นงาน วินัยและความรับผิดชอบ: การเตรียมข้อมูล เครื่องมือ และเงื่อนไขก่อนทำ,ขั้นตอนการทำงาน 2: ขั้นดำเนินงานหลักของ วินัยและความรับผิดชอบ พร้อมจุดตรวจสอบระหว่างทาง,ขั้นตอนการทำงาน 3: ขั้นตรวจผล บันทึกผล และส่งมอบงานของ วินัยและความรับผิดชอบ,ตัวอย่างที่ถูกต้อง: ตัวอย่างการประยุกต์ วินัยและความรับผิดชอบ ที่ถูกต้อง พร้อมอธิบายเหตุผลทีละส่วน,ตัวอย่างที่ผิดและเหตุผล: ตัวอย่างข้อผิดพลาดของ วินัยและความรับผิดชอบ วิเคราะห์สาเหตุและผลกระทบ,สาธิต/กรณีตัวอย่าง: กรณีศึกษาจากสถานการณ์จริงหรือจำลองเกี่ยวกับ วินัยและความรับผิดชอบ,ข้อผิดพลาดที่พบบ่อย: รวบรวม Common Mistake ของ วินัยและความรับผิดชอบ และสัญญาณที่ใช้สังเกต,แนวทางแก้ปัญหา: Troubleshooting แบบเป็นลำดับสำหรับปัญหาที่เกิดระหว่างทำ วินัยและความรับผิดชอบ,ความปลอดภัย/จริยธรรม: ข้อควรระวัง ความปลอดภัย กฎหมาย หรือจริยธรรมที่เกี่ยวข้องกับ วินัยและความรับผิดชอบ,ภารกิจฝึกปฏิบัติ: กิจกรรมลงมือทำเกี่ยวกับ วินัยและความรับผิดชอบ ให้ผู้เรียนสร้างหลักฐานผลงาน,ใบงานประจำหน่วย: อธิบายใบงานของหน่วย วินัยและความรับผิดชอบ: เป้าหมาย งานที่ต้องส่ง รูปแบบ และกำหนดตรวจ,เกณฑ์ประเมินและสรุป: Rubric ประเมินความถูกต้อง กระบวนการ คุณภาพงาน และสรุป Key Takeaway ของ วินัยและความรับผิดชอบ,คำถามทบทวนและคิดวิเคราะห์: คำถามทบทวน 3–5 ข้อและคำถามคิดวิเคราะห์ที่เชื่อม วินัยและความรับผิดชอบ กับสถานการณ์จริง
20000-2004,กิจกรรมองค์การวิชาชีพ 1,3,การทำงานร่วมกัน,1) อธิบาย การทำงานร่วมกัน ได้ 2) วิเคราะห์/เลือกวิธีที่เหมาะสมได้ 3) ปฏิบัติงานหรือสร้างชิ้นงานเกี่ยวกับ การทำงานร่วมกัน ได้ 4) ตรวจสอบและสะท้อนผลการทำงานได้,ใบงานหน่วยที่ 3: การทำงานร่วมกัน,ภารกิจ 1 อธิบายแนวคิดหลักของ การทำงานร่วมกัน; ภารกิจ 2 วิเคราะห์ตัวอย่าง; ภารกิจ 3 ลงมือปฏิบัติ/สร้างชิ้นงาน; ภารกิจ 4 ตรวจข้อผิดพลาด; ภารกิจ 5 สรุปสิ่งที่เรียนรู้และแนบหลักฐาน,ชื่อหน่วยและภาพรวม: อธิบายภาพรวมของ การทำงานร่วมกัน และความเชื่อมโยงกับรายวิชา กิจกรรมองค์การวิชาชีพ 1,ผลลัพธ์การเรียนรู้: ผู้เรียนอธิบายหลักการ วิเคราะห์ตัวอย่าง และปฏิบัติงานเกี่ยวกับ การทำงานร่วมกัน ได้ตามเกณฑ์,ความรู้เดิมที่ต้องใช้: ทบทวนความรู้พื้นฐานที่จำเป็นก่อนเรียน การทำงานร่วมกัน พร้อมคำถามตรวจความพร้อม,คำศัพท์สำคัญ: รวบรวมคำศัพท์หลักของ การทำงานร่วมกัน พร้อมความหมายและการใช้งานจริง,ความหมายและขอบเขต: นิยาม การทำงานร่วมกัน ขอบเขตงาน และสิ่งที่อยู่/ไม่อยู่ในขอบเขต,หลักการสำคัญ: แจกแจงหลักการสำคัญของ การทำงานร่วมกัน เป็นข้อ ๆ พร้อมเหตุผล,องค์ประกอบ/โครงสร้าง: แสดงองค์ประกอบหลัก ความสัมพันธ์ และลำดับการทำงานของ การทำงานร่วมกัน,ขั้นตอนการทำงาน 1: เริ่มต้นงาน การทำงานร่วมกัน: การเตรียมข้อมูล เครื่องมือ และเงื่อนไขก่อนทำ,ขั้นตอนการทำงาน 2: ขั้นดำเนินงานหลักของ การทำงานร่วมกัน พร้อมจุดตรวจสอบระหว่างทาง,ขั้นตอนการทำงาน 3: ขั้นตรวจผล บันทึกผล และส่งมอบงานของ การทำงานร่วมกัน,ตัวอย่างที่ถูกต้อง: ตัวอย่างการประยุกต์ การทำงานร่วมกัน ที่ถูกต้อง พร้อมอธิบายเหตุผลทีละส่วน,ตัวอย่างที่ผิดและเหตุผล: ตัวอย่างข้อผิดพลาดของ การทำงานร่วมกัน วิเคราะห์สาเหตุและผลกระทบ,สาธิต/กรณีตัวอย่าง: กรณีศึกษาจากสถานการณ์จริงหรือจำลองเกี่ยวกับ การทำงานร่วมกัน,ข้อผิดพลาดที่พบบ่อย: รวบรวม Common Mistake ของ การทำงานร่วมกัน และสัญญาณที่ใช้สังเกต,แนวทางแก้ปัญหา: Troubleshooting แบบเป็นลำดับสำหรับปัญหาที่เกิดระหว่างทำ การทำงานร่วมกัน,ความปลอดภัย/จริยธรรม: ข้อควรระวัง ความปลอดภัย กฎหมาย หรือจริยธรรมที่เกี่ยวข้องกับ การทำงานร่วมกัน,ภารกิจฝึกปฏิบัติ: กิจกรรมลงมือทำเกี่ยวกับ การทำงานร่วมกัน ให้ผู้เรียนสร้างหลักฐานผลงาน,ใบงานประจำหน่วย: อธิบายใบงานของหน่วย การทำงานร่วมกัน: เป้าหมาย งานที่ต้องส่ง รูปแบบ และกำหนดตรวจ,เกณฑ์ประเมินและสรุป: Rubric ประเมินความถูกต้อง กระบวนการ คุณภาพงาน และสรุป Key Takeaway ของ การทำงานร่วมกัน,คำถามทบทวนและคิดวิเคราะห์: คำถามทบทวน 3–5 ข้อและคำถามคิดวิเคราะห์ที่เชื่อม การทำงานร่วมกัน กับสถานการณ์จริง
20000-2004,กิจกรรมองค์การวิชาชีพ 1,4,การสื่อสาร,1) อธิบาย การสื่อสาร ได้ 2) วิเคราะห์/เลือกวิธีที่เหมาะสมได้ 3) ปฏิบัติงานหรือสร้างชิ้นงานเกี่ยวกับ การสื่อสาร ได้ 4) ตรวจสอบและสะท้อนผลการทำงานได้,ใบงานหน่วยที่ 4: การสื่อสาร,ภารกิจ 1 อธิบายแนวคิดหลักของ การสื่อสาร; ภารกิจ 2 วิเคราะห์ตัวอย่าง; ภารกิจ 3 ลงมือปฏิบัติ/สร้างชิ้นงาน; ภารกิจ 4 ตรวจข้อผิดพลาด; ภารกิจ 5 สรุปสิ่งที่เรียนรู้และแนบหลักฐาน,ชื่อหน่วยและภาพรวม: อธิบายภาพรวมของ การสื่อสาร และความเชื่อมโยงกับรายวิชา กิจกรรมองค์การวิชาชีพ 1,ผลลัพธ์การเรียนรู้: ผู้เรียนอธิบายหลักการ วิเคราะห์ตัวอย่าง และปฏิบัติงานเกี่ยวกับ การสื่อสาร ได้ตามเกณฑ์,ความรู้เดิมที่ต้องใช้: ทบทวนความรู้พื้นฐานที่จำเป็นก่อนเรียน การสื่อสาร พร้อมคำถามตรวจความพร้อม,คำศัพท์สำคัญ: รวบรวมคำศัพท์หลักของ การสื่อสาร พร้อมความหมายและการใช้งานจริง,ความหมายและขอบเขต: นิยาม การสื่อสาร ขอบเขตงาน และสิ่งที่อยู่/ไม่อยู่ในขอบเขต,หลักการสำคัญ: แจกแจงหลักการสำคัญของ การสื่อสาร เป็นข้อ ๆ พร้อมเหตุผล,องค์ประกอบ/โครงสร้าง: แสดงองค์ประกอบหลัก ความสัมพันธ์ และลำดับการทำงานของ การสื่อสาร,ขั้นตอนการทำงาน 1: เริ่มต้นงาน การสื่อสาร: การเตรียมข้อมูล เครื่องมือ และเงื่อนไขก่อนทำ,ขั้นตอนการทำงาน 2: ขั้นดำเนินงานหลักของ การสื่อสาร พร้อมจุดตรวจสอบระหว่างทาง,ขั้นตอนการทำงาน 3: ขั้นตรวจผล บันทึกผล และส่งมอบงานของ การสื่อสาร,ตัวอย่างที่ถูกต้อง: ตัวอย่างการประยุกต์ การสื่อสาร ที่ถูกต้อง พร้อมอธิบายเหตุผลทีละส่วน,ตัวอย่างที่ผิดและเหตุผล: ตัวอย่างข้อผิดพลาดของ การสื่อสาร วิเคราะห์สาเหตุและผลกระทบ,สาธิต/กรณีตัวอย่าง: กรณีศึกษาจากสถานการณ์จริงหรือจำลองเกี่ยวกับ การสื่อสาร,ข้อผิดพลาดที่พบบ่อย: รวบรวม Common Mistake ของ การสื่อสาร และสัญญาณที่ใช้สังเกต,แนวทางแก้ปัญหา: Troubleshooting แบบเป็นลำดับสำหรับปัญหาที่เกิดระหว่างทำ การสื่อสาร,ความปลอดภัย/จริยธรรม: ข้อควรระวัง ความปลอดภัย กฎหมาย หรือจริยธรรมที่เกี่ยวข้องกับ การสื่อสาร,ภารกิจฝึกปฏิบัติ: กิจกรรมลงมือทำเกี่ยวกับ การสื่อสาร ให้ผู้เรียนสร้างหลักฐานผลงาน,ใบงานประจำหน่วย: อธิบายใบงานของหน่วย การสื่อสาร: เป้าหมาย งานที่ต้องส่ง รูปแบบ และกำหนดตรวจ,เกณฑ์ประเมินและสรุป: Rubric ประเมินความถูกต้อง กระบวนการ คุณภาพงาน และสรุป Key Takeaway ของ การสื่อสาร,คำถามทบทวนและคิดวิเคราะห์: คำถามทบทวน 3–5 ข้อและคำถามคิดวิเคราะห์ที่เชื่อม การสื่อสาร กับสถานการณ์จริง
20000-2004,กิจกรรมองค์การวิชาชีพ 1,5,การประชุมกลุ่ม,1) อธิบาย การประชุมกลุ่ม ได้ 2) วิเคราะห์/เลือกวิธีที่เหมาะสมได้ 3) ปฏิบัติงานหรือสร้างชิ้นงานเกี่ยวกับ การประชุมกลุ่ม ได้ 4) ตรวจสอบและสะท้อนผลการทำงานได้,ใบงานหน่วยที่ 5: การประชุมกลุ่ม,ภารกิจ 1 อธิบายแนวคิดหลักของ การประชุมกลุ่ม; ภารกิจ 2 วิเคราะห์ตัวอย่าง; ภารกิจ 3 ลงมือปฏิบัติ/สร้างชิ้นงาน; ภารกิจ 4 ตรวจข้อผิดพลาด; ภารกิจ 5 สรุปสิ่งที่เรียนรู้และแนบหลักฐาน,ชื่อหน่วยและภาพรวม: อธิบายภาพรวมของ การประชุมกลุ่ม และความเชื่อมโยงกับรายวิชา กิจกรรมองค์การวิชาชีพ 1,ผลลัพธ์การเรียนรู้: ผู้เรียนอธิบายหลักการ วิเคราะห์ตัวอย่าง และปฏิบัติงานเกี่ยวกับ การประชุมกลุ่ม ได้ตามเกณฑ์,ความรู้เดิมที่ต้องใช้: ทบทวนความรู้พื้นฐานที่จำเป็นก่อนเรียน การประชุมกลุ่ม พร้อมคำถามตรวจความพร้อม,คำศัพท์สำคัญ: รวบรวมคำศัพท์หลักของ การประชุมกลุ่ม พร้อมความหมายและการใช้งานจริง,ความหมายและขอบเขต: นิยาม การประชุมกลุ่ม ขอบเขตงาน และสิ่งที่อยู่/ไม่อยู่ในขอบเขต,หลักการสำคัญ: แจกแจงหลักการสำคัญของ การประชุมกลุ่ม เป็นข้อ ๆ พร้อมเหตุผล,องค์ประกอบ/โครงสร้าง: แสดงองค์ประกอบหลัก ความสัมพันธ์ และลำดับการทำงานของ การประชุมกลุ่ม,ขั้นตอนการทำงาน 1: เริ่มต้นงาน การประชุมกลุ่ม: การเตรียมข้อมูล เครื่องมือ และเงื่อนไขก่อนทำ,ขั้นตอนการทำงาน 2: ขั้นดำเนินงานหลักของ การประชุมกลุ่ม พร้อมจุดตรวจสอบระหว่างทาง,ขั้นตอนการทำงาน 3: ขั้นตรวจผล บันทึกผล และส่งมอบงานของ การประชุมกลุ่ม,ตัวอย่างที่ถูกต้อง: ตัวอย่างการประยุกต์ การประชุมกลุ่ม ที่ถูกต้อง พร้อมอธิบายเหตุผลทีละส่วน,ตัวอย่างที่ผิดและเหตุผล: ตัวอย่างข้อผิดพลาดของ การประชุมกลุ่ม วิเคราะห์สาเหตุและผลกระทบ,สาธิต/กรณีตัวอย่าง: กรณีศึกษาจากสถานการณ์จริงหรือจำลองเกี่ยวกับ การประชุมกลุ่ม,ข้อผิดพลาดที่พบบ่อย: รวบรวม Common Mistake ของ การประชุมกลุ่ม และสัญญาณที่ใช้สังเกต,แนวทางแก้ปัญหา: Troubleshooting แบบเป็นลำดับสำหรับปัญหาที่เกิดระหว่างทำ การประชุมกลุ่ม,ความปลอดภัย/จริยธรรม: ข้อควรระวัง ความปลอดภัย กฎหมาย หรือจริยธรรมที่เกี่ยวข้องกับ การประชุมกลุ่ม,ภารกิจฝึกปฏิบัติ: กิจกรรมลงมือทำเกี่ยวกับ การประชุมกลุ่ม ให้ผู้เรียนสร้างหลักฐานผลงาน,ใบงานประจำหน่วย: อธิบายใบงานของหน่วย การประชุมกลุ่ม: เป้าหมาย งานที่ต้องส่ง รูปแบบ และกำหนดตรวจ,เกณฑ์ประเมินและสรุป: Rubric ประเมินความถูกต้อง กระบวนการ คุณภาพงาน และสรุป Key Takeaway ของ การประชุมกลุ่ม,คำถามทบทวนและคิดวิเคราะห์: คำถามทบทวน 3–5 ข้อและคำถามคิดวิเคราะห์ที่เชื่อม การประชุมกลุ่ม กับสถานการณ์จริง
20000-2004,กิจกรรมองค์การวิชาชีพ 1,6,การวางแผนกิจกรรม,1) อธิบาย การวางแผนกิจกรรม ได้ 2) วิเคราะห์/เลือกวิธีที่เหมาะสมได้ 3) ปฏิบัติงานหรือสร้างชิ้นงานเกี่ยวกับ การวางแผนกิจกรรม ได้ 4) ตรวจสอบและสะท้อนผลการทำงานได้,ใบงานหน่วยที่ 6: การวางแผนกิจกรรม,ภารกิจ 1 อธิบายแนวคิดหลักของ การวางแผนกิจกรรม; ภารกิจ 2 วิเคราะห์ตัวอย่าง; ภารกิจ 3 ลงมือปฏิบัติ/สร้างชิ้นงาน; ภารกิจ 4 ตรวจข้อผิดพลาด; ภารกิจ 5 สรุปสิ่งที่เรียนรู้และแนบหลักฐาน,ชื่อหน่วยและภาพรวม: อธิบายภาพรวมของ การวางแผนกิจกรรม และความเชื่อมโยงกับรายวิชา กิจกรรมองค์การวิชาชีพ 1,ผลลัพธ์การเรียนรู้: ผู้เรียนอธิบายหลักการ วิเคราะห์ตัวอย่าง และปฏิบัติงานเกี่ยวกับ การวางแผนกิจกรรม ได้ตามเกณฑ์,ความรู้เดิมที่ต้องใช้: ทบทวนความรู้พื้นฐานที่จำเป็นก่อนเรียน การวางแผนกิจกรรม พร้อมคำถามตรวจความพร้อม,คำศัพท์สำคัญ: รวบรวมคำศัพท์หลักของ การวางแผนกิจกรรม พร้อมความหมายและการใช้งานจริง,ความหมายและขอบเขต: นิยาม การวางแผนกิจกรรม ขอบเขตงาน และสิ่งที่อยู่/ไม่อยู่ในขอบเขต,หลักการสำคัญ: แจกแจงหลักการสำคัญของ การวางแผนกิจกรรม เป็นข้อ ๆ พร้อมเหตุผล,องค์ประกอบ/โครงสร้าง: แสดงองค์ประกอบหลัก ความสัมพันธ์ และลำดับการทำงานของ การวางแผนกิจกรรม,ขั้นตอนการทำงาน 1: เริ่มต้นงาน การวางแผนกิจกรรม: การเตรียมข้อมูล เครื่องมือ และเงื่อนไขก่อนทำ,ขั้นตอนการทำงาน 2: ขั้นดำเนินงานหลักของ การวางแผนกิจกรรม พร้อมจุดตรวจสอบระหว่างทาง,ขั้นตอนการทำงาน 3: ขั้นตรวจผล บันทึกผล และส่งมอบงานของ การวางแผนกิจกรรม,ตัวอย่างที่ถูกต้อง: ตัวอย่างการประยุกต์ การวางแผนกิจกรรม ที่ถูกต้อง พร้อมอธิบายเหตุผลทีละส่วน,ตัวอย่างที่ผิดและเหตุผล: ตัวอย่างข้อผิดพลาดของ การวางแผนกิจกรรม วิเคราะห์สาเหตุและผลกระทบ,สาธิต/กรณีตัวอย่าง: กรณีศึกษาจากสถานการณ์จริงหรือจำลองเกี่ยวกับ การวางแผนกิจกรรม,ข้อผิดพลาดที่พบบ่อย: รวบรวม Common Mistake ของ การวางแผนกิจกรรม และสัญญาณที่ใช้สังเกต,แนวทางแก้ปัญหา: Troubleshooting แบบเป็นลำดับสำหรับปัญหาที่เกิดระหว่างทำ การวางแผนกิจกรรม,ความปลอดภัย/จริยธรรม: ข้อควรระวัง ความปลอดภัย กฎหมาย หรือจริยธรรมที่เกี่ยวข้องกับ การวางแผนกิจกรรม,ภารกิจฝึกปฏิบัติ: กิจกรรมลงมือทำเกี่ยวกับ การวางแผนกิจกรรม ให้ผู้เรียนสร้างหลักฐานผลงาน,ใบงานประจำหน่วย: อธิบายใบงานของหน่วย การวางแผนกิจกรรม: เป้าหมาย งานที่ต้องส่ง รูปแบบ และกำหนดตรวจ,เกณฑ์ประเมินและสรุป: Rubric ประเมินความถูกต้อง กระบวนการ คุณภาพงาน และสรุป Key Takeaway ของ การวางแผนกิจกรรม,คำถามทบทวนและคิดวิเคราะห์: คำถามทบทวน 3–5 ข้อและคำถามคิดวิเคราะห์ที่เชื่อม การวางแผนกิจกรรม กับสถานการณ์จริง
20000-2004,กิจกรรมองค์การวิชาชีพ 1,7,การเขียนโครงการอย่างง่าย,1) อธิบาย การเขียนโครงการอย่างง่าย ได้ 2) วิเคราะห์/เลือกวิธีที่เหมาะสมได้ 3) ปฏิบัติงานหรือสร้างชิ้นงานเกี่ยวกับ การเขียนโครงการอย่างง่าย ได้ 4) ตรวจสอบและสะท้อนผลการทำงานได้,ใบงานหน่วยที่ 7: การเขียนโครงการอย่างง่าย,ภารกิจ 1 อธิบายแนวคิดหลักของ การเขียนโครงการอย่างง่าย; ภารกิจ 2 วิเคราะห์ตัวอย่าง; ภารกิจ 3 ลงมือปฏิบัติ/สร้างชิ้นงาน; ภารกิจ 4 ตรวจข้อผิดพลาด; ภารกิจ 5 สรุปสิ่งที่เรียนรู้และแนบหลักฐาน,ชื่อหน่วยและภาพรวม: อธิบายภาพรวมของ การเขียนโครงการอย่างง่าย และความเชื่อมโยงกับรายวิชา กิจกรรมองค์การวิชาชีพ 1,ผลลัพธ์การเรียนรู้: ผู้เรียนอธิบายหลักการ วิเคราะห์ตัวอย่าง และปฏิบัติงานเกี่ยวกับ การเขียนโครงการอย่างง่าย ได้ตามเกณฑ์,ความรู้เดิมที่ต้องใช้: ทบทวนความรู้พื้นฐานที่จำเป็นก่อนเรียน การเขียนโครงการอย่างง่าย พร้อมคำถามตรวจความพร้อม,คำศัพท์สำคัญ: รวบรวมคำศัพท์หลักของ การเขียนโครงการอย่างง่าย พร้อมความหมายและการใช้งานจริง,ความหมายและขอบเขต: นิยาม การเขียนโครงการอย่างง่าย ขอบเขตงาน และสิ่งที่อยู่/ไม่อยู่ในขอบเขต,หลักการสำคัญ: แจกแจงหลักการสำคัญของ การเขียนโครงการอย่างง่าย เป็นข้อ ๆ พร้อมเหตุผล,องค์ประกอบ/โครงสร้าง: แสดงองค์ประกอบหลัก ความสัมพันธ์ และลำดับการทำงานของ การเขียนโครงการอย่างง่าย,ขั้นตอนการทำงาน 1: เริ่มต้นงาน การเขียนโครงการอย่างง่าย: การเตรียมข้อมูล เครื่องมือ และเงื่อนไขก่อนทำ,ขั้นตอนการทำงาน 2: ขั้นดำเนินงานหลักของ การเขียนโครงการอย่างง่าย พร้อมจุดตรวจสอบระหว่างทาง,ขั้นตอนการทำงาน 3: ขั้นตรวจผล บันทึกผล และส่งมอบงานของ การเขียนโครงการอย่างง่าย,ตัวอย่างที่ถูกต้อง: ตัวอย่างการประยุกต์ การเขียนโครงการอย่างง่าย ที่ถูกต้อง พร้อมอธิบายเหตุผลทีละส่วน,ตัวอย่างที่ผิดและเหตุผล: ตัวอย่างข้อผิดพลาดของ การเขียนโครงการอย่างง่าย วิเคราะห์สาเหตุและผลกระทบ,สาธิต/กรณีตัวอย่าง: กรณีศึกษาจากสถานการณ์จริงหรือจำลองเกี่ยวกับ การเขียนโครงการอย่างง่าย,ข้อผิดพลาดที่พบบ่อย: รวบรวม Common Mistake ของ การเขียนโครงการอย่างง่าย และสัญญาณที่ใช้สังเกต,แนวทางแก้ปัญหา: Troubleshooting แบบเป็นลำดับสำหรับปัญหาที่เกิดระหว่างทำ การเขียนโครงการอย่างง่าย,ความปลอดภัย/จริยธรรม: ข้อควรระวัง ความปลอดภัย กฎหมาย หรือจริยธรรมที่เกี่ยวข้องกับ การเขียนโครงการอย่างง่าย,ภารกิจฝึกปฏิบัติ: กิจกรรมลงมือทำเกี่ยวกับ การเขียนโครงการอย่างง่าย ให้ผู้เรียนสร้างหลักฐานผลงาน,ใบงานประจำหน่วย: อธิบายใบงานของหน่วย การเขียนโครงการอย่างง่าย: เป้าหมาย งานที่ต้องส่ง รูปแบบ และกำหนดตรวจ,เกณฑ์ประเมินและสรุป: Rubric ประเมินความถูกต้อง กระบวนการ คุณภาพงาน และสรุป Key Takeaway ของ การเขียนโครงการอย่างง่าย,คำถามทบทวนและคิดวิเคราะห์: คำถามทบทวน 3–5 ข้อและคำถามคิดวิเคราะห์ที่เชื่อม การเขียนโครงการอย่างง่าย กับสถานการณ์จริง
20000-2004,กิจกรรมองค์การวิชาชีพ 1,8,การแบ่งงาน,1) อธิบาย การแบ่งงาน ได้ 2) วิเคราะห์/เลือกวิธีที่เหมาะสมได้ 3) ปฏิบัติงานหรือสร้างชิ้นงานเกี่ยวกับ การแบ่งงาน ได้ 4) ตรวจสอบและสะท้อนผลการทำงานได้,ใบงานหน่วยที่ 8: การแบ่งงาน,ภารกิจ 1 อธิบายแนวคิดหลักของ การแบ่งงาน; ภารกิจ 2 วิเคราะห์ตัวอย่าง; ภารกิจ 3 ลงมือปฏิบัติ/สร้างชิ้นงาน; ภารกิจ 4 ตรวจข้อผิดพลาด; ภารกิจ 5 สรุปสิ่งที่เรียนรู้และแนบหลักฐาน,ชื่อหน่วยและภาพรวม: อธิบายภาพรวมของ การแบ่งงาน และความเชื่อมโยงกับรายวิชา กิจกรรมองค์การวิชาชีพ 1,ผลลัพธ์การเรียนรู้: ผู้เรียนอธิบายหลักการ วิเคราะห์ตัวอย่าง และปฏิบัติงานเกี่ยวกับ การแบ่งงาน ได้ตามเกณฑ์,ความรู้เดิมที่ต้องใช้: ทบทวนความรู้พื้นฐานที่จำเป็นก่อนเรียน การแบ่งงาน พร้อมคำถามตรวจความพร้อม,คำศัพท์สำคัญ: รวบรวมคำศัพท์หลักของ การแบ่งงาน พร้อมความหมายและการใช้งานจริง,ความหมายและขอบเขต: นิยาม การแบ่งงาน ขอบเขตงาน และสิ่งที่อยู่/ไม่อยู่ในขอบเขต,หลักการสำคัญ: แจกแจงหลักการสำคัญของ การแบ่งงาน เป็นข้อ ๆ พร้อมเหตุผล,องค์ประกอบ/โครงสร้าง: แสดงองค์ประกอบหลัก ความสัมพันธ์ และลำดับการทำงานของ การแบ่งงาน,ขั้นตอนการทำงาน 1: เริ่มต้นงาน การแบ่งงาน: การเตรียมข้อมูล เครื่องมือ และเงื่อนไขก่อนทำ,ขั้นตอนการทำงาน 2: ขั้นดำเนินงานหลักของ การแบ่งงาน พร้อมจุดตรวจสอบระหว่างทาง,ขั้นตอนการทำงาน 3: ขั้นตรวจผล บันทึกผล และส่งมอบงานของ การแบ่งงาน,ตัวอย่างที่ถูกต้อง: ตัวอย่างการประยุกต์ การแบ่งงาน ที่ถูกต้อง พร้อมอธิบายเหตุผลทีละส่วน,ตัวอย่างที่ผิดและเหตุผล: ตัวอย่างข้อผิดพลาดของ การแบ่งงาน วิเคราะห์สาเหตุและผลกระทบ,สาธิต/กรณีตัวอย่าง: กรณีศึกษาจากสถานการณ์จริงหรือจำลองเกี่ยวกับ การแบ่งงาน,ข้อผิดพลาดที่พบบ่อย: รวบรวม Common Mistake ของ การแบ่งงาน และสัญญาณที่ใช้สังเกต,แนวทางแก้ปัญหา: Troubleshooting แบบเป็นลำดับสำหรับปัญหาที่เกิดระหว่างทำ การแบ่งงาน,ความปลอดภัย/จริยธรรม: ข้อควรระวัง ความปลอดภัย กฎหมาย หรือจริยธรรมที่เกี่ยวข้องกับ การแบ่งงาน,ภารกิจฝึกปฏิบัติ: กิจกรรมลงมือทำเกี่ยวกับ การแบ่งงาน ให้ผู้เรียนสร้างหลักฐานผลงาน,ใบงานประจำหน่วย: อธิบายใบงานของหน่วย การแบ่งงาน: เป้าหมาย งานที่ต้องส่ง รูปแบบ และกำหนดตรวจ,เกณฑ์ประเมินและสรุป: Rubric ประเมินความถูกต้อง กระบวนการ คุณภาพงาน และสรุป Key Takeaway ของ การแบ่งงาน,คำถามทบทวนและคิดวิเคราะห์: คำถามทบทวน 3–5 ข้อและคำถามคิดวิเคราะห์ที่เชื่อม การแบ่งงาน กับสถานการณ์จริง
20000-2004,กิจกรรมองค์การวิชาชีพ 1,9,การจัดเวลา,1) อธิบาย การจัดเวลา ได้ 2) วิเคราะห์/เลือกวิธีที่เหมาะสมได้ 3) ปฏิบัติงานหรือสร้างชิ้นงานเกี่ยวกับ การจัดเวลา ได้ 4) ตรวจสอบและสะท้อนผลการทำงานได้,ใบงานหน่วยที่ 9: การจัดเวลา,ภารกิจ 1 อธิบายแนวคิดหลักของ การจัดเวลา; ภารกิจ 2 วิเคราะห์ตัวอย่าง; ภารกิจ 3 ลงมือปฏิบัติ/สร้างชิ้นงาน; ภารกิจ 4 ตรวจข้อผิดพลาด; ภารกิจ 5 สรุปสิ่งที่เรียนรู้และแนบหลักฐาน,ชื่อหน่วยและภาพรวม: อธิบายภาพรวมของ การจัดเวลา และความเชื่อมโยงกับรายวิชา กิจกรรมองค์การวิชาชีพ 1,ผลลัพธ์การเรียนรู้: ผู้เรียนอธิบายหลักการ วิเคราะห์ตัวอย่าง และปฏิบัติงานเกี่ยวกับ การจัดเวลา ได้ตามเกณฑ์,ความรู้เดิมที่ต้องใช้: ทบทวนความรู้พื้นฐานที่จำเป็นก่อนเรียน การจัดเวลา พร้อมคำถามตรวจความพร้อม,คำศัพท์สำคัญ: รวบรวมคำศัพท์หลักของ การจัดเวลา พร้อมความหมายและการใช้งานจริง,ความหมายและขอบเขต: นิยาม การจัดเวลา ขอบเขตงาน และสิ่งที่อยู่/ไม่อยู่ในขอบเขต,หลักการสำคัญ: แจกแจงหลักการสำคัญของ การจัดเวลา เป็นข้อ ๆ พร้อมเหตุผล,องค์ประกอบ/โครงสร้าง: แสดงองค์ประกอบหลัก ความสัมพันธ์ และลำดับการทำงานของ การจัดเวลา,ขั้นตอนการทำงาน 1: เริ่มต้นงาน การจัดเวลา: การเตรียมข้อมูล เครื่องมือ และเงื่อนไขก่อนทำ,ขั้นตอนการทำงาน 2: ขั้นดำเนินงานหลักของ การจัดเวลา พร้อมจุดตรวจสอบระหว่างทาง,ขั้นตอนการทำงาน 3: ขั้นตรวจผล บันทึกผล และส่งมอบงานของ การจัดเวลา,ตัวอย่างที่ถูกต้อง: ตัวอย่างการประยุกต์ การจัดเวลา ที่ถูกต้อง พร้อมอธิบายเหตุผลทีละส่วน,ตัวอย่างที่ผิดและเหตุผล: ตัวอย่างข้อผิดพลาดของ การจัดเวลา วิเคราะห์สาเหตุและผลกระทบ,สาธิต/กรณีตัวอย่าง: กรณีศึกษาจากสถานการณ์จริงหรือจำลองเกี่ยวกับ การจัดเวลา,ข้อผิดพลาดที่พบบ่อย: รวบรวม Common Mistake ของ การจัดเวลา และสัญญาณที่ใช้สังเกต,แนวทางแก้ปัญหา: Troubleshooting แบบเป็นลำดับสำหรับปัญหาที่เกิดระหว่างทำ การจัดเวลา,ความปลอดภัย/จริยธรรม: ข้อควรระวัง ความปลอดภัย กฎหมาย หรือจริยธรรมที่เกี่ยวข้องกับ การจัดเวลา,ภารกิจฝึกปฏิบัติ: กิจกรรมลงมือทำเกี่ยวกับ การจัดเวลา ให้ผู้เรียนสร้างหลักฐานผลงาน,ใบงานประจำหน่วย: อธิบายใบงานของหน่วย การจัดเวลา: เป้าหมาย งานที่ต้องส่ง รูปแบบ และกำหนดตรวจ,เกณฑ์ประเมินและสรุป: Rubric ประเมินความถูกต้อง กระบวนการ คุณภาพงาน และสรุป Key Takeaway ของ การจัดเวลา,คำถามทบทวนและคิดวิเคราะห์: คำถามทบทวน 3–5 ข้อและคำถามคิดวิเคราะห์ที่เชื่อม การจัดเวลา กับสถานการณ์จริง
20000-2004,กิจกรรมองค์การวิชาชีพ 1,10,การบริการชุมชน,1) อธิบาย การบริการชุมชน ได้ 2) วิเคราะห์/เลือกวิธีที่เหมาะสมได้ 3) ปฏิบัติงานหรือสร้างชิ้นงานเกี่ยวกับ การบริการชุมชน ได้ 4) ตรวจสอบและสะท้อนผลการทำงานได้,ใบงานหน่วยที่ 10: การบริการชุมชน,ภารกิจ 1 อธิบายแนวคิดหลักของ การบริการชุมชน; ภารกิจ 2 วิเคราะห์ตัวอย่าง; ภารกิจ 3 ลงมือปฏิบัติ/สร้างชิ้นงาน; ภารกิจ 4 ตรวจข้อผิดพลาด; ภารกิจ 5 สรุปสิ่งที่เรียนรู้และแนบหลักฐาน,ชื่อหน่วยและภาพรวม: อธิบายภาพรวมของ การบริการชุมชน และความเชื่อมโยงกับรายวิชา กิจกรรมองค์การวิชาชีพ 1,ผลลัพธ์การเรียนรู้: ผู้เรียนอธิบายหลักการ วิเคราะห์ตัวอย่าง และปฏิบัติงานเกี่ยวกับ การบริการชุมชน ได้ตามเกณฑ์,ความรู้เดิมที่ต้องใช้: ทบทวนความรู้พื้นฐานที่จำเป็นก่อนเรียน การบริการชุมชน พร้อมคำถามตรวจความพร้อม,คำศัพท์สำคัญ: รวบรวมคำศัพท์หลักของ การบริการชุมชน พร้อมความหมายและการใช้งานจริง,ความหมายและขอบเขต: นิยาม การบริการชุมชน ขอบเขตงาน และสิ่งที่อยู่/ไม่อยู่ในขอบเขต,หลักการสำคัญ: แจกแจงหลักการสำคัญของ การบริการชุมชน เป็นข้อ ๆ พร้อมเหตุผล,องค์ประกอบ/โครงสร้าง: แสดงองค์ประกอบหลัก ความสัมพันธ์ และลำดับการทำงานของ การบริการชุมชน,ขั้นตอนการทำงาน 1: เริ่มต้นงาน การบริการชุมชน: การเตรียมข้อมูล เครื่องมือ และเงื่อนไขก่อนทำ,ขั้นตอนการทำงาน 2: ขั้นดำเนินงานหลักของ การบริการชุมชน พร้อมจุดตรวจสอบระหว่างทาง,ขั้นตอนการทำงาน 3: ขั้นตรวจผล บันทึกผล และส่งมอบงานของ การบริการชุมชน,ตัวอย่างที่ถูกต้อง: ตัวอย่างการประยุกต์ การบริการชุมชน ที่ถูกต้อง พร้อมอธิบายเหตุผลทีละส่วน,ตัวอย่างที่ผิดและเหตุผล: ตัวอย่างข้อผิดพลาดของ การบริการชุมชน วิเคราะห์สาเหตุและผลกระทบ,สาธิต/กรณีตัวอย่าง: กรณีศึกษาจากสถานการณ์จริงหรือจำลองเกี่ยวกับ การบริการชุมชน,ข้อผิดพลาดที่พบบ่อย: รวบรวม Common Mistake ของ การบริการชุมชน และสัญญาณที่ใช้สังเกต,แนวทางแก้ปัญหา: Troubleshooting แบบเป็นลำดับสำหรับปัญหาที่เกิดระหว่างทำ การบริการชุมชน,ความปลอดภัย/จริยธรรม: ข้อควรระวัง ความปลอดภัย กฎหมาย หรือจริยธรรมที่เกี่ยวข้องกับ การบริการชุมชน,ภารกิจฝึกปฏิบัติ: กิจกรรมลงมือทำเกี่ยวกับ การบริการชุมชน ให้ผู้เรียนสร้างหลักฐานผลงาน,ใบงานประจำหน่วย: อธิบายใบงานของหน่วย การบริการชุมชน: เป้าหมาย งานที่ต้องส่ง รูปแบบ และกำหนดตรวจ,เกณฑ์ประเมินและสรุป: Rubric ประเมินความถูกต้อง กระบวนการ คุณภาพงาน และสรุป Key Takeaway ของ การบริการชุมชน,คำถามทบทวนและคิดวิเคราะห์: คำถามทบทวน 3–5 ข้อและคำถามคิดวิเคราะห์ที่เชื่อม การบริการชุมชน กับสถานการณ์จริง
20000-2004,กิจกรรมองค์การวิชาชีพ 1,11,จิตอาสา,1) อธิบาย จิตอาสา ได้ 2) วิเคราะห์/เลือกวิธีที่เหมาะสมได้ 3) ปฏิบัติงานหรือสร้างชิ้นงานเกี่ยวกับ จิตอาสา ได้ 4) ตรวจสอบและสะท้อนผลการทำงานได้,ใบงานหน่วยที่ 11: จิตอาสา,ภารกิจ 1 อธิบายแนวคิดหลักของ จิตอาสา; ภารกิจ 2 วิเคราะห์ตัวอย่าง; ภารกิจ 3 ลงมือปฏิบัติ/สร้างชิ้นงาน; ภารกิจ 4 ตรวจข้อผิดพลาด; ภารกิจ 5 สรุปสิ่งที่เรียนรู้และแนบหลักฐาน,ชื่อหน่วยและภาพรวม: อธิบายภาพรวมของ จิตอาสา และความเชื่อมโยงกับรายวิชา กิจกรรมองค์การวิชาชีพ 1,ผลลัพธ์การเรียนรู้: ผู้เรียนอธิบายหลักการ วิเคราะห์ตัวอย่าง และปฏิบัติงานเกี่ยวกับ จิตอาสา ได้ตามเกณฑ์,ความรู้เดิมที่ต้องใช้: ทบทวนความรู้พื้นฐานที่จำเป็นก่อนเรียน จิตอาสา พร้อมคำถามตรวจความพร้อม,คำศัพท์สำคัญ: รวบรวมคำศัพท์หลักของ จิตอาสา พร้อมความหมายและการใช้งานจริง,ความหมายและขอบเขต: นิยาม จิตอาสา ขอบเขตงาน และสิ่งที่อยู่/ไม่อยู่ในขอบเขต,หลักการสำคัญ: แจกแจงหลักการสำคัญของ จิตอาสา เป็นข้อ ๆ พร้อมเหตุผล,องค์ประกอบ/โครงสร้าง: แสดงองค์ประกอบหลัก ความสัมพันธ์ และลำดับการทำงานของ จิตอาสา,ขั้นตอนการทำงาน 1: เริ่มต้นงาน จิตอาสา: การเตรียมข้อมูล เครื่องมือ และเงื่อนไขก่อนทำ,ขั้นตอนการทำงาน 2: ขั้นดำเนินงานหลักของ จิตอาสา พร้อมจุดตรวจสอบระหว่างทาง,ขั้นตอนการทำงาน 3: ขั้นตรวจผล บันทึกผล และส่งมอบงานของ จิตอาสา,ตัวอย่างที่ถูกต้อง: ตัวอย่างการประยุกต์ จิตอาสา ที่ถูกต้อง พร้อมอธิบายเหตุผลทีละส่วน,ตัวอย่างที่ผิดและเหตุผล: ตัวอย่างข้อผิดพลาดของ จิตอาสา วิเคราะห์สาเหตุและผลกระทบ,สาธิต/กรณีตัวอย่าง: กรณีศึกษาจากสถานการณ์จริงหรือจำลองเกี่ยวกับ จิตอาสา,ข้อผิดพลาดที่พบบ่อย: รวบรวม Common Mistake ของ จิตอาสา และสัญญาณที่ใช้สังเกต,แนวทางแก้ปัญหา: Troubleshooting แบบเป็นลำดับสำหรับปัญหาที่เกิดระหว่างทำ จิตอาสา,ความปลอดภัย/จริยธรรม: ข้อควรระวัง ความปลอดภัย กฎหมาย หรือจริยธรรมที่เกี่ยวข้องกับ จิตอาสา,ภารกิจฝึกปฏิบัติ: กิจกรรมลงมือทำเกี่ยวกับ จิตอาสา ให้ผู้เรียนสร้างหลักฐานผลงาน,ใบงานประจำหน่วย: อธิบายใบงานของหน่วย จิตอาสา: เป้าหมาย งานที่ต้องส่ง รูปแบบ และกำหนดตรวจ,เกณฑ์ประเมินและสรุป: Rubric ประเมินความถูกต้อง กระบวนการ คุณภาพงาน และสรุป Key Takeaway ของ จิตอาสา,คำถามทบทวนและคิดวิเคราะห์: คำถามทบทวน 3–5 ข้อและคำถามคิดวิเคราะห์ที่เชื่อม จิตอาสา กับสถานการณ์จริง
20000-2004,กิจกรรมองค์การวิชาชีพ 1,12,การแก้ปัญหาในทีม,1) อธิบาย การแก้ปัญหาในทีม ได้ 2) วิเคราะห์/เลือกวิธีที่เหมาะสมได้ 3) ปฏิบัติงานหรือสร้างชิ้นงานเกี่ยวกับ การแก้ปัญหาในทีม ได้ 4) ตรวจสอบและสะท้อนผลการทำงานได้,ใบงานหน่วยที่ 12: การแก้ปัญหาในทีม,ภารกิจ 1 อธิบายแนวคิดหลักของ การแก้ปัญหาในทีม; ภารกิจ 2 วิเคราะห์ตัวอย่าง; ภารกิจ 3 ลงมือปฏิบัติ/สร้างชิ้นงาน; ภารกิจ 4 ตรวจข้อผิดพลาด; ภารกิจ 5 สรุปสิ่งที่เรียนรู้และแนบหลักฐาน,ชื่อหน่วยและภาพรวม: อธิบายภาพรวมของ การแก้ปัญหาในทีม และความเชื่อมโยงกับรายวิชา กิจกรรมองค์การวิชาชีพ 1,ผลลัพธ์การเรียนรู้: ผู้เรียนอธิบายหลักการ วิเคราะห์ตัวอย่าง และปฏิบัติงานเกี่ยวกับ การแก้ปัญหาในทีม ได้ตามเกณฑ์,ความรู้เดิมที่ต้องใช้: ทบทวนความรู้พื้นฐานที่จำเป็นก่อนเรียน การแก้ปัญหาในทีม พร้อมคำถามตรวจความพร้อม,คำศัพท์สำคัญ: รวบรวมคำศัพท์หลักของ การแก้ปัญหาในทีม พร้อมความหมายและการใช้งานจริง,ความหมายและขอบเขต: นิยาม การแก้ปัญหาในทีม ขอบเขตงาน และสิ่งที่อยู่/ไม่อยู่ในขอบเขต,หลักการสำคัญ: แจกแจงหลักการสำคัญของ การแก้ปัญหาในทีม เป็นข้อ ๆ พร้อมเหตุผล,องค์ประกอบ/โครงสร้าง: แสดงองค์ประกอบหลัก ความสัมพันธ์ และลำดับการทำงานของ การแก้ปัญหาในทีม,ขั้นตอนการทำงาน 1: เริ่มต้นงาน การแก้ปัญหาในทีม: การเตรียมข้อมูล เครื่องมือ และเงื่อนไขก่อนทำ,ขั้นตอนการทำงาน 2: ขั้นดำเนินงานหลักของ การแก้ปัญหาในทีม พร้อมจุดตรวจสอบระหว่างทาง,ขั้นตอนการทำงาน 3: ขั้นตรวจผล บันทึกผล และส่งมอบงานของ การแก้ปัญหาในทีม,ตัวอย่างที่ถูกต้อง: ตัวอย่างการประยุกต์ การแก้ปัญหาในทีม ที่ถูกต้อง พร้อมอธิบายเหตุผลทีละส่วน,ตัวอย่างที่ผิดและเหตุผล: ตัวอย่างข้อผิดพลาดของ การแก้ปัญหาในทีม วิเคราะห์สาเหตุและผลกระทบ,สาธิต/กรณีตัวอย่าง: กรณีศึกษาจากสถานการณ์จริงหรือจำลองเกี่ยวกับ การแก้ปัญหาในทีม,ข้อผิดพลาดที่พบบ่อย: รวบรวม Common Mistake ของ การแก้ปัญหาในทีม และสัญญาณที่ใช้สังเกต,แนวทางแก้ปัญหา: Troubleshooting แบบเป็นลำดับสำหรับปัญหาที่เกิดระหว่างทำ การแก้ปัญหาในทีม,ความปลอดภัย/จริยธรรม: ข้อควรระวัง ความปลอดภัย กฎหมาย หรือจริยธรรมที่เกี่ยวข้องกับ การแก้ปัญหาในทีม,ภารกิจฝึกปฏิบัติ: กิจกรรมลงมือทำเกี่ยวกับ การแก้ปัญหาในทีม ให้ผู้เรียนสร้างหลักฐานผลงาน,ใบงานประจำหน่วย: อธิบายใบงานของหน่วย การแก้ปัญหาในทีม: เป้าหมาย งานที่ต้องส่ง รูปแบบ และกำหนดตรวจ,เกณฑ์ประเมินและสรุป: Rubric ประเมินความถูกต้อง กระบวนการ คุณภาพงาน และสรุป Key Takeaway ของ การแก้ปัญหาในทีม,คำถามทบทวนและคิดวิเคราะห์: คำถามทบทวน 3–5 ข้อและคำถามคิดวิเคราะห์ที่เชื่อม การแก้ปัญหาในทีม กับสถานการณ์จริง
20000-2004,กิจกรรมองค์การวิชาชีพ 1,13,ภาวะผู้นำเบื้องต้น,1) อธิบาย ภาวะผู้นำเบื้องต้น ได้ 2) วิเคราะห์/เลือกวิธีที่เหมาะสมได้ 3) ปฏิบัติงานหรือสร้างชิ้นงานเกี่ยวกับ ภาวะผู้นำเบื้องต้น ได้ 4) ตรวจสอบและสะท้อนผลการทำงานได้,ใบงานหน่วยที่ 13: ภาวะผู้นำเบื้องต้น,ภารกิจ 1 อธิบายแนวคิดหลักของ ภาวะผู้นำเบื้องต้น; ภารกิจ 2 วิเคราะห์ตัวอย่าง; ภารกิจ 3 ลงมือปฏิบัติ/สร้างชิ้นงาน; ภารกิจ 4 ตรวจข้อผิดพลาด; ภารกิจ 5 สรุปสิ่งที่เรียนรู้และแนบหลักฐาน,ชื่อหน่วยและภาพรวม: อธิบายภาพรวมของ ภาวะผู้นำเบื้องต้น และความเชื่อมโยงกับรายวิชา กิจกรรมองค์การวิชาชีพ 1,ผลลัพธ์การเรียนรู้: ผู้เรียนอธิบายหลักการ วิเคราะห์ตัวอย่าง และปฏิบัติงานเกี่ยวกับ ภาวะผู้นำเบื้องต้น ได้ตามเกณฑ์,ความรู้เดิมที่ต้องใช้: ทบทวนความรู้พื้นฐานที่จำเป็นก่อนเรียน ภาวะผู้นำเบื้องต้น พร้อมคำถามตรวจความพร้อม,คำศัพท์สำคัญ: รวบรวมคำศัพท์หลักของ ภาวะผู้นำเบื้องต้น พร้อมความหมายและการใช้งานจริง,ความหมายและขอบเขต: นิยาม ภาวะผู้นำเบื้องต้น ขอบเขตงาน และสิ่งที่อยู่/ไม่อยู่ในขอบเขต,หลักการสำคัญ: แจกแจงหลักการสำคัญของ ภาวะผู้นำเบื้องต้น เป็นข้อ ๆ พร้อมเหตุผล,องค์ประกอบ/โครงสร้าง: แสดงองค์ประกอบหลัก ความสัมพันธ์ และลำดับการทำงานของ ภาวะผู้นำเบื้องต้น,ขั้นตอนการทำงาน 1: เริ่มต้นงาน ภาวะผู้นำเบื้องต้น: การเตรียมข้อมูล เครื่องมือ และเงื่อนไขก่อนทำ,ขั้นตอนการทำงาน 2: ขั้นดำเนินงานหลักของ ภาวะผู้นำเบื้องต้น พร้อมจุดตรวจสอบระหว่างทาง,ขั้นตอนการทำงาน 3: ขั้นตรวจผล บันทึกผล และส่งมอบงานของ ภาวะผู้นำเบื้องต้น,ตัวอย่างที่ถูกต้อง: ตัวอย่างการประยุกต์ ภาวะผู้นำเบื้องต้น ที่ถูกต้อง พร้อมอธิบายเหตุผลทีละส่วน,ตัวอย่างที่ผิดและเหตุผล: ตัวอย่างข้อผิดพลาดของ ภาวะผู้นำเบื้องต้น วิเคราะห์สาเหตุและผลกระทบ,สาธิต/กรณีตัวอย่าง: กรณีศึกษาจากสถานการณ์จริงหรือจำลองเกี่ยวกับ ภาวะผู้นำเบื้องต้น,ข้อผิดพลาดที่พบบ่อย: รวบรวม Common Mistake ของ ภาวะผู้นำเบื้องต้น และสัญญาณที่ใช้สังเกต,แนวทางแก้ปัญหา: Troubleshooting แบบเป็นลำดับสำหรับปัญหาที่เกิดระหว่างทำ ภาวะผู้นำเบื้องต้น,ความปลอดภัย/จริยธรรม: ข้อควรระวัง ความปลอดภัย กฎหมาย หรือจริยธรรมที่เกี่ยวข้องกับ ภาวะผู้นำเบื้องต้น,ภารกิจฝึกปฏิบัติ: กิจกรรมลงมือทำเกี่ยวกับ ภาวะผู้นำเบื้องต้น ให้ผู้เรียนสร้างหลักฐานผลงาน,ใบงานประจำหน่วย: อธิบายใบงานของหน่วย ภาวะผู้นำเบื้องต้น: เป้าหมาย งานที่ต้องส่ง รูปแบบ และกำหนดตรวจ,เกณฑ์ประเมินและสรุป: Rubric ประเมินความถูกต้อง กระบวนการ คุณภาพงาน และสรุป Key Takeaway ของ ภาวะผู้นำเบื้องต้น,คำถามทบทวนและคิดวิเคราะห์: คำถามทบทวน 3–5 ข้อและคำถามคิดวิเคราะห์ที่เชื่อม ภาวะผู้นำเบื้องต้น กับสถานการณ์จริง
20000-2004,กิจกรรมองค์การวิชาชีพ 1,14,การบันทึกกิจกรรม,1) อธิบาย การบันทึกกิจกรรม ได้ 2) วิเคราะห์/เลือกวิธีที่เหมาะสมได้ 3) ปฏิบัติงานหรือสร้างชิ้นงานเกี่ยวกับ การบันทึกกิจกรรม ได้ 4) ตรวจสอบและสะท้อนผลการทำงานได้,ใบงานหน่วยที่ 14: การบันทึกกิจกรรม,ภารกิจ 1 อธิบายแนวคิดหลักของ การบันทึกกิจกรรม; ภารกิจ 2 วิเคราะห์ตัวอย่าง; ภารกิจ 3 ลงมือปฏิบัติ/สร้างชิ้นงาน; ภารกิจ 4 ตรวจข้อผิดพลาด; ภารกิจ 5 สรุปสิ่งที่เรียนรู้และแนบหลักฐาน,ชื่อหน่วยและภาพรวม: อธิบายภาพรวมของ การบันทึกกิจกรรม และความเชื่อมโยงกับรายวิชา กิจกรรมองค์การวิชาชีพ 1,ผลลัพธ์การเรียนรู้: ผู้เรียนอธิบายหลักการ วิเคราะห์ตัวอย่าง และปฏิบัติงานเกี่ยวกับ การบันทึกกิจกรรม ได้ตามเกณฑ์,ความรู้เดิมที่ต้องใช้: ทบทวนความรู้พื้นฐานที่จำเป็นก่อนเรียน การบันทึกกิจกรรม พร้อมคำถามตรวจความพร้อม,คำศัพท์สำคัญ: รวบรวมคำศัพท์หลักของ การบันทึกกิจกรรม พร้อมความหมายและการใช้งานจริง,ความหมายและขอบเขต: นิยาม การบันทึกกิจกรรม ขอบเขตงาน และสิ่งที่อยู่/ไม่อยู่ในขอบเขต,หลักการสำคัญ: แจกแจงหลักการสำคัญของ การบันทึกกิจกรรม เป็นข้อ ๆ พร้อมเหตุผล,องค์ประกอบ/โครงสร้าง: แสดงองค์ประกอบหลัก ความสัมพันธ์ และลำดับการทำงานของ การบันทึกกิจกรรม,ขั้นตอนการทำงาน 1: เริ่มต้นงาน การบันทึกกิจกรรม: การเตรียมข้อมูล เครื่องมือ และเงื่อนไขก่อนทำ,ขั้นตอนการทำงาน 2: ขั้นดำเนินงานหลักของ การบันทึกกิจกรรม พร้อมจุดตรวจสอบระหว่างทาง,ขั้นตอนการทำงาน 3: ขั้นตรวจผล บันทึกผล และส่งมอบงานของ การบันทึกกิจกรรม,ตัวอย่างที่ถูกต้อง: ตัวอย่างการประยุกต์ การบันทึกกิจกรรม ที่ถูกต้อง พร้อมอธิบายเหตุผลทีละส่วน,ตัวอย่างที่ผิดและเหตุผล: ตัวอย่างข้อผิดพลาดของ การบันทึกกิจกรรม วิเคราะห์สาเหตุและผลกระทบ,สาธิต/กรณีตัวอย่าง: กรณีศึกษาจากสถานการณ์จริงหรือจำลองเกี่ยวกับ การบันทึกกิจกรรม,ข้อผิดพลาดที่พบบ่อย: รวบรวม Common Mistake ของ การบันทึกกิจกรรม และสัญญาณที่ใช้สังเกต,แนวทางแก้ปัญหา: Troubleshooting แบบเป็นลำดับสำหรับปัญหาที่เกิดระหว่างทำ การบันทึกกิจกรรม,ความปลอดภัย/จริยธรรม: ข้อควรระวัง ความปลอดภัย กฎหมาย หรือจริยธรรมที่เกี่ยวข้องกับ การบันทึกกิจกรรม,ภารกิจฝึกปฏิบัติ: กิจกรรมลงมือทำเกี่ยวกับ การบันทึกกิจกรรม ให้ผู้เรียนสร้างหลักฐานผลงาน,ใบงานประจำหน่วย: อธิบายใบงานของหน่วย การบันทึกกิจกรรม: เป้าหมาย งานที่ต้องส่ง รูปแบบ และกำหนดตรวจ,เกณฑ์ประเมินและสรุป: Rubric ประเมินความถูกต้อง กระบวนการ คุณภาพงาน และสรุป Key Takeaway ของ การบันทึกกิจกรรม,คำถามทบทวนและคิดวิเคราะห์: คำถามทบทวน 3–5 ข้อและคำถามคิดวิเคราะห์ที่เชื่อม การบันทึกกิจกรรม กับสถานการณ์จริง
20000-2004,กิจกรรมองค์การวิชาชีพ 1,15,การประเมินตนเอง,1) อธิบาย การประเมินตนเอง ได้ 2) วิเคราะห์/เลือกวิธีที่เหมาะสมได้ 3) ปฏิบัติงานหรือสร้างชิ้นงานเกี่ยวกับ การประเมินตนเอง ได้ 4) ตรวจสอบและสะท้อนผลการทำงานได้,ใบงานหน่วยที่ 15: การประเมินตนเอง,ภารกิจ 1 อธิบายแนวคิดหลักของ การประเมินตนเอง; ภารกิจ 2 วิเคราะห์ตัวอย่าง; ภารกิจ 3 ลงมือปฏิบัติ/สร้างชิ้นงาน; ภารกิจ 4 ตรวจข้อผิดพลาด; ภารกิจ 5 สรุปสิ่งที่เรียนรู้และแนบหลักฐาน,ชื่อหน่วยและภาพรวม: อธิบายภาพรวมของ การประเมินตนเอง และความเชื่อมโยงกับรายวิชา กิจกรรมองค์การวิชาชีพ 1,ผลลัพธ์การเรียนรู้: ผู้เรียนอธิบายหลักการ วิเคราะห์ตัวอย่าง และปฏิบัติงานเกี่ยวกับ การประเมินตนเอง ได้ตามเกณฑ์,ความรู้เดิมที่ต้องใช้: ทบทวนความรู้พื้นฐานที่จำเป็นก่อนเรียน การประเมินตนเอง พร้อมคำถามตรวจความพร้อม,คำศัพท์สำคัญ: รวบรวมคำศัพท์หลักของ การประเมินตนเอง พร้อมความหมายและการใช้งานจริง,ความหมายและขอบเขต: นิยาม การประเมินตนเอง ขอบเขตงาน และสิ่งที่อยู่/ไม่อยู่ในขอบเขต,หลักการสำคัญ: แจกแจงหลักการสำคัญของ การประเมินตนเอง เป็นข้อ ๆ พร้อมเหตุผล,องค์ประกอบ/โครงสร้าง: แสดงองค์ประกอบหลัก ความสัมพันธ์ และลำดับการทำงานของ การประเมินตนเอง,ขั้นตอนการทำงาน 1: เริ่มต้นงาน การประเมินตนเอง: การเตรียมข้อมูล เครื่องมือ และเงื่อนไขก่อนทำ,ขั้นตอนการทำงาน 2: ขั้นดำเนินงานหลักของ การประเมินตนเอง พร้อมจุดตรวจสอบระหว่างทาง,ขั้นตอนการทำงาน 3: ขั้นตรวจผล บันทึกผล และส่งมอบงานของ การประเมินตนเอง,ตัวอย่างที่ถูกต้อง: ตัวอย่างการประยุกต์ การประเมินตนเอง ที่ถูกต้อง พร้อมอธิบายเหตุผลทีละส่วน,ตัวอย่างที่ผิดและเหตุผล: ตัวอย่างข้อผิดพลาดของ การประเมินตนเอง วิเคราะห์สาเหตุและผลกระทบ,สาธิต/กรณีตัวอย่าง: กรณีศึกษาจากสถานการณ์จริงหรือจำลองเกี่ยวกับ การประเมินตนเอง,ข้อผิดพลาดที่พบบ่อย: รวบรวม Common Mistake ของ การประเมินตนเอง และสัญญาณที่ใช้สังเกต,แนวทางแก้ปัญหา: Troubleshooting แบบเป็นลำดับสำหรับปัญหาที่เกิดระหว่างทำ การประเมินตนเอง,ความปลอดภัย/จริยธรรม: ข้อควรระวัง ความปลอดภัย กฎหมาย หรือจริยธรรมที่เกี่ยวข้องกับ การประเมินตนเอง,ภารกิจฝึกปฏิบัติ: กิจกรรมลงมือทำเกี่ยวกับ การประเมินตนเอง ให้ผู้เรียนสร้างหลักฐานผลงาน,ใบงานประจำหน่วย: อธิบายใบงานของหน่วย การประเมินตนเอง: เป้าหมาย งานที่ต้องส่ง รูปแบบ และกำหนดตรวจ,เกณฑ์ประเมินและสรุป: Rubric ประเมินความถูกต้อง กระบวนการ คุณภาพงาน และสรุป Key Takeaway ของ การประเมินตนเอง,คำถามทบทวนและคิดวิเคราะห์: คำถามทบทวน 3–5 ข้อและคำถามคิดวิเคราะห์ที่เชื่อม การประเมินตนเอง กับสถานการณ์จริง
20000-2004,กิจกรรมองค์การวิชาชีพ 1,16,การนำเสนอผลงาน,1) อธิบาย การนำเสนอผลงาน ได้ 2) วิเคราะห์/เลือกวิธีที่เหมาะสมได้ 3) ปฏิบัติงานหรือสร้างชิ้นงานเกี่ยวกับ การนำเสนอผลงาน ได้ 4) ตรวจสอบและสะท้อนผลการทำงานได้,ใบงานหน่วยที่ 16: การนำเสนอผลงาน,ภารกิจ 1 อธิบายแนวคิดหลักของ การนำเสนอผลงาน; ภารกิจ 2 วิเคราะห์ตัวอย่าง; ภารกิจ 3 ลงมือปฏิบัติ/สร้างชิ้นงาน; ภารกิจ 4 ตรวจข้อผิดพลาด; ภารกิจ 5 สรุปสิ่งที่เรียนรู้และแนบหลักฐาน,ชื่อหน่วยและภาพรวม: อธิบายภาพรวมของ การนำเสนอผลงาน และความเชื่อมโยงกับรายวิชา กิจกรรมองค์การวิชาชีพ 1,ผลลัพธ์การเรียนรู้: ผู้เรียนอธิบายหลักการ วิเคราะห์ตัวอย่าง และปฏิบัติงานเกี่ยวกับ การนำเสนอผลงาน ได้ตามเกณฑ์,ความรู้เดิมที่ต้องใช้: ทบทวนความรู้พื้นฐานที่จำเป็นก่อนเรียน การนำเสนอผลงาน พร้อมคำถามตรวจความพร้อม,คำศัพท์สำคัญ: รวบรวมคำศัพท์หลักของ การนำเสนอผลงาน พร้อมความหมายและการใช้งานจริง,ความหมายและขอบเขต: นิยาม การนำเสนอผลงาน ขอบเขตงาน และสิ่งที่อยู่/ไม่อยู่ในขอบเขต,หลักการสำคัญ: แจกแจงหลักการสำคัญของ การนำเสนอผลงาน เป็นข้อ ๆ พร้อมเหตุผล,องค์ประกอบ/โครงสร้าง: แสดงองค์ประกอบหลัก ความสัมพันธ์ และลำดับการทำงานของ การนำเสนอผลงาน,ขั้นตอนการทำงาน 1: เริ่มต้นงาน การนำเสนอผลงาน: การเตรียมข้อมูล เครื่องมือ และเงื่อนไขก่อนทำ,ขั้นตอนการทำงาน 2: ขั้นดำเนินงานหลักของ การนำเสนอผลงาน พร้อมจุดตรวจสอบระหว่างทาง,ขั้นตอนการทำงาน 3: ขั้นตรวจผล บันทึกผล และส่งมอบงานของ การนำเสนอผลงาน,ตัวอย่างที่ถูกต้อง: ตัวอย่างการประยุกต์ การนำเสนอผลงาน ที่ถูกต้อง พร้อมอธิบายเหตุผลทีละส่วน,ตัวอย่างที่ผิดและเหตุผล: ตัวอย่างข้อผิดพลาดของ การนำเสนอผลงาน วิเคราะห์สาเหตุและผลกระทบ,สาธิต/กรณีตัวอย่าง: กรณีศึกษาจากสถานการณ์จริงหรือจำลองเกี่ยวกับ การนำเสนอผลงาน,ข้อผิดพลาดที่พบบ่อย: รวบรวม Common Mistake ของ การนำเสนอผลงาน และสัญญาณที่ใช้สังเกต,แนวทางแก้ปัญหา: Troubleshooting แบบเป็นลำดับสำหรับปัญหาที่เกิดระหว่างทำ การนำเสนอผลงาน,ความปลอดภัย/จริยธรรม: ข้อควรระวัง ความปลอดภัย กฎหมาย หรือจริยธรรมที่เกี่ยวข้องกับ การนำเสนอผลงาน,ภารกิจฝึกปฏิบัติ: กิจกรรมลงมือทำเกี่ยวกับ การนำเสนอผลงาน ให้ผู้เรียนสร้างหลักฐานผลงาน,ใบงานประจำหน่วย: อธิบายใบงานของหน่วย การนำเสนอผลงาน: เป้าหมาย งานที่ต้องส่ง รูปแบบ และกำหนดตรวจ,เกณฑ์ประเมินและสรุป: Rubric ประเมินความถูกต้อง กระบวนการ คุณภาพงาน และสรุป Key Takeaway ของ การนำเสนอผลงาน,คำถามทบทวนและคิดวิเคราะห์: คำถามทบทวน 3–5 ข้อและคำถามคิดวิเคราะห์ที่เชื่อม การนำเสนอผลงาน กับสถานการณ์จริง
20000-2004,กิจกรรมองค์การวิชาชีพ 1,17,สรุปกิจกรรมภาคเรียน,1) อธิบาย สรุปกิจกรรมภาคเรียน ได้ 2) วิเคราะห์/เลือกวิธีที่เหมาะสมได้ 3) ปฏิบัติงานหรือสร้างชิ้นงานเกี่ยวกับ สรุปกิจกรรมภาคเรียน ได้ 4) ตรวจสอบและสะท้อนผลการทำงานได้,ใบงานหน่วยที่ 17: สรุปกิจกรรมภาคเรียน,ภารกิจ 1 อธิบายแนวคิดหลักของ สรุปกิจกรรมภาคเรียน; ภารกิจ 2 วิเคราะห์ตัวอย่าง; ภารกิจ 3 ลงมือปฏิบัติ/สร้างชิ้นงาน; ภารกิจ 4 ตรวจข้อผิดพลาด; ภารกิจ 5 สรุปสิ่งที่เรียนรู้และแนบหลักฐาน,ชื่อหน่วยและภาพรวม: อธิบายภาพรวมของ สรุปกิจกรรมภาคเรียน และความเชื่อมโยงกับรายวิชา กิจกรรมองค์การวิชาชีพ 1,ผลลัพธ์การเรียนรู้: ผู้เรียนอธิบายหลักการ วิเคราะห์ตัวอย่าง และปฏิบัติงานเกี่ยวกับ สรุปกิจกรรมภาคเรียน ได้ตามเกณฑ์,ความรู้เดิมที่ต้องใช้: ทบทวนความรู้พื้นฐานที่จำเป็นก่อนเรียน สรุปกิจกรรมภาคเรียน พร้อมคำถามตรวจความพร้อม,คำศัพท์สำคัญ: รวบรวมคำศัพท์หลักของ สรุปกิจกรรมภาคเรียน พร้อมความหมายและการใช้งานจริง,ความหมายและขอบเขต: นิยาม สรุปกิจกรรมภาคเรียน ขอบเขตงาน และสิ่งที่อยู่/ไม่อยู่ในขอบเขต,หลักการสำคัญ: แจกแจงหลักการสำคัญของ สรุปกิจกรรมภาคเรียน เป็นข้อ ๆ พร้อมเหตุผล,องค์ประกอบ/โครงสร้าง: แสดงองค์ประกอบหลัก ความสัมพันธ์ และลำดับการทำงานของ สรุปกิจกรรมภาคเรียน,ขั้นตอนการทำงาน 1: เริ่มต้นงาน สรุปกิจกรรมภาคเรียน: การเตรียมข้อมูล เครื่องมือ และเงื่อนไขก่อนทำ,ขั้นตอนการทำงาน 2: ขั้นดำเนินงานหลักของ สรุปกิจกรรมภาคเรียน พร้อมจุดตรวจสอบระหว่างทาง,ขั้นตอนการทำงาน 3: ขั้นตรวจผล บันทึกผล และส่งมอบงานของ สรุปกิจกรรมภาคเรียน,ตัวอย่างที่ถูกต้อง: ตัวอย่างการประยุกต์ สรุปกิจกรรมภาคเรียน ที่ถูกต้อง พร้อมอธิบายเหตุผลทีละส่วน,ตัวอย่างที่ผิดและเหตุผล: ตัวอย่างข้อผิดพลาดของ สรุปกิจกรรมภาคเรียน วิเคราะห์สาเหตุและผลกระทบ,สาธิต/กรณีตัวอย่าง: กรณีศึกษาจากสถานการณ์จริงหรือจำลองเกี่ยวกับ สรุปกิจกรรมภาคเรียน,ข้อผิดพลาดที่พบบ่อย: รวบรวม Common Mistake ของ สรุปกิจกรรมภาคเรียน และสัญญาณที่ใช้สังเกต,แนวทางแก้ปัญหา: Troubleshooting แบบเป็นลำดับสำหรับปัญหาที่เกิดระหว่างทำ สรุปกิจกรรมภาคเรียน,ความปลอดภัย/จริยธรรม: ข้อควรระวัง ความปลอดภัย กฎหมาย หรือจริยธรรมที่เกี่ยวข้องกับ สรุปกิจกรรมภาคเรียน,ภารกิจฝึกปฏิบัติ: กิจกรรมลงมือทำเกี่ยวกับ สรุปกิจกรรมภาคเรียน ให้ผู้เรียนสร้างหลักฐานผลงาน,ใบงานประจำหน่วย: อธิบายใบงานของหน่วย สรุปกิจกรรมภาคเรียน: เป้าหมาย งานที่ต้องส่ง รูปแบบ และกำหนดตรวจ,เกณฑ์ประเมินและสรุป: Rubric ประเมินความถูกต้อง กระบวนการ คุณภาพงาน และสรุป Key Takeaway ของ สรุปกิจกรรมภาคเรียน,คำถามทบทวนและคิดวิเคราะห์: คำถามทบทวน 3–5 ข้อและคำถามคิดวิเคราะห์ที่เชื่อม สรุปกิจกรรมภาคเรียน กับสถานการณ์จริง
